ISO-10303-21;
HEADER;
/* Generated by software containing ST-Developer
 * from STEP Tools, Inc. (www.steptools.com) 
 */
/* OPTION: using custom renumber hook */

FILE_DESCRIPTION(
/* description */ ('STEP AP242 Edition 2',
'CAx-IF Rec.Pracs.---Representation and Presentation of Product Manufa
cturing Information (PMI)---4.0---2014-10-13',
'CAx-IF Rec.Pracs.---3D Tessellated Geometry---0.4---2014-09-14','2;1',
'CAx-IF Rec.Pracs.---User Defined Attributes---1.5---2016-08-15'),
/* implementation_level */ '2;1');

FILE_NAME(
/* name */ '6a9878b14ce07a8e8c4a56c9',
/* time_stamp */ '2026-09-02T19:27:45Z',
/* author */ (''),
/* organization */ (''),
/* preprocessor_version */ 'ST-DEVELOPER v20',
/* originating_system */ 'ONSHAPE BY PTC INC, 1.220',
/* authorisation */ '  ');

FILE_SCHEMA (('AP242_MANAGED_MODEL_BASED_3D_ENGINEERING_MIM_LF { 1 0 10303 442 3 1 4 }'));
ENDSEC;

DATA;
#10=B_SPLINE_CURVE_WITH_KNOTS('',3,(#8322,#8323,#8324,#8325,#8326,#8327,
#8328,#8329,#8330,#8331,#8332),.UNSPECIFIED.,.T.,.F.,(1,1,1,1,1,1,1,1,1,
1,1,1,1,1,1),(-0.00938502368454488,-0.00625668245636325,-0.00312834122818163,
1.19702353981948E-18,0.00312834122818163,0.00625668245636325,0.00938502368454488,
0.0125133649127265,0.0156417061409081,0.0187700473690898,0.0218983885972714,
0.025026729825453,0.0281550710536346,0.0312834122818163,0.0344117535099979),
 .UNSPECIFIED.);
#11=B_SPLINE_CURVE_WITH_KNOTS('',3,(#8334,#8335,#8336,#8337,#8338,#8339,
#8340,#8341,#8342,#8343,#8344),.UNSPECIFIED.,.T.,.F.,(1,1,1,1,1,1,1,1,1,
1,1,1,1,1,1),(-0.0093850207712575,-0.00625668051417166,-0.00312834025708583,
0.,0.00312834025708583,0.00625668051417166,0.00938502077125749,0.0125133610283433,
0.0156417012854292,0.018770041542515,0.0218983817996008,0.0250267220566866,
0.0281550623137725,0.0312834025708583,0.0344117428279441),.UNSPECIFIED.);
#12=B_SPLINE_CURVE_WITH_KNOTS('',3,(#8346,#8347,#8348,#8349,#8350,#8351,
#8352,#8353,#8354,#8355,#8356),.UNSPECIFIED.,.T.,.F.,(1,1,1,1,1,1,1,1,1,
1,1,1,1,1,1),(-0.00938502077125749,-0.00625668051417166,-0.00312834025708583,
0.,0.00312834025708583,0.00625668051417166,0.00938502077125749,0.0125133610283433,
0.0156417012854292,0.018770041542515,0.0218983817996008,0.0250267220566866,
0.0281550623137725,0.0312834025708583,0.0344117428279441),.UNSPECIFIED.);
#13=B_SPLINE_CURVE_WITH_KNOTS('',3,(#8358,#8359,#8360,#8361,#8362,#8363,
#8364,#8365,#8366,#8367,#8368),.UNSPECIFIED.,.T.,.F.,(1,1,1,1,1,1,1,1,1,
1,1,1,1,1,1),(-0.00938502368454487,-0.00625668245636325,-0.00312834122818163,
1.24247345545306E-18,0.00312834122818163,0.00625668245636325,0.00938502368454487,
0.0125133649127265,0.0156417061409081,0.0187700473690897,0.0218983885972714,
0.025026729825453,0.0281550710536346,0.0312834122818162,0.0344117535099979),
 .UNSPECIFIED.);
#14=B_SPLINE_CURVE_WITH_KNOTS('',3,(#8907,#8908,#8909,#8910,#8911,#8912,
#8913,#8914,#8915,#8916,#8917,#8918,#8919,#8920,#8921,#8922,#8923,#8924,
#8925),.UNSPECIFIED.,.T.,.F.,(1,1,1,1,1,1,1,1,1,1,1,1,1,1,1,1,1,1,1,1,1,
1,1),(-0.00704677984771219,-0.00469785323180812,-0.00234892661590406,4.68638208376153E-18,
0.00234892661590407,0.00469785323180813,0.0070467798477122,0.00939570646361626,
0.0117446330795203,0.0140935596954244,0.0164424863113285,0.0187914129272325,
0.0211403395431366,0.0234892661590407,0.0258381927749447,0.0281871193908488,
0.0305360460067528,0.0328849726226569,0.035233899238561,0.037582825854465,
0.0399317524703691,0.0422806790862732,0.0446296057021772),.UNSPECIFIED.);
#15=B_SPLINE_CURVE_WITH_KNOTS('',3,(#8931,#8932,#8933,#8934,#8935,#8936,
#8937,#8938,#8939,#8940,#8941,#8942,#8943,#8944,#8945,#8946,#8947,#8948,
#8949),.UNSPECIFIED.,.T.,.F.,(1,1,1,1,1,1,1,1,1,1,1,1,1,1,1,1,1,1,1,1,1,
1,1),(-0.0070467798477122,-0.00469785323180813,-0.00234892661590407,1.92708147814874E-18,
0.00234892661590407,0.00469785323180813,0.0070467798477122,0.00939570646361626,
0.0117446330795203,0.0140935596954244,0.0164424863113285,0.0187914129272325,
0.0211403395431366,0.0234892661590407,0.0258381927749447,0.0281871193908488,
0.0305360460067528,0.0328849726226569,0.035233899238561,0.037582825854465,
0.0399317524703691,0.0422806790862732,0.0446296057021772),.UNSPECIFIED.);
#16=B_SPLINE_CURVE_WITH_KNOTS('',3,(#8957,#8958,#8959,#8960,#8961,#8962,
#8963,#8964,#8965,#8966,#8967,#8968,#8969,#8970,#8971,#8972,#8973,#8974,
#8975),.UNSPECIFIED.,.T.,.F.,(1,1,1,1,1,1,1,1,1,1,1,1,1,1,1,1,1,1,1,1,1,
1,1),(-0.00704676525833581,-0.00469784350555721,-0.0023489217527786,0.,
0.0023489217527786,0.0046978435055572,0.00704676525833581,0.00939568701111441,
0.011744608763893,0.0140935305166716,0.0164424522694502,0.0187913740222288,
0.0211402957750074,0.023489217527786,0.0258381392805646,0.0281870610333432,
0.0305359827861218,0.0328849045389004,0.035233826291679,0.0375827480444576,
0.0399316697972362,0.0422805915500148,0.0446295133027934),.UNSPECIFIED.);
#17=B_SPLINE_CURVE_WITH_KNOTS('',3,(#8981,#8982,#8983,#8984,#8985,#8986,
#8987,#8988,#8989,#8990,#8991,#8992,#8993,#8994,#8995,#8996,#8997,#8998,
#8999),.UNSPECIFIED.,.T.,.F.,(1,1,1,1,1,1,1,1,1,1,1,1,1,1,1,1,1,1,1,1,1,
1,1),(-0.00704676525833581,-0.00469784350555721,-0.00234892175277861,0.,
0.0023489217527786,0.00469784350555721,0.00704676525833581,0.00939568701111441,
0.011744608763893,0.0140935305166716,0.0164424522694502,0.0187913740222288,
0.0211402957750074,0.023489217527786,0.0258381392805646,0.0281870610333432,
0.0305359827861218,0.0328849045389004,0.035233826291679,0.0375827480444576,
0.0399316697972362,0.0422805915500149,0.0446295133027935),.UNSPECIFIED.);
#18=B_SPLINE_CURVE_WITH_KNOTS('',3,(#9631,#9632,#9633,#9634,#9635,#9636,
#9637,#9638,#9639,#9640,#9641),.UNSPECIFIED.,.T.,.F.,(1,1,1,1,1,1,1,1,1,
1,1,1,1,1,1),(-0.00234468190229891,-0.00156312126819927,-0.000781560634099635,
0.,0.000781560634099635,0.00156312126819927,0.00234468190229891,0.00312624253639854,
0.00390780317049818,0.00468936380459781,0.00547092443869745,0.00625248507279708,
0.00703404570689672,0.00781560634099635,0.00859716697509599),
 .UNSPECIFIED.);
#19=B_SPLINE_CURVE_WITH_KNOTS('',3,(#9643,#9644,#9645,#9646,#9647,#9648,
#9649,#9650,#9651,#9652,#9653),.UNSPECIFIED.,.T.,.F.,(1,1,1,1,1,1,1,1,1,
1,1,1,1,1,1),(-0.00938496969147997,-0.00625664646098665,-0.00312832323049332,
1.74420604436732E-19,0.00312832323049333,0.00625664646098665,0.00938496969147998,
0.0125132929219733,0.0156416161524666,0.01876993938296,0.0218982626134533,
0.0250265858439466,0.0281549090744399,0.0312832323049333,0.0344115555354266),
 .UNSPECIFIED.);
#20=B_SPLINE_CURVE_WITH_KNOTS('',3,(#9655,#9656,#9657,#9658,#9659,#9660,
#9661,#9662,#9663,#9664,#9665),.UNSPECIFIED.,.T.,.F.,(1,1,1,1,1,1,1,1,1,
1,1,1,1,1,1),(-0.00938496969147997,-0.00625664646098665,-0.00312832323049332,
8.58771318695467E-19,0.00312832323049332,0.00625664646098665,0.00938496969147997,
0.0125132929219733,0.0156416161524666,0.0187699393829599,0.0218982626134533,
0.0250265858439466,0.0281549090744399,0.0312832323049332,0.0344115555354266),
 .UNSPECIFIED.);
#21=B_SPLINE_CURVE_WITH_KNOTS('',3,(#9671,#9672,#9673,#9674,#9675,#9676,
#9677,#9678,#9679,#9680,#9681),.UNSPECIFIED.,.T.,.F.,(1,1,1,1,1,1,1,1,1,
1,1,1,1,1,1),(-0.00938496682482306,-0.00625664454988204,-0.00312832227494102,
0.,0.00312832227494102,0.00625664454988204,0.00938496682482306,0.0125132890997641,
0.0156416113747051,0.0187699336496461,0.0218982559245871,0.0250265781995282,
0.0281549004744692,0.0312832227494102,0.0344115450243512),.UNSPECIFIED.);
#22=B_SPLINE_CURVE_WITH_KNOTS('',3,(#9683,#9684,#9685,#9686,#9687,#9688,
#9689,#9690,#9691,#9692,#9693),.UNSPECIFIED.,.T.,.F.,(1,1,1,1,1,1,1,1,1,
1,1,1,1,1,1),(-0.00938496682482306,-0.00625664454988204,-0.00312832227494102,
0.,0.00312832227494102,0.00625664454988204,0.00938496682482306,0.0125132890997641,
0.0156416113747051,0.0187699336496461,0.0218982559245871,0.0250265781995282,
0.0281549004744692,0.0312832227494102,0.0344115450243512),.UNSPECIFIED.);
#23=B_SPLINE_CURVE_WITH_KNOTS('',3,(#9695,#9696,#9697,#9698,#9699,#9700,
#9701,#9702,#9703,#9704,#9705),.UNSPECIFIED.,.T.,.F.,(1,1,1,1,1,1,1,1,1,
1,1,1,1,1,1),(-0.00234468190229892,-0.00156312126819928,-0.00078156063409964,
0.,0.00078156063409964,0.00156312126819928,0.00234468190229892,0.00312624253639856,
0.0039078031704982,0.00468936380459784,0.00547092443869748,0.00625248507279712,
0.00703404570689676,0.0078156063409964,0.00859716697509604),
 .UNSPECIFIED.);
#24=B_SPLINE_CURVE_WITH_KNOTS('',3,(#9708,#9709,#9710,#9711,#9712,#9713,
#9714,#9715,#9716,#9717,#9718),.UNSPECIFIED.,.T.,.F.,(1,1,1,1,1,1,1,1,1,
1,1,1,1,1,1),(-0.00938421737849829,-0.00625614491899886,-0.00312807245949943,
5.70744600999378E-19,0.00312807245949943,0.00625614491899886,0.00938421737849829,
0.0125122898379977,0.0156403622974971,0.0187684347569966,0.021896507216496,
0.0250245796759954,0.0281526521354949,0.0312807245949943,0.0344087970544937),
 .UNSPECIFIED.);
#25=B_SPLINE_CURVE_WITH_KNOTS('',3,(#9720,#9721,#9722,#9723,#9724,#9725,
#9726,#9727,#9728,#9729,#9730),.UNSPECIFIED.,.T.,.F.,(1,1,1,1,1,1,1,1,1,
1,1,1,1,1,1),(-0.0093842173784983,-0.00625614491899886,-0.00312807245949943,
9.57423049594864E-19,0.00312807245949943,0.00625614491899886,0.0093842173784983,
0.0125122898379977,0.0156403622974972,0.0187684347569966,0.021896507216496,
0.0250245796759955,0.0281526521354949,0.0312807245949943,0.0344087970544937),
 .UNSPECIFIED.);
#26=B_SPLINE_CURVE_WITH_KNOTS('',3,(#9736,#9737,#9738,#9739,#9740,#9741,
#9742,#9743,#9744,#9745,#9746),.UNSPECIFIED.,.T.,.F.,(1,1,1,1,1,1,1,1,1,
1,1,1,1,1,1),(-0.00938421512254645,-0.00625614341503096,-0.00312807170751548,
0.,0.00312807170751548,0.00625614341503096,0.00938421512254645,0.0125122868300619,
0.0156403585375774,0.0187684302450929,0.0218965019526084,0.0250245736601239,
0.0281526453676393,0.0312807170751548,0.0344087887826703),.UNSPECIFIED.);
#27=B_SPLINE_CURVE_WITH_KNOTS('',3,(#9748,#9749,#9750,#9751,#9752,#9753,
#9754,#9755,#9756,#9757,#9758),.UNSPECIFIED.,.T.,.F.,(1,1,1,1,1,1,1,1,1,
1,1,1,1,1,1),(-0.00938421512254644,-0.00625614341503096,-0.00312807170751548,
0.,0.00312807170751548,0.00625614341503096,0.00938421512254644,0.0125122868300619,
0.0156403585375774,0.0187684302450929,0.0218965019526084,0.0250245736601238,
0.0281526453676393,0.0312807170751548,0.0344087887826703),.UNSPECIFIED.);
#28=B_SPLINE_CURVE_WITH_KNOTS('',3,(#9760,#9761,#9762,#9763,#9764,#9765,
#9766,#9767,#9768,#9769,#9770),.UNSPECIFIED.,.T.,.F.,(1,1,1,1,1,1,1,1,1,
1,1,1,1,1,1),(-0.00234467025387787,-0.00156311350258525,-0.000781556751292623,
0.,0.000781556751292623,0.00156311350258525,0.00234467025387787,0.00312622700517049,
0.00390778375646311,0.00468934050775574,0.00547089725904836,0.00625245401034098,
0.00703401076163361,0.00781556751292623,0.00859712426421885),
 .UNSPECIFIED.);
#29=B_SPLINE_CURVE_WITH_KNOTS('',3,(#9772,#9773,#9774,#9775,#9776,#9777,
#9778,#9779,#9780,#9781,#9782),.UNSPECIFIED.,.T.,.F.,(1,1,1,1,1,1,1,1,1,
1,1,1,1,1,1),(-0.00234467025387784,-0.00156311350258523,-0.000781556751292614,
0.,0.000781556751292614,0.00156311350258523,0.00234467025387784,0.00312622700517046,
0.00390778375646307,0.00468934050775569,0.0054708972590483,0.00625245401034091,
0.00703401076163353,0.00781556751292614,0.00859712426421876),
 .UNSPECIFIED.);
#30=CIRCLE('',#5955,3.);
#31=CIRCLE('',#5956,3.);
#32=CIRCLE('',#5957,3.);
#33=CIRCLE('',#5958,3.);
#34=CIRCLE('',#5959,3.);
#35=CIRCLE('',#5963,2.05);
#36=CIRCLE('',#5965,2.05);
#37=CIRCLE('',#5983,2.);
#38=CIRCLE('',#5984,2.);
#39=CIRCLE('',#5990,1.12);
#40=CIRCLE('',#5991,1.12);
#41=CIRCLE('',#5993,1.12);
#42=CIRCLE('',#5994,1.12);
#43=CIRCLE('',#6011,37.4);
#44=CIRCLE('',#6012,37.4);
#45=CIRCLE('',#6014,2.75);
#46=CIRCLE('',#6015,2.75);
#47=CIRCLE('',#6016,2.);
#48=CIRCLE('',#6017,2.);
#49=CIRCLE('',#6019,2.75);
#50=CIRCLE('',#6020,2.75);
#51=CIRCLE('',#6021,2.);
#52=CIRCLE('',#6022,2.);
#53=CIRCLE('',#6054,37.25);
#54=CIRCLE('',#6055,37.25);
#55=CIRCLE('',#6057,34.85);
#56=CIRCLE('',#6058,34.85);
#57=CIRCLE('',#6060,34.85);
#58=CIRCLE('',#6061,34.85);
#59=CIRCLE('',#6065,1.6);
#60=CIRCLE('',#6067,1.6);
#61=CIRCLE('',#6070,1.6);
#62=CIRCLE('',#6072,1.6);
#63=CIRCLE('',#6075,34.85);
#64=CIRCLE('',#6076,34.85);
#65=CIRCLE('',#6078,34.85);
#66=CIRCLE('',#6079,34.85);
#67=CIRCLE('',#6083,1.6);
#68=CIRCLE('',#6085,1.6);
#69=CIRCLE('',#6088,1.6);
#70=CIRCLE('',#6090,1.6);
#71=CIRCLE('',#6093,34.85);
#72=CIRCLE('',#6094,34.85);
#73=CIRCLE('',#6096,34.85);
#74=CIRCLE('',#6097,34.85);
#75=CIRCLE('',#6101,1.6);
#76=CIRCLE('',#6104,1.6);
#77=CIRCLE('',#6107,34.85);
#78=CIRCLE('',#6108,34.85);
#79=CIRCLE('',#6110,34.85);
#80=CIRCLE('',#6111,34.85);
#81=CIRCLE('',#6115,1.6);
#82=CIRCLE('',#6118,1.6);
#83=CIRCLE('',#6120,1.6);
#84=CIRCLE('',#6123,34.85);
#85=CIRCLE('',#6124,34.85);
#86=CIRCLE('',#6128,6.);
#87=CIRCLE('',#6130,4.);
#88=CIRCLE('',#6139,6.);
#89=CIRCLE('',#6141,4.);
#90=CIRCLE('',#6150,6.);
#91=CIRCLE('',#6152,4.);
#92=CIRCLE('',#6159,1.6);
#93=CIRCLE('',#6162,1.6);
#94=CIRCLE('',#6165,6.);
#95=CIRCLE('',#6167,4.);
#96=CIRCLE('',#6174,1.6);
#97=CIRCLE('',#6184,1.6);
#98=CIRCLE('',#6187,1.6);
#99=CIRCLE('',#6190,1.6);
#100=CIRCLE('',#6193,1.6);
#101=CIRCLE('',#6203,1.6);
#102=CIRCLE('',#6206,1.6);
#103=CIRCLE('',#6209,1.6);
#104=CIRCLE('',#6212,1.6);
#105=CIRCLE('',#6222,1.6);
#106=CIRCLE('',#6225,1.6);
#107=CIRCLE('',#6228,1.6);
#108=CIRCLE('',#6231,1.6);
#109=CIRCLE('',#6241,1.6);
#110=CIRCLE('',#6244,1.6);
#111=CIRCLE('',#6247,1.6);
#112=CIRCLE('',#6250,1.6);
#113=CIRCLE('',#6264,0.75);
#114=CIRCLE('',#6265,0.75);
#115=CIRCLE('',#6266,1.);
#116=CIRCLE('',#6268,0.75);
#117=CIRCLE('',#6269,0.75);
#118=CIRCLE('',#6270,1.);
#119=CIRCLE('',#6272,0.75);
#120=CIRCLE('',#6273,1.);
#121=CIRCLE('',#6274,0.75);
#122=CIRCLE('',#6276,0.75);
#123=CIRCLE('',#6277,1.);
#124=CIRCLE('',#6278,0.75);
#125=CIRCLE('',#6289,4.);
#126=CIRCLE('',#6290,4.);
#127=CIRCLE('',#6292,3.015);
#128=CIRCLE('',#6294,3.015);
#129=CIRCLE('',#6298,3.);
#130=CIRCLE('',#6299,3.);
#131=CIRCLE('',#6300,3.);
#132=CIRCLE('',#6301,3.);
#133=CIRCLE('',#6302,3.);
#134=CIRCLE('',#6306,2.05);
#135=CIRCLE('',#6308,2.05);
#136=CIRCLE('',#6340,37.4);
#137=CIRCLE('',#6341,37.4);
#138=CIRCLE('',#6343,4.);
#139=CIRCLE('',#6345,4.);
#140=CIRCLE('',#6351,3.);
#141=CIRCLE('',#6352,3.);
#142=CIRCLE('',#6353,3.);
#143=CIRCLE('',#6354,3.);
#144=CIRCLE('',#6355,3.);
#145=CIRCLE('',#6359,2.05);
#146=CIRCLE('',#6361,2.05);
#147=CIRCLE('',#6376,3.);
#148=CIRCLE('',#6377,3.);
#149=CIRCLE('',#6378,3.);
#150=CIRCLE('',#6379,3.);
#151=CIRCLE('',#6380,3.);
#152=CIRCLE('',#6384,2.05);
#153=CIRCLE('',#6386,2.05);
#154=CIRCLE('',#6398,37.4);
#155=CIRCLE('',#6399,37.4);
#156=CIRCLE('',#6401,39.7);
#157=CIRCLE('',#6402,39.7);
#158=CYLINDRICAL_SURFACE('',#5954,3.);
#159=CYLINDRICAL_SURFACE('',#5964,2.05);
#160=CYLINDRICAL_SURFACE('',#5982,2.);
#161=CYLINDRICAL_SURFACE('',#6007,1.12);
#162=CYLINDRICAL_SURFACE('',#6008,1.12);
#163=CYLINDRICAL_SURFACE('',#6010,37.4);
#164=CYLINDRICAL_SURFACE('',#6023,2.);
#165=CYLINDRICAL_SURFACE('',#6024,2.);
#166=CYLINDRICAL_SURFACE('',#6025,2.75);
#167=CYLINDRICAL_SURFACE('',#6026,2.75);
#168=CYLINDRICAL_SURFACE('',#6053,37.25);
#169=CYLINDRICAL_SURFACE('',#6122,34.85);
#170=CYLINDRICAL_SURFACE('',#6127,6.);
#171=CYLINDRICAL_SURFACE('',#6138,6.);
#172=CYLINDRICAL_SURFACE('',#6149,6.);
#173=CYLINDRICAL_SURFACE('',#6164,6.);
#174=CYLINDRICAL_SURFACE('',#6183,1.6);
#175=CYLINDRICAL_SURFACE('',#6186,1.6);
#176=CYLINDRICAL_SURFACE('',#6191,1.6);
#177=CYLINDRICAL_SURFACE('',#6194,1.6);
#178=CYLINDRICAL_SURFACE('',#6195,4.);
#179=CYLINDRICAL_SURFACE('',#6202,1.6);
#180=CYLINDRICAL_SURFACE('',#6205,1.6);
#181=CYLINDRICAL_SURFACE('',#6210,1.6);
#182=CYLINDRICAL_SURFACE('',#6213,1.6);
#183=CYLINDRICAL_SURFACE('',#6214,4.);
#184=CYLINDRICAL_SURFACE('',#6221,1.6);
#185=CYLINDRICAL_SURFACE('',#6224,1.6);
#186=CYLINDRICAL_SURFACE('',#6229,1.6);
#187=CYLINDRICAL_SURFACE('',#6232,1.6);
#188=CYLINDRICAL_SURFACE('',#6233,4.);
#189=CYLINDRICAL_SURFACE('',#6240,1.6);
#190=CYLINDRICAL_SURFACE('',#6243,1.6);
#191=CYLINDRICAL_SURFACE('',#6248,1.6);
#192=CYLINDRICAL_SURFACE('',#6251,1.6);
#193=CYLINDRICAL_SURFACE('',#6252,4.);
#194=CYLINDRICAL_SURFACE('',#6280,0.75);
#195=CYLINDRICAL_SURFACE('',#6281,1.);
#196=CYLINDRICAL_SURFACE('',#6282,0.75);
#197=CYLINDRICAL_SURFACE('',#6283,1.);
#198=CYLINDRICAL_SURFACE('',#6284,0.75);
#199=CYLINDRICAL_SURFACE('',#6285,0.75);
#200=CYLINDRICAL_SURFACE('',#6288,4.);
#201=CYLINDRICAL_SURFACE('',#6295,3.015);
#202=CYLINDRICAL_SURFACE('',#6297,3.);
#203=CYLINDRICAL_SURFACE('',#6307,2.05);
#204=CYLINDRICAL_SURFACE('',#6339,37.4);
#205=CYLINDRICAL_SURFACE('',#6346,4.);
#206=CYLINDRICAL_SURFACE('',#6350,3.);
#207=CYLINDRICAL_SURFACE('',#6360,2.05);
#208=CYLINDRICAL_SURFACE('',#6375,3.);
#209=CYLINDRICAL_SURFACE('',#6385,2.05);
#210=CYLINDRICAL_SURFACE('',#6397,37.4);
#211=CYLINDRICAL_SURFACE('',#6400,39.7);
#212=CYLINDRICAL_SURFACE('',#6405,4.);
#213=CYLINDRICAL_SURFACE('',#6406,4.);
#214=CYLINDRICAL_SURFACE('',#6407,4.);
#215=CYLINDRICAL_SURFACE('',#6408,4.);
#216=CYLINDRICAL_SURFACE('',#6409,1.);
#217=CYLINDRICAL_SURFACE('',#6410,1.);
#218=CONTEXT_DEPENDENT_SHAPE_REPRESENTATION(#290,#9835);
#219=CONTEXT_DEPENDENT_SHAPE_REPRESENTATION(#291,#9837);
#220=CONTEXT_DEPENDENT_SHAPE_REPRESENTATION(#292,#9839);
#221=CONTEXT_DEPENDENT_SHAPE_REPRESENTATION(#293,#9841);
#222=CONTEXT_DEPENDENT_SHAPE_REPRESENTATION(#294,#9842);
#223=CONTEXT_DEPENDENT_SHAPE_REPRESENTATION(#295,#9844);
#224=CONTEXT_DEPENDENT_SHAPE_REPRESENTATION(#296,#9846);
#225=CONTEXT_DEPENDENT_SHAPE_REPRESENTATION(#297,#9848);
#226=CONTEXT_DEPENDENT_SHAPE_REPRESENTATION(#298,#9850);
#227=CONTEXT_DEPENDENT_SHAPE_REPRESENTATION(#299,#9851);
#228=CONTEXT_DEPENDENT_SHAPE_REPRESENTATION(#300,#9853);
#229=CONTEXT_DEPENDENT_SHAPE_REPRESENTATION(#301,#9855);
#230=CONTEXT_DEPENDENT_SHAPE_REPRESENTATION(#302,#9856);
#231=CONTEXT_DEPENDENT_SHAPE_REPRESENTATION(#303,#9858);
#232=CONTEXT_DEPENDENT_SHAPE_REPRESENTATION(#304,#9860);
#233=CONTEXT_DEPENDENT_SHAPE_REPRESENTATION(#305,#9862);
#234=CONTEXT_DEPENDENT_SHAPE_REPRESENTATION(#306,#9863);
#235=CONTEXT_DEPENDENT_SHAPE_REPRESENTATION(#307,#9864);
#236=CONTEXT_DEPENDENT_SHAPE_REPRESENTATION(#308,#9865);
#237=CONTEXT_DEPENDENT_SHAPE_REPRESENTATION(#309,#9866);
#238=CONTEXT_DEPENDENT_SHAPE_REPRESENTATION(#310,#9867);
#239=CONTEXT_DEPENDENT_SHAPE_REPRESENTATION(#311,#9868);
#240=CONTEXT_DEPENDENT_SHAPE_REPRESENTATION(#312,#9869);
#241=CONTEXT_DEPENDENT_SHAPE_REPRESENTATION(#313,#9870);
#242=CONTEXT_DEPENDENT_SHAPE_REPRESENTATION(#314,#9871);
#243=CONTEXT_DEPENDENT_SHAPE_REPRESENTATION(#315,#9873);
#244=CONTEXT_DEPENDENT_SHAPE_REPRESENTATION(#316,#9874);
#245=CONTEXT_DEPENDENT_SHAPE_REPRESENTATION(#317,#9875);
#246=CONTEXT_DEPENDENT_SHAPE_REPRESENTATION(#318,#9877);
#247=CONTEXT_DEPENDENT_SHAPE_REPRESENTATION(#319,#9878);
#248=CONTEXT_DEPENDENT_SHAPE_REPRESENTATION(#320,#9879);
#249=CONTEXT_DEPENDENT_SHAPE_REPRESENTATION(#321,#9880);
#250=CONTEXT_DEPENDENT_SHAPE_REPRESENTATION(#322,#9881);
#251=CONTEXT_DEPENDENT_SHAPE_REPRESENTATION(#323,#9883);
#252=CONTEXT_DEPENDENT_SHAPE_REPRESENTATION(#324,#9884);
#253=CONTEXT_DEPENDENT_SHAPE_REPRESENTATION(#325,#9886);
#254=NEXT_ASSEMBLY_USAGE_OCCURRENCE('NAUO1','Canard panel 0 (+X)',
'Canard panel 0 (+X)',#9887,#9888,'');
#255=NEXT_ASSEMBLY_USAGE_OCCURRENCE('NAUO2','Canard shaft 0 (+X)',
'Canard shaft 0 (+X)',#9887,#9889,'');
#256=NEXT_ASSEMBLY_USAGE_OCCURRENCE('NAUO3',
'Servo lower boss (keep-out)','Servo lower boss (keep-out)',#9887,#9890,
'');
#257=NEXT_ASSEMBLY_USAGE_OCCURRENCE('NAUO4',
'Servo output spline (15T, 4 mm)','Servo output spline (15T, 4 mm)',#9887,
#9891,'');
#258=NEXT_ASSEMBLY_USAGE_OCCURRENCE('NAUO5',
'Servo output spline (15T, 4 mm)','Servo output spline (15T, 4 mm)',#9887,
#9891,'');
#259=NEXT_ASSEMBLY_USAGE_OCCURRENCE('NAUO6',
'Servo retainer bar (8 off)','Servo retainer bar (8 off)',#9887,#9892,
'');
#260=NEXT_ASSEMBLY_USAGE_OCCURRENCE('NAUO7',
'Aft gas seal (G-10, dia 74.8 x 4.8)',
'Aft gas seal (G-10, dia 74.8 x 4.8)',#9887,#9893,'');
#261=NEXT_ASSEMBLY_USAGE_OCCURRENCE('NAUO8','Canard panel 1 (+Y)',
'Canard panel 1 (+Y)',#9887,#9894,'');
#262=NEXT_ASSEMBLY_USAGE_OCCURRENCE('NAUO9','Canard panel 2 (-X)',
'Canard panel 2 (-X)',#9887,#9895,'');
#263=NEXT_ASSEMBLY_USAGE_OCCURRENCE('NAUO10',
'Servo retainer bar (8 off)','Servo retainer bar (8 off)',#9887,#9892,
'');
#264=NEXT_ASSEMBLY_USAGE_OCCURRENCE('NAUO11',
'Canard bay (printed, PETG-CF)','Canard bay (printed, PETG-CF)',#9887,#9896,
'');
#265=NEXT_ASSEMBLY_USAGE_OCCURRENCE('NAUO12',
'Servo case + flange (KST X08 Plus)',
'Servo case + flange (KST X08 Plus)',#9887,#9897,'');
#266=NEXT_ASSEMBLY_USAGE_OCCURRENCE('NAUO13',
'Servo retainer bar (8 off)','Servo retainer bar (8 off)',#9887,#9892,
'');
#267=NEXT_ASSEMBLY_USAGE_OCCURRENCE('NAUO14',
'Hinge bearing (iglidur G, 6/8 x 6 plain)',
'Hinge bearing (iglidur G, 6/8 x 6 plain)',#9887,#9898,'');
#268=NEXT_ASSEMBLY_USAGE_OCCURRENCE('NAUO15','Canard shaft 2 (-X)',
'Canard shaft 2 (-X)',#9887,#9899,'');
#269=NEXT_ASSEMBLY_USAGE_OCCURRENCE('NAUO16','Canard panel 3 (-Y)',
'Canard panel 3 (-Y)',#9887,#9900,'');
#270=NEXT_ASSEMBLY_USAGE_OCCURRENCE('NAUO17',
'Servo output spline (15T, 4 mm)','Servo output spline (15T, 4 mm)',#9887,
#9891,'');
#271=NEXT_ASSEMBLY_USAGE_OCCURRENCE('NAUO18',
'Hinge bearing (iglidur G, 6/8 x 6 plain)',
'Hinge bearing (iglidur G, 6/8 x 6 plain)',#9887,#9898,'');
#272=NEXT_ASSEMBLY_USAGE_OCCURRENCE('NAUO19',
'Servo retainer bar (8 off)','Servo retainer bar (8 off)',#9887,#9892,
'');
#273=NEXT_ASSEMBLY_USAGE_OCCURRENCE('NAUO20',
'Servo case + flange (KST X08 Plus)',
'Servo case + flange (KST X08 Plus)',#9887,#9897,'');
#274=NEXT_ASSEMBLY_USAGE_OCCURRENCE('NAUO21',
'Servo case + flange (KST X08 Plus)',
'Servo case + flange (KST X08 Plus)',#9887,#9897,'');
#275=NEXT_ASSEMBLY_USAGE_OCCURRENCE('NAUO22',
'Servo case + flange (KST X08 Plus)',
'Servo case + flange (KST X08 Plus)',#9887,#9897,'');
#276=NEXT_ASSEMBLY_USAGE_OCCURRENCE('NAUO23',
'Servo retainer bar (8 off)','Servo retainer bar (8 off)',#9887,#9892,
'');
#277=NEXT_ASSEMBLY_USAGE_OCCURRENCE('NAUO24',
'Servo retainer bar (8 off)','Servo retainer bar (8 off)',#9887,#9892,
'');
#278=NEXT_ASSEMBLY_USAGE_OCCURRENCE('NAUO25',
'Servo lower boss (keep-out)','Servo lower boss (keep-out)',#9887,#9890,
'');
#279=NEXT_ASSEMBLY_USAGE_OCCURRENCE('NAUO26',
'Pass-through plate (G-10, dia 74.8 x 2.4)',
'Pass-through plate (G-10, dia 74.8 x 2.4)',#9887,#9901,'');
#280=NEXT_ASSEMBLY_USAGE_OCCURRENCE('NAUO27',
'Servo output spline (15T, 4 mm)','Servo output spline (15T, 4 mm)',#9887,
#9891,'');
#281=NEXT_ASSEMBLY_USAGE_OCCURRENCE('NAUO28',
'Hinge bearing (iglidur G, 6/8 x 6 plain)',
'Hinge bearing (iglidur G, 6/8 x 6 plain)',#9887,#9898,'');
#282=NEXT_ASSEMBLY_USAGE_OCCURRENCE('NAUO29','Canard shaft 1 (+Y)',
'Canard shaft 1 (+Y)',#9887,#9902,'');
#283=NEXT_ASSEMBLY_USAGE_OCCURRENCE('NAUO30',
'Hinge bearing (iglidur G, 6/8 x 6 plain)',
'Hinge bearing (iglidur G, 6/8 x 6 plain)',#9887,#9898,'');
#284=NEXT_ASSEMBLY_USAGE_OCCURRENCE('NAUO31',
'Servo retainer bar (8 off)','Servo retainer bar (8 off)',#9887,#9892,
'');
#285=NEXT_ASSEMBLY_USAGE_OCCURRENCE('NAUO32',
'Servo lower boss (keep-out)','Servo lower boss (keep-out)',#9887,#9890,
'');
#286=NEXT_ASSEMBLY_USAGE_OCCURRENCE('NAUO33',
'Servo retainer bar (8 off)','Servo retainer bar (8 off)',#9887,#9892,
'');
#287=NEXT_ASSEMBLY_USAGE_OCCURRENCE('NAUO34','Canard shaft 3 (-Y)',
'Canard shaft 3 (-Y)',#9887,#9903,'');
#288=NEXT_ASSEMBLY_USAGE_OCCURRENCE('NAUO35',
'Servo lower boss (keep-out)','Servo lower boss (keep-out)',#9887,#9890,
'');
#289=NEXT_ASSEMBLY_USAGE_OCCURRENCE('NAUO36','Canard module tube',
'Canard module tube',#9887,#9904,'');
#290=(
REPRESENTATION_RELATIONSHIP(' ',' ',#5924,#5923)
REPRESENTATION_RELATIONSHIP_WITH_TRANSFORMATION(#326)
SHAPE_REPRESENTATION_RELATIONSHIP()
);
#291=(
REPRESENTATION_RELATIONSHIP(' ',' ',#5925,#5923)
REPRESENTATION_RELATIONSHIP_WITH_TRANSFORMATION(#327)
SHAPE_REPRESENTATION_RELATIONSHIP()
);
#292=(
REPRESENTATION_RELATIONSHIP(' ',' ',#5926,#5923)
REPRESENTATION_RELATIONSHIP_WITH_TRANSFORMATION(#328)
SHAPE_REPRESENTATION_RELATIONSHIP()
);
#293=(
REPRESENTATION_RELATIONSHIP(' ',' ',#5927,#5923)
REPRESENTATION_RELATIONSHIP_WITH_TRANSFORMATION(#329)
SHAPE_REPRESENTATION_RELATIONSHIP()
);
#294=(
REPRESENTATION_RELATIONSHIP(' ',' ',#5927,#5923)
REPRESENTATION_RELATIONSHIP_WITH_TRANSFORMATION(#330)
SHAPE_REPRESENTATION_RELATIONSHIP()
);
#295=(
REPRESENTATION_RELATIONSHIP(' ',' ',#5928,#5923)
REPRESENTATION_RELATIONSHIP_WITH_TRANSFORMATION(#331)
SHAPE_REPRESENTATION_RELATIONSHIP()
);
#296=(
REPRESENTATION_RELATIONSHIP(' ',' ',#5929,#5923)
REPRESENTATION_RELATIONSHIP_WITH_TRANSFORMATION(#332)
SHAPE_REPRESENTATION_RELATIONSHIP()
);
#297=(
REPRESENTATION_RELATIONSHIP(' ',' ',#5930,#5923)
REPRESENTATION_RELATIONSHIP_WITH_TRANSFORMATION(#333)
SHAPE_REPRESENTATION_RELATIONSHIP()
);
#298=(
REPRESENTATION_RELATIONSHIP(' ',' ',#5931,#5923)
REPRESENTATION_RELATIONSHIP_WITH_TRANSFORMATION(#334)
SHAPE_REPRESENTATION_RELATIONSHIP()
);
#299=(
REPRESENTATION_RELATIONSHIP(' ',' ',#5928,#5923)
REPRESENTATION_RELATIONSHIP_WITH_TRANSFORMATION(#335)
SHAPE_REPRESENTATION_RELATIONSHIP()
);
#300=(
REPRESENTATION_RELATIONSHIP(' ',' ',#5932,#5923)
REPRESENTATION_RELATIONSHIP_WITH_TRANSFORMATION(#336)
SHAPE_REPRESENTATION_RELATIONSHIP()
);
#301=(
REPRESENTATION_RELATIONSHIP(' ',' ',#5933,#5923)
REPRESENTATION_RELATIONSHIP_WITH_TRANSFORMATION(#337)
SHAPE_REPRESENTATION_RELATIONSHIP()
);
#302=(
REPRESENTATION_RELATIONSHIP(' ',' ',#5928,#5923)
REPRESENTATION_RELATIONSHIP_WITH_TRANSFORMATION(#338)
SHAPE_REPRESENTATION_RELATIONSHIP()
);
#303=(
REPRESENTATION_RELATIONSHIP(' ',' ',#5934,#5923)
REPRESENTATION_RELATIONSHIP_WITH_TRANSFORMATION(#339)
SHAPE_REPRESENTATION_RELATIONSHIP()
);
#304=(
REPRESENTATION_RELATIONSHIP(' ',' ',#5935,#5923)
REPRESENTATION_RELATIONSHIP_WITH_TRANSFORMATION(#340)
SHAPE_REPRESENTATION_RELATIONSHIP()
);
#305=(
REPRESENTATION_RELATIONSHIP(' ',' ',#5936,#5923)
REPRESENTATION_RELATIONSHIP_WITH_TRANSFORMATION(#341)
SHAPE_REPRESENTATION_RELATIONSHIP()
);
#306=(
REPRESENTATION_RELATIONSHIP(' ',' ',#5927,#5923)
REPRESENTATION_RELATIONSHIP_WITH_TRANSFORMATION(#342)
SHAPE_REPRESENTATION_RELATIONSHIP()
);
#307=(
REPRESENTATION_RELATIONSHIP(' ',' ',#5934,#5923)
REPRESENTATION_RELATIONSHIP_WITH_TRANSFORMATION(#343)
SHAPE_REPRESENTATION_RELATIONSHIP()
);
#308=(
REPRESENTATION_RELATIONSHIP(' ',' ',#5928,#5923)
REPRESENTATION_RELATIONSHIP_WITH_TRANSFORMATION(#344)
SHAPE_REPRESENTATION_RELATIONSHIP()
);
#309=(
REPRESENTATION_RELATIONSHIP(' ',' ',#5933,#5923)
REPRESENTATION_RELATIONSHIP_WITH_TRANSFORMATION(#345)
SHAPE_REPRESENTATION_RELATIONSHIP()
);
#310=(
REPRESENTATION_RELATIONSHIP(' ',' ',#5933,#5923)
REPRESENTATION_RELATIONSHIP_WITH_TRANSFORMATION(#346)
SHAPE_REPRESENTATION_RELATIONSHIP()
);
#311=(
REPRESENTATION_RELATIONSHIP(' ',' ',#5933,#5923)
REPRESENTATION_RELATIONSHIP_WITH_TRANSFORMATION(#347)
SHAPE_REPRESENTATION_RELATIONSHIP()
);
#312=(
REPRESENTATION_RELATIONSHIP(' ',' ',#5928,#5923)
REPRESENTATION_RELATIONSHIP_WITH_TRANSFORMATION(#348)
SHAPE_REPRESENTATION_RELATIONSHIP()
);
#313=(
REPRESENTATION_RELATIONSHIP(' ',' ',#5928,#5923)
REPRESENTATION_RELATIONSHIP_WITH_TRANSFORMATION(#349)
SHAPE_REPRESENTATION_RELATIONSHIP()
);
#314=(
REPRESENTATION_RELATIONSHIP(' ',' ',#5926,#5923)
REPRESENTATION_RELATIONSHIP_WITH_TRANSFORMATION(#350)
SHAPE_REPRESENTATION_RELATIONSHIP()
);
#315=(
REPRESENTATION_RELATIONSHIP(' ',' ',#5937,#5923)
REPRESENTATION_RELATIONSHIP_WITH_TRANSFORMATION(#351)
SHAPE_REPRESENTATION_RELATIONSHIP()
);
#316=(
REPRESENTATION_RELATIONSHIP(' ',' ',#5927,#5923)
REPRESENTATION_RELATIONSHIP_WITH_TRANSFORMATION(#352)
SHAPE_REPRESENTATION_RELATIONSHIP()
);
#317=(
REPRESENTATION_RELATIONSHIP(' ',' ',#5934,#5923)
REPRESENTATION_RELATIONSHIP_WITH_TRANSFORMATION(#353)
SHAPE_REPRESENTATION_RELATIONSHIP()
);
#318=(
REPRESENTATION_RELATIONSHIP(' ',' ',#5938,#5923)
REPRESENTATION_RELATIONSHIP_WITH_TRANSFORMATION(#354)
SHAPE_REPRESENTATION_RELATIONSHIP()
);
#319=(
REPRESENTATION_RELATIONSHIP(' ',' ',#5934,#5923)
REPRESENTATION_RELATIONSHIP_WITH_TRANSFORMATION(#355)
SHAPE_REPRESENTATION_RELATIONSHIP()
);
#320=(
REPRESENTATION_RELATIONSHIP(' ',' ',#5928,#5923)
REPRESENTATION_RELATIONSHIP_WITH_TRANSFORMATION(#356)
SHAPE_REPRESENTATION_RELATIONSHIP()
);
#321=(
REPRESENTATION_RELATIONSHIP(' ',' ',#5926,#5923)
REPRESENTATION_RELATIONSHIP_WITH_TRANSFORMATION(#357)
SHAPE_REPRESENTATION_RELATIONSHIP()
);
#322=(
REPRESENTATION_RELATIONSHIP(' ',' ',#5928,#5923)
REPRESENTATION_RELATIONSHIP_WITH_TRANSFORMATION(#358)
SHAPE_REPRESENTATION_RELATIONSHIP()
);
#323=(
REPRESENTATION_RELATIONSHIP(' ',' ',#5939,#5923)
REPRESENTATION_RELATIONSHIP_WITH_TRANSFORMATION(#359)
SHAPE_REPRESENTATION_RELATIONSHIP()
);
#324=(
REPRESENTATION_RELATIONSHIP(' ',' ',#5926,#5923)
REPRESENTATION_RELATIONSHIP_WITH_TRANSFORMATION(#360)
SHAPE_REPRESENTATION_RELATIONSHIP()
);
#325=(
REPRESENTATION_RELATIONSHIP(' ',' ',#5940,#5923)
REPRESENTATION_RELATIONSHIP_WITH_TRANSFORMATION(#361)
SHAPE_REPRESENTATION_RELATIONSHIP()
);
#326=ITEM_DEFINED_TRANSFORMATION(' ',' ',#5941,#5953);
#327=ITEM_DEFINED_TRANSFORMATION(' ',' ',#5941,#5974);
#328=ITEM_DEFINED_TRANSFORMATION(' ',' ',#5941,#5981);
#329=ITEM_DEFINED_TRANSFORMATION(' ',' ',#5941,#5987);
#330=ITEM_DEFINED_TRANSFORMATION(' ',' ',#5941,#5988);
#331=ITEM_DEFINED_TRANSFORMATION(' ',' ',#5941,#6009);
#332=ITEM_DEFINED_TRANSFORMATION(' ',' ',#5941,#6027);
#333=ITEM_DEFINED_TRANSFORMATION(' ',' ',#5941,#6039);
#334=ITEM_DEFINED_TRANSFORMATION(' ',' ',#5941,#6051);
#335=ITEM_DEFINED_TRANSFORMATION(' ',' ',#5941,#6052);
#336=ITEM_DEFINED_TRANSFORMATION(' ',' ',#5941,#6253);
#337=ITEM_DEFINED_TRANSFORMATION(' ',' ',#5941,#6286);
#338=ITEM_DEFINED_TRANSFORMATION(' ',' ',#5941,#6287);
#339=ITEM_DEFINED_TRANSFORMATION(' ',' ',#5941,#6296);
#340=ITEM_DEFINED_TRANSFORMATION(' ',' ',#5941,#6317);
#341=ITEM_DEFINED_TRANSFORMATION(' ',' ',#5941,#6329);
#342=ITEM_DEFINED_TRANSFORMATION(' ',' ',#5941,#6330);
#343=ITEM_DEFINED_TRANSFORMATION(' ',' ',#5941,#6331);
#344=ITEM_DEFINED_TRANSFORMATION(' ',' ',#5941,#6332);
#345=ITEM_DEFINED_TRANSFORMATION(' ',' ',#5941,#6333);
#346=ITEM_DEFINED_TRANSFORMATION(' ',' ',#5941,#6334);
#347=ITEM_DEFINED_TRANSFORMATION(' ',' ',#5941,#6335);
#348=ITEM_DEFINED_TRANSFORMATION(' ',' ',#5941,#6336);
#349=ITEM_DEFINED_TRANSFORMATION(' ',' ',#5941,#6337);
#350=ITEM_DEFINED_TRANSFORMATION(' ',' ',#5941,#6338);
#351=ITEM_DEFINED_TRANSFORMATION(' ',' ',#5941,#6347);
#352=ITEM_DEFINED_TRANSFORMATION(' ',' ',#5941,#6348);
#353=ITEM_DEFINED_TRANSFORMATION(' ',' ',#5941,#6349);
#354=ITEM_DEFINED_TRANSFORMATION(' ',' ',#5941,#6370);
#355=ITEM_DEFINED_TRANSFORMATION(' ',' ',#5941,#6371);
#356=ITEM_DEFINED_TRANSFORMATION(' ',' ',#5941,#6372);
#357=ITEM_DEFINED_TRANSFORMATION(' ',' ',#5941,#6373);
#358=ITEM_DEFINED_TRANSFORMATION(' ',' ',#5941,#6374);
#359=ITEM_DEFINED_TRANSFORMATION(' ',' ',#5941,#6395);
#360=ITEM_DEFINED_TRANSFORMATION(' ',' ',#5941,#6396);
#361=ITEM_DEFINED_TRANSFORMATION(' ',' ',#5941,#6411);
#362=SHAPE_REPRESENTATION_RELATIONSHIP('','',#5924,#379);
#363=SHAPE_REPRESENTATION_RELATIONSHIP('','',#5925,#380);
#364=SHAPE_REPRESENTATION_RELATIONSHIP('','',#5926,#381);
#365=SHAPE_REPRESENTATION_RELATIONSHIP('','',#5927,#382);
#366=SHAPE_REPRESENTATION_RELATIONSHIP('','',#5928,#383);
#367=SHAPE_REPRESENTATION_RELATIONSHIP('','',#5929,#384);
#368=SHAPE_REPRESENTATION_RELATIONSHIP('','',#5930,#385);
#369=SHAPE_REPRESENTATION_RELATIONSHIP('','',#5931,#386);
#370=SHAPE_REPRESENTATION_RELATIONSHIP('','',#5932,#387);
#371=SHAPE_REPRESENTATION_RELATIONSHIP('','',#5933,#388);
#372=SHAPE_REPRESENTATION_RELATIONSHIP('','',#5934,#389);
#373=SHAPE_REPRESENTATION_RELATIONSHIP('','',#5935,#390);
#374=SHAPE_REPRESENTATION_RELATIONSHIP('','',#5936,#391);
#375=SHAPE_REPRESENTATION_RELATIONSHIP('','',#5937,#392);
#376=SHAPE_REPRESENTATION_RELATIONSHIP('','',#5938,#393);
#377=SHAPE_REPRESENTATION_RELATIONSHIP('','',#5939,#394);
#378=SHAPE_REPRESENTATION_RELATIONSHIP('','',#5940,#395);
#379=ADVANCED_BREP_SHAPE_REPRESENTATION('',(#5888),#9795);
#380=ADVANCED_BREP_SHAPE_REPRESENTATION('',(#5889),#9796);
#381=ADVANCED_BREP_SHAPE_REPRESENTATION('',(#5890),#9797);
#382=ADVANCED_BREP_SHAPE_REPRESENTATION('',(#5891),#9798);
#383=ADVANCED_BREP_SHAPE_REPRESENTATION('',(#5892),#9799);
#384=ADVANCED_BREP_SHAPE_REPRESENTATION('',(#5893),#9800);
#385=ADVANCED_BREP_SHAPE_REPRESENTATION('',(#5894),#9801);
#386=ADVANCED_BREP_SHAPE_REPRESENTATION('',(#5895),#9802);
#387=ADVANCED_BREP_SHAPE_REPRESENTATION('',(#5896),#9803);
#388=ADVANCED_BREP_SHAPE_REPRESENTATION('',(#5897),#9804);
#389=ADVANCED_BREP_SHAPE_REPRESENTATION('',(#5898),#9805);
#390=ADVANCED_BREP_SHAPE_REPRESENTATION('',(#5899),#9806);
#391=ADVANCED_BREP_SHAPE_REPRESENTATION('',(#5900),#9807);
#392=ADVANCED_BREP_SHAPE_REPRESENTATION('',(#5901),#9808);
#393=ADVANCED_BREP_SHAPE_REPRESENTATION('',(#5902),#9809);
#394=ADVANCED_BREP_SHAPE_REPRESENTATION('',(#5903),#9810);
#395=ADVANCED_BREP_SHAPE_REPRESENTATION('',(#5904),#9811);
#396=ORIENTED_EDGE('',*,*,#1884,.F.);
#397=ORIENTED_EDGE('',*,*,#1885,.T.);
#398=ORIENTED_EDGE('',*,*,#1886,.T.);
#399=ORIENTED_EDGE('',*,*,#1887,.F.);
#400=ORIENTED_EDGE('',*,*,#1888,.F.);
#401=ORIENTED_EDGE('',*,*,#1889,.F.);
#402=ORIENTED_EDGE('',*,*,#1890,.T.);
#403=ORIENTED_EDGE('',*,*,#1891,.T.);
#404=ORIENTED_EDGE('',*,*,#1892,.F.);
#405=ORIENTED_EDGE('',*,*,#1893,.F.);
#406=ORIENTED_EDGE('',*,*,#1894,.T.);
#407=ORIENTED_EDGE('',*,*,#1889,.T.);
#408=ORIENTED_EDGE('',*,*,#1895,.F.);
#409=ORIENTED_EDGE('',*,*,#1896,.F.);
#410=ORIENTED_EDGE('',*,*,#1897,.T.);
#411=ORIENTED_EDGE('',*,*,#1893,.T.);
#412=ORIENTED_EDGE('',*,*,#1898,.F.);
#413=ORIENTED_EDGE('',*,*,#1891,.F.);
#414=ORIENTED_EDGE('',*,*,#1899,.T.);
#415=ORIENTED_EDGE('',*,*,#1896,.T.);
#416=ORIENTED_EDGE('',*,*,#1890,.F.);
#417=ORIENTED_EDGE('',*,*,#1894,.F.);
#418=ORIENTED_EDGE('',*,*,#1897,.F.);
#419=ORIENTED_EDGE('',*,*,#1899,.F.);
#420=ORIENTED_EDGE('',*,*,#1888,.T.);
#421=ORIENTED_EDGE('',*,*,#1898,.T.);
#422=ORIENTED_EDGE('',*,*,#1895,.T.);
#423=ORIENTED_EDGE('',*,*,#1892,.T.);
#424=ORIENTED_EDGE('',*,*,#1900,.T.);
#425=ORIENTED_EDGE('',*,*,#1901,.T.);
#426=ORIENTED_EDGE('',*,*,#1902,.F.);
#427=ORIENTED_EDGE('',*,*,#1885,.F.);
#428=ORIENTED_EDGE('',*,*,#1903,.F.);
#429=ORIENTED_EDGE('',*,*,#1901,.F.);
#430=ORIENTED_EDGE('',*,*,#1904,.T.);
#431=ORIENTED_EDGE('',*,*,#1905,.T.);
#432=ORIENTED_EDGE('',*,*,#1887,.T.);
#433=ORIENTED_EDGE('',*,*,#1906,.T.);
#434=ORIENTED_EDGE('',*,*,#1905,.F.);
#435=ORIENTED_EDGE('',*,*,#1907,.F.);
#436=ORIENTED_EDGE('',*,*,#1884,.T.);
#437=ORIENTED_EDGE('',*,*,#1907,.T.);
#438=ORIENTED_EDGE('',*,*,#1904,.F.);
#439=ORIENTED_EDGE('',*,*,#1900,.F.);
#440=ORIENTED_EDGE('',*,*,#1902,.T.);
#441=ORIENTED_EDGE('',*,*,#1903,.T.);
#442=ORIENTED_EDGE('',*,*,#1906,.F.);
#443=ORIENTED_EDGE('',*,*,#1886,.F.);
#444=ORIENTED_EDGE('',*,*,#1908,.T.);
#445=ORIENTED_EDGE('',*,*,#1909,.F.);
#446=ORIENTED_EDGE('',*,*,#1910,.F.);
#447=ORIENTED_EDGE('',*,*,#1911,.F.);
#448=ORIENTED_EDGE('',*,*,#1912,.T.);
#449=ORIENTED_EDGE('',*,*,#1913,.T.);
#450=ORIENTED_EDGE('',*,*,#1914,.F.);
#451=ORIENTED_EDGE('',*,*,#1915,.T.);
#452=ORIENTED_EDGE('',*,*,#1916,.T.);
#453=ORIENTED_EDGE('',*,*,#1910,.T.);
#454=ORIENTED_EDGE('',*,*,#1917,.T.);
#455=ORIENTED_EDGE('',*,*,#1918,.F.);
#456=ORIENTED_EDGE('',*,*,#1914,.T.);
#457=ORIENTED_EDGE('',*,*,#1919,.F.);
#458=ORIENTED_EDGE('',*,*,#1908,.F.);
#459=ORIENTED_EDGE('',*,*,#1920,.T.);
#460=ORIENTED_EDGE('',*,*,#1919,.T.);
#461=ORIENTED_EDGE('',*,*,#1920,.F.);
#462=ORIENTED_EDGE('',*,*,#1916,.F.);
#463=ORIENTED_EDGE('',*,*,#1921,.T.);
#464=ORIENTED_EDGE('',*,*,#1922,.F.);
#465=ORIENTED_EDGE('',*,*,#1923,.F.);
#466=ORIENTED_EDGE('',*,*,#1917,.F.);
#467=ORIENTED_EDGE('',*,*,#1909,.T.);
#468=ORIENTED_EDGE('',*,*,#1923,.T.);
#469=ORIENTED_EDGE('',*,*,#1924,.T.);
#470=ORIENTED_EDGE('',*,*,#1925,.F.);
#471=ORIENTED_EDGE('',*,*,#1926,.F.);
#472=ORIENTED_EDGE('',*,*,#1927,.T.);
#473=ORIENTED_EDGE('',*,*,#1911,.T.);
#474=ORIENTED_EDGE('',*,*,#1915,.F.);
#475=ORIENTED_EDGE('',*,*,#1918,.T.);
#476=ORIENTED_EDGE('',*,*,#1913,.F.);
#477=ORIENTED_EDGE('',*,*,#1928,.F.);
#478=ORIENTED_EDGE('',*,*,#1929,.T.);
#479=ORIENTED_EDGE('',*,*,#1930,.T.);
#480=ORIENTED_EDGE('',*,*,#1931,.F.);
#481=ORIENTED_EDGE('',*,*,#1921,.F.);
#482=ORIENTED_EDGE('',*,*,#1912,.F.);
#483=ORIENTED_EDGE('',*,*,#1927,.F.);
#484=ORIENTED_EDGE('',*,*,#1932,.T.);
#485=ORIENTED_EDGE('',*,*,#1928,.T.);
#486=ORIENTED_EDGE('',*,*,#1933,.T.);
#487=ORIENTED_EDGE('',*,*,#1930,.F.);
#488=ORIENTED_EDGE('',*,*,#1934,.F.);
#489=ORIENTED_EDGE('',*,*,#1925,.T.);
#490=ORIENTED_EDGE('',*,*,#1932,.F.);
#491=ORIENTED_EDGE('',*,*,#1926,.T.);
#492=ORIENTED_EDGE('',*,*,#1934,.T.);
#493=ORIENTED_EDGE('',*,*,#1929,.F.);
#494=ORIENTED_EDGE('',*,*,#1922,.T.);
#495=ORIENTED_EDGE('',*,*,#1931,.T.);
#496=ORIENTED_EDGE('',*,*,#1933,.F.);
#497=ORIENTED_EDGE('',*,*,#1924,.F.);
#498=ORIENTED_EDGE('',*,*,#1935,.F.);
#499=ORIENTED_EDGE('',*,*,#1936,.F.);
#500=ORIENTED_EDGE('',*,*,#1937,.T.);
#501=ORIENTED_EDGE('',*,*,#1938,.T.);
#502=ORIENTED_EDGE('',*,*,#1939,.F.);
#503=ORIENTED_EDGE('',*,*,#1938,.F.);
#504=ORIENTED_EDGE('',*,*,#1940,.T.);
#505=ORIENTED_EDGE('',*,*,#1941,.T.);
#506=ORIENTED_EDGE('',*,*,#1942,.F.);
#507=ORIENTED_EDGE('',*,*,#1941,.F.);
#508=ORIENTED_EDGE('',*,*,#1943,.T.);
#509=ORIENTED_EDGE('',*,*,#1944,.T.);
#510=ORIENTED_EDGE('',*,*,#1945,.F.);
#511=ORIENTED_EDGE('',*,*,#1944,.F.);
#512=ORIENTED_EDGE('',*,*,#1946,.T.);
#513=ORIENTED_EDGE('',*,*,#1936,.T.);
#514=ORIENTED_EDGE('',*,*,#1937,.F.);
#515=ORIENTED_EDGE('',*,*,#1946,.F.);
#516=ORIENTED_EDGE('',*,*,#1943,.F.);
#517=ORIENTED_EDGE('',*,*,#1940,.F.);
#518=ORIENTED_EDGE('',*,*,#1935,.T.);
#519=ORIENTED_EDGE('',*,*,#1939,.T.);
#520=ORIENTED_EDGE('',*,*,#1942,.T.);
#521=ORIENTED_EDGE('',*,*,#1945,.T.);
#522=ORIENTED_EDGE('',*,*,#1947,.F.);
#523=ORIENTED_EDGE('',*,*,#1948,.T.);
#524=ORIENTED_EDGE('',*,*,#1947,.T.);
#525=ORIENTED_EDGE('',*,*,#1948,.F.);
#526=ORIENTED_EDGE('',*,*,#1949,.T.);
#527=ORIENTED_EDGE('',*,*,#1950,.T.);
#528=ORIENTED_EDGE('',*,*,#1951,.F.);
#529=ORIENTED_EDGE('',*,*,#1952,.T.);
#530=ORIENTED_EDGE('',*,*,#1953,.F.);
#531=ORIENTED_EDGE('',*,*,#1954,.F.);
#532=ORIENTED_EDGE('',*,*,#1955,.T.);
#533=ORIENTED_EDGE('',*,*,#1956,.T.);
#534=ORIENTED_EDGE('',*,*,#1957,.T.);
#535=ORIENTED_EDGE('',*,*,#1958,.F.);
#536=ORIENTED_EDGE('',*,*,#1959,.T.);
#537=ORIENTED_EDGE('',*,*,#1960,.T.);
#538=ORIENTED_EDGE('',*,*,#1961,.F.);
#539=ORIENTED_EDGE('',*,*,#1962,.F.);
#540=ORIENTED_EDGE('',*,*,#1963,.F.);
#541=ORIENTED_EDGE('',*,*,#1964,.F.);
#542=ORIENTED_EDGE('',*,*,#1965,.T.);
#543=ORIENTED_EDGE('',*,*,#1966,.T.);
#544=ORIENTED_EDGE('',*,*,#1967,.T.);
#545=ORIENTED_EDGE('',*,*,#1968,.F.);
#546=ORIENTED_EDGE('',*,*,#1969,.F.);
#547=ORIENTED_EDGE('',*,*,#1970,.T.);
#548=ORIENTED_EDGE('',*,*,#1971,.F.);
#549=ORIENTED_EDGE('',*,*,#1972,.F.);
#550=ORIENTED_EDGE('',*,*,#1973,.F.);
#551=ORIENTED_EDGE('',*,*,#1974,.T.);
#552=ORIENTED_EDGE('',*,*,#1975,.T.);
#553=ORIENTED_EDGE('',*,*,#1976,.F.);
#554=ORIENTED_EDGE('',*,*,#1957,.F.);
#555=ORIENTED_EDGE('',*,*,#1977,.T.);
#556=ORIENTED_EDGE('',*,*,#1971,.T.);
#557=ORIENTED_EDGE('',*,*,#1978,.F.);
#558=ORIENTED_EDGE('',*,*,#1951,.T.);
#559=ORIENTED_EDGE('',*,*,#1979,.T.);
#560=ORIENTED_EDGE('',*,*,#1965,.F.);
#561=ORIENTED_EDGE('',*,*,#1980,.F.);
#562=ORIENTED_EDGE('',*,*,#1958,.T.);
#563=ORIENTED_EDGE('',*,*,#1978,.T.);
#564=ORIENTED_EDGE('',*,*,#1970,.F.);
#565=ORIENTED_EDGE('',*,*,#1981,.F.);
#566=ORIENTED_EDGE('',*,*,#1979,.F.);
#567=ORIENTED_EDGE('',*,*,#1962,.T.);
#568=ORIENTED_EDGE('',*,*,#1982,.T.);
#569=ORIENTED_EDGE('',*,*,#1966,.F.);
#570=ORIENTED_EDGE('',*,*,#1983,.F.);
#571=ORIENTED_EDGE('',*,*,#1960,.F.);
#572=ORIENTED_EDGE('',*,*,#1984,.T.);
#573=ORIENTED_EDGE('',*,*,#1968,.T.);
#574=ORIENTED_EDGE('',*,*,#1959,.F.);
#575=ORIENTED_EDGE('',*,*,#1981,.T.);
#576=ORIENTED_EDGE('',*,*,#1969,.T.);
#577=ORIENTED_EDGE('',*,*,#1984,.F.);
#578=ORIENTED_EDGE('',*,*,#1961,.T.);
#579=ORIENTED_EDGE('',*,*,#1983,.T.);
#580=ORIENTED_EDGE('',*,*,#1967,.F.);
#581=ORIENTED_EDGE('',*,*,#1982,.F.);
#582=ORIENTED_EDGE('',*,*,#1977,.F.);
#583=ORIENTED_EDGE('',*,*,#1956,.F.);
#584=ORIENTED_EDGE('',*,*,#1985,.T.);
#585=ORIENTED_EDGE('',*,*,#1972,.T.);
#586=ORIENTED_EDGE('',*,*,#1986,.T.);
#587=ORIENTED_EDGE('',*,*,#1974,.F.);
#588=ORIENTED_EDGE('',*,*,#1987,.F.);
#589=ORIENTED_EDGE('',*,*,#1954,.T.);
#590=ORIENTED_EDGE('',*,*,#1952,.F.);
#591=ORIENTED_EDGE('',*,*,#1980,.T.);
#592=ORIENTED_EDGE('',*,*,#1976,.T.);
#593=ORIENTED_EDGE('',*,*,#1988,.F.);
#594=ORIENTED_EDGE('',*,*,#1955,.F.);
#595=ORIENTED_EDGE('',*,*,#1987,.T.);
#596=ORIENTED_EDGE('',*,*,#1973,.T.);
#597=ORIENTED_EDGE('',*,*,#1985,.F.);
#598=ORIENTED_EDGE('',*,*,#1953,.T.);
#599=ORIENTED_EDGE('',*,*,#1988,.T.);
#600=ORIENTED_EDGE('',*,*,#1975,.F.);
#601=ORIENTED_EDGE('',*,*,#1986,.F.);
#602=ORIENTED_EDGE('',*,*,#1950,.F.);
#603=ORIENTED_EDGE('',*,*,#1964,.T.);
#604=ORIENTED_EDGE('',*,*,#1949,.F.);
#605=ORIENTED_EDGE('',*,*,#1963,.T.);
#606=ORIENTED_EDGE('',*,*,#1989,.T.);
#607=ORIENTED_EDGE('',*,*,#1990,.F.);
#608=ORIENTED_EDGE('',*,*,#1991,.T.);
#609=ORIENTED_EDGE('',*,*,#1992,.T.);
#610=ORIENTED_EDGE('',*,*,#1993,.T.);
#611=ORIENTED_EDGE('',*,*,#1994,.T.);
#612=ORIENTED_EDGE('',*,*,#1989,.F.);
#613=ORIENTED_EDGE('',*,*,#1995,.F.);
#614=ORIENTED_EDGE('',*,*,#1996,.F.);
#615=ORIENTED_EDGE('',*,*,#1997,.F.);
#616=ORIENTED_EDGE('',*,*,#1998,.F.);
#617=ORIENTED_EDGE('',*,*,#1990,.T.);
#618=ORIENTED_EDGE('',*,*,#1998,.T.);
#619=ORIENTED_EDGE('',*,*,#1994,.F.);
#620=ORIENTED_EDGE('',*,*,#1997,.T.);
#621=ORIENTED_EDGE('',*,*,#1993,.F.);
#622=ORIENTED_EDGE('',*,*,#1996,.T.);
#623=ORIENTED_EDGE('',*,*,#1992,.F.);
#624=ORIENTED_EDGE('',*,*,#1995,.T.);
#625=ORIENTED_EDGE('',*,*,#1991,.F.);
#626=ORIENTED_EDGE('',*,*,#1999,.F.);
#627=ORIENTED_EDGE('',*,*,#2000,.T.);
#628=ORIENTED_EDGE('',*,*,#2001,.T.);
#629=ORIENTED_EDGE('',*,*,#2002,.F.);
#630=ORIENTED_EDGE('',*,*,#2003,.F.);
#631=ORIENTED_EDGE('',*,*,#2004,.F.);
#632=ORIENTED_EDGE('',*,*,#2005,.T.);
#633=ORIENTED_EDGE('',*,*,#2006,.T.);
#634=ORIENTED_EDGE('',*,*,#2007,.F.);
#635=ORIENTED_EDGE('',*,*,#2008,.F.);
#636=ORIENTED_EDGE('',*,*,#2009,.T.);
#637=ORIENTED_EDGE('',*,*,#2004,.T.);
#638=ORIENTED_EDGE('',*,*,#2010,.F.);
#639=ORIENTED_EDGE('',*,*,#2011,.F.);
#640=ORIENTED_EDGE('',*,*,#2012,.T.);
#641=ORIENTED_EDGE('',*,*,#2008,.T.);
#642=ORIENTED_EDGE('',*,*,#2013,.F.);
#643=ORIENTED_EDGE('',*,*,#2006,.F.);
#644=ORIENTED_EDGE('',*,*,#2014,.T.);
#645=ORIENTED_EDGE('',*,*,#2011,.T.);
#646=ORIENTED_EDGE('',*,*,#2005,.F.);
#647=ORIENTED_EDGE('',*,*,#2009,.F.);
#648=ORIENTED_EDGE('',*,*,#2012,.F.);
#649=ORIENTED_EDGE('',*,*,#2014,.F.);
#650=ORIENTED_EDGE('',*,*,#2003,.T.);
#651=ORIENTED_EDGE('',*,*,#2013,.T.);
#652=ORIENTED_EDGE('',*,*,#2010,.T.);
#653=ORIENTED_EDGE('',*,*,#2007,.T.);
#654=ORIENTED_EDGE('',*,*,#2015,.T.);
#655=ORIENTED_EDGE('',*,*,#2016,.T.);
#656=ORIENTED_EDGE('',*,*,#2017,.F.);
#657=ORIENTED_EDGE('',*,*,#2000,.F.);
#658=ORIENTED_EDGE('',*,*,#2018,.F.);
#659=ORIENTED_EDGE('',*,*,#2016,.F.);
#660=ORIENTED_EDGE('',*,*,#2019,.T.);
#661=ORIENTED_EDGE('',*,*,#2020,.T.);
#662=ORIENTED_EDGE('',*,*,#2002,.T.);
#663=ORIENTED_EDGE('',*,*,#2021,.T.);
#664=ORIENTED_EDGE('',*,*,#2020,.F.);
#665=ORIENTED_EDGE('',*,*,#2022,.F.);
#666=ORIENTED_EDGE('',*,*,#1999,.T.);
#667=ORIENTED_EDGE('',*,*,#2022,.T.);
#668=ORIENTED_EDGE('',*,*,#2019,.F.);
#669=ORIENTED_EDGE('',*,*,#2015,.F.);
#670=ORIENTED_EDGE('',*,*,#2017,.T.);
#671=ORIENTED_EDGE('',*,*,#2018,.T.);
#672=ORIENTED_EDGE('',*,*,#2021,.F.);
#673=ORIENTED_EDGE('',*,*,#2001,.F.);
#674=ORIENTED_EDGE('',*,*,#2023,.F.);
#675=ORIENTED_EDGE('',*,*,#2024,.T.);
#676=ORIENTED_EDGE('',*,*,#2025,.T.);
#677=ORIENTED_EDGE('',*,*,#2026,.F.);
#678=ORIENTED_EDGE('',*,*,#2027,.F.);
#679=ORIENTED_EDGE('',*,*,#2028,.F.);
#680=ORIENTED_EDGE('',*,*,#2029,.T.);
#681=ORIENTED_EDGE('',*,*,#2030,.T.);
#682=ORIENTED_EDGE('',*,*,#2031,.F.);
#683=ORIENTED_EDGE('',*,*,#2032,.F.);
#684=ORIENTED_EDGE('',*,*,#2033,.T.);
#685=ORIENTED_EDGE('',*,*,#2028,.T.);
#686=ORIENTED_EDGE('',*,*,#2034,.F.);
#687=ORIENTED_EDGE('',*,*,#2035,.F.);
#688=ORIENTED_EDGE('',*,*,#2036,.T.);
#689=ORIENTED_EDGE('',*,*,#2032,.T.);
#690=ORIENTED_EDGE('',*,*,#2037,.F.);
#691=ORIENTED_EDGE('',*,*,#2030,.F.);
#692=ORIENTED_EDGE('',*,*,#2038,.T.);
#693=ORIENTED_EDGE('',*,*,#2035,.T.);
#694=ORIENTED_EDGE('',*,*,#2029,.F.);
#695=ORIENTED_EDGE('',*,*,#2033,.F.);
#696=ORIENTED_EDGE('',*,*,#2036,.F.);
#697=ORIENTED_EDGE('',*,*,#2038,.F.);
#698=ORIENTED_EDGE('',*,*,#2027,.T.);
#699=ORIENTED_EDGE('',*,*,#2037,.T.);
#700=ORIENTED_EDGE('',*,*,#2034,.T.);
#701=ORIENTED_EDGE('',*,*,#2031,.T.);
#702=ORIENTED_EDGE('',*,*,#2039,.T.);
#703=ORIENTED_EDGE('',*,*,#2040,.T.);
#704=ORIENTED_EDGE('',*,*,#2041,.F.);
#705=ORIENTED_EDGE('',*,*,#2024,.F.);
#706=ORIENTED_EDGE('',*,*,#2042,.F.);
#707=ORIENTED_EDGE('',*,*,#2040,.F.);
#708=ORIENTED_EDGE('',*,*,#2043,.T.);
#709=ORIENTED_EDGE('',*,*,#2044,.T.);
#710=ORIENTED_EDGE('',*,*,#2026,.T.);
#711=ORIENTED_EDGE('',*,*,#2045,.T.);
#712=ORIENTED_EDGE('',*,*,#2044,.F.);
#713=ORIENTED_EDGE('',*,*,#2046,.F.);
#714=ORIENTED_EDGE('',*,*,#2023,.T.);
#715=ORIENTED_EDGE('',*,*,#2046,.T.);
#716=ORIENTED_EDGE('',*,*,#2043,.F.);
#717=ORIENTED_EDGE('',*,*,#2039,.F.);
#718=ORIENTED_EDGE('',*,*,#2041,.T.);
#719=ORIENTED_EDGE('',*,*,#2042,.T.);
#720=ORIENTED_EDGE('',*,*,#2045,.F.);
#721=ORIENTED_EDGE('',*,*,#2025,.F.);
#722=ORIENTED_EDGE('',*,*,#2047,.F.);
#723=ORIENTED_EDGE('',*,*,#2048,.T.);
#724=ORIENTED_EDGE('',*,*,#2049,.F.);
#725=ORIENTED_EDGE('',*,*,#2050,.F.);
#726=ORIENTED_EDGE('',*,*,#2051,.F.);
#727=ORIENTED_EDGE('',*,*,#2052,.F.);
#728=ORIENTED_EDGE('',*,*,#2053,.F.);
#729=ORIENTED_EDGE('',*,*,#2054,.T.);
#730=ORIENTED_EDGE('',*,*,#2055,.F.);
#731=ORIENTED_EDGE('',*,*,#2056,.T.);
#732=ORIENTED_EDGE('',*,*,#2057,.F.);
#733=ORIENTED_EDGE('',*,*,#2058,.T.);
#734=ORIENTED_EDGE('',*,*,#2059,.T.);
#735=ORIENTED_EDGE('',*,*,#2060,.F.);
#736=ORIENTED_EDGE('',*,*,#2061,.T.);
#737=ORIENTED_EDGE('',*,*,#2062,.T.);
#738=ORIENTED_EDGE('',*,*,#2063,.T.);
#739=ORIENTED_EDGE('',*,*,#2064,.F.);
#740=ORIENTED_EDGE('',*,*,#2065,.F.);
#741=ORIENTED_EDGE('',*,*,#2066,.T.);
#742=ORIENTED_EDGE('',*,*,#2067,.F.);
#743=ORIENTED_EDGE('',*,*,#2068,.T.);
#744=ORIENTED_EDGE('',*,*,#2069,.F.);
#745=ORIENTED_EDGE('',*,*,#2070,.F.);
#746=ORIENTED_EDGE('',*,*,#2071,.T.);
#747=ORIENTED_EDGE('',*,*,#2072,.T.);
#748=ORIENTED_EDGE('',*,*,#2073,.F.);
#749=ORIENTED_EDGE('',*,*,#2074,.T.);
#750=ORIENTED_EDGE('',*,*,#2075,.T.);
#751=ORIENTED_EDGE('',*,*,#2076,.F.);
#752=ORIENTED_EDGE('',*,*,#2077,.F.);
#753=ORIENTED_EDGE('',*,*,#2078,.F.);
#754=ORIENTED_EDGE('',*,*,#2079,.T.);
#755=ORIENTED_EDGE('',*,*,#2080,.F.);
#756=ORIENTED_EDGE('',*,*,#2081,.F.);
#757=ORIENTED_EDGE('',*,*,#2082,.T.);
#758=ORIENTED_EDGE('',*,*,#2083,.F.);
#759=ORIENTED_EDGE('',*,*,#2084,.T.);
#760=ORIENTED_EDGE('',*,*,#2085,.F.);
#761=ORIENTED_EDGE('',*,*,#2086,.T.);
#762=ORIENTED_EDGE('',*,*,#2087,.F.);
#763=ORIENTED_EDGE('',*,*,#2088,.F.);
#764=ORIENTED_EDGE('',*,*,#2089,.T.);
#765=ORIENTED_EDGE('',*,*,#2090,.T.);
#766=ORIENTED_EDGE('',*,*,#2091,.F.);
#767=ORIENTED_EDGE('',*,*,#2092,.T.);
#768=ORIENTED_EDGE('',*,*,#2093,.T.);
#769=ORIENTED_EDGE('',*,*,#2094,.T.);
#770=ORIENTED_EDGE('',*,*,#2095,.F.);
#771=ORIENTED_EDGE('',*,*,#2096,.F.);
#772=ORIENTED_EDGE('',*,*,#2097,.F.);
#773=ORIENTED_EDGE('',*,*,#2061,.F.);
#774=ORIENTED_EDGE('',*,*,#2098,.T.);
#775=ORIENTED_EDGE('',*,*,#2078,.T.);
#776=ORIENTED_EDGE('',*,*,#2099,.F.);
#777=ORIENTED_EDGE('',*,*,#2100,.T.);
#778=ORIENTED_EDGE('',*,*,#2101,.T.);
#779=ORIENTED_EDGE('',*,*,#2102,.F.);
#780=ORIENTED_EDGE('',*,*,#2074,.F.);
#781=ORIENTED_EDGE('',*,*,#2103,.T.);
#782=ORIENTED_EDGE('',*,*,#2090,.F.);
#783=ORIENTED_EDGE('',*,*,#2104,.F.);
#784=ORIENTED_EDGE('',*,*,#2105,.T.);
#785=ORIENTED_EDGE('',*,*,#2106,.T.);
#786=ORIENTED_EDGE('',*,*,#2086,.F.);
#787=ORIENTED_EDGE('',*,*,#2107,.T.);
#788=ORIENTED_EDGE('',*,*,#2082,.F.);
#789=ORIENTED_EDGE('',*,*,#2108,.F.);
#790=ORIENTED_EDGE('',*,*,#2109,.T.);
#791=ORIENTED_EDGE('',*,*,#2110,.T.);
#792=ORIENTED_EDGE('',*,*,#2095,.T.);
#793=ORIENTED_EDGE('',*,*,#2111,.T.);
#794=ORIENTED_EDGE('',*,*,#2109,.F.);
#795=ORIENTED_EDGE('',*,*,#2112,.T.);
#796=ORIENTED_EDGE('',*,*,#2057,.T.);
#797=ORIENTED_EDGE('',*,*,#2113,.T.);
#798=ORIENTED_EDGE('',*,*,#2053,.T.);
#799=ORIENTED_EDGE('',*,*,#2114,.T.);
#800=ORIENTED_EDGE('',*,*,#2115,.F.);
#801=ORIENTED_EDGE('',*,*,#2116,.F.);
#802=ORIENTED_EDGE('',*,*,#2069,.T.);
#803=ORIENTED_EDGE('',*,*,#2117,.T.);
#804=ORIENTED_EDGE('',*,*,#2065,.T.);
#805=ORIENTED_EDGE('',*,*,#2118,.T.);
#806=ORIENTED_EDGE('',*,*,#2119,.F.);
#807=ORIENTED_EDGE('',*,*,#2120,.F.);
#808=ORIENTED_EDGE('',*,*,#2121,.F.);
#809=ORIENTED_EDGE('',*,*,#2093,.F.);
#810=ORIENTED_EDGE('',*,*,#2122,.F.);
#811=ORIENTED_EDGE('',*,*,#2115,.T.);
#812=ORIENTED_EDGE('',*,*,#2123,.F.);
#813=ORIENTED_EDGE('',*,*,#2124,.T.);
#814=ORIENTED_EDGE('',*,*,#2125,.F.);
#815=ORIENTED_EDGE('',*,*,#2126,.T.);
#816=ORIENTED_EDGE('',*,*,#2127,.F.);
#817=ORIENTED_EDGE('',*,*,#2128,.T.);
#818=ORIENTED_EDGE('',*,*,#2129,.T.);
#819=ORIENTED_EDGE('',*,*,#2130,.F.);
#820=ORIENTED_EDGE('',*,*,#2131,.T.);
#821=ORIENTED_EDGE('',*,*,#2132,.T.);
#822=ORIENTED_EDGE('',*,*,#2133,.T.);
#823=ORIENTED_EDGE('',*,*,#2134,.F.);
#824=ORIENTED_EDGE('',*,*,#2135,.F.);
#825=ORIENTED_EDGE('',*,*,#2136,.T.);
#826=ORIENTED_EDGE('',*,*,#2137,.F.);
#827=ORIENTED_EDGE('',*,*,#2138,.T.);
#828=ORIENTED_EDGE('',*,*,#2139,.F.);
#829=ORIENTED_EDGE('',*,*,#2140,.F.);
#830=ORIENTED_EDGE('',*,*,#2141,.T.);
#831=ORIENTED_EDGE('',*,*,#2142,.T.);
#832=ORIENTED_EDGE('',*,*,#2143,.F.);
#833=ORIENTED_EDGE('',*,*,#2144,.T.);
#834=ORIENTED_EDGE('',*,*,#2145,.T.);
#835=ORIENTED_EDGE('',*,*,#2146,.F.);
#836=ORIENTED_EDGE('',*,*,#2147,.F.);
#837=ORIENTED_EDGE('',*,*,#2148,.F.);
#838=ORIENTED_EDGE('',*,*,#2149,.T.);
#839=ORIENTED_EDGE('',*,*,#2150,.F.);
#840=ORIENTED_EDGE('',*,*,#2151,.F.);
#841=ORIENTED_EDGE('',*,*,#2152,.T.);
#842=ORIENTED_EDGE('',*,*,#2153,.F.);
#843=ORIENTED_EDGE('',*,*,#2154,.T.);
#844=ORIENTED_EDGE('',*,*,#2155,.F.);
#845=ORIENTED_EDGE('',*,*,#2156,.T.);
#846=ORIENTED_EDGE('',*,*,#2157,.F.);
#847=ORIENTED_EDGE('',*,*,#2158,.F.);
#848=ORIENTED_EDGE('',*,*,#2159,.T.);
#849=ORIENTED_EDGE('',*,*,#2160,.T.);
#850=ORIENTED_EDGE('',*,*,#2161,.F.);
#851=ORIENTED_EDGE('',*,*,#2162,.T.);
#852=ORIENTED_EDGE('',*,*,#2163,.T.);
#853=ORIENTED_EDGE('',*,*,#2164,.T.);
#854=ORIENTED_EDGE('',*,*,#2165,.F.);
#855=ORIENTED_EDGE('',*,*,#2166,.F.);
#856=ORIENTED_EDGE('',*,*,#2167,.F.);
#857=ORIENTED_EDGE('',*,*,#2131,.F.);
#858=ORIENTED_EDGE('',*,*,#2168,.T.);
#859=ORIENTED_EDGE('',*,*,#2148,.T.);
#860=ORIENTED_EDGE('',*,*,#2169,.F.);
#861=ORIENTED_EDGE('',*,*,#2170,.T.);
#862=ORIENTED_EDGE('',*,*,#2171,.T.);
#863=ORIENTED_EDGE('',*,*,#2172,.F.);
#864=ORIENTED_EDGE('',*,*,#2144,.F.);
#865=ORIENTED_EDGE('',*,*,#2173,.T.);
#866=ORIENTED_EDGE('',*,*,#2160,.F.);
#867=ORIENTED_EDGE('',*,*,#2174,.F.);
#868=ORIENTED_EDGE('',*,*,#2175,.T.);
#869=ORIENTED_EDGE('',*,*,#2176,.T.);
#870=ORIENTED_EDGE('',*,*,#2156,.F.);
#871=ORIENTED_EDGE('',*,*,#2177,.T.);
#872=ORIENTED_EDGE('',*,*,#2152,.F.);
#873=ORIENTED_EDGE('',*,*,#2178,.F.);
#874=ORIENTED_EDGE('',*,*,#2179,.T.);
#875=ORIENTED_EDGE('',*,*,#2180,.T.);
#876=ORIENTED_EDGE('',*,*,#2165,.T.);
#877=ORIENTED_EDGE('',*,*,#2181,.T.);
#878=ORIENTED_EDGE('',*,*,#2179,.F.);
#879=ORIENTED_EDGE('',*,*,#2182,.T.);
#880=ORIENTED_EDGE('',*,*,#2127,.T.);
#881=ORIENTED_EDGE('',*,*,#2183,.T.);
#882=ORIENTED_EDGE('',*,*,#2123,.T.);
#883=ORIENTED_EDGE('',*,*,#2184,.T.);
#884=ORIENTED_EDGE('',*,*,#2185,.F.);
#885=ORIENTED_EDGE('',*,*,#2186,.F.);
#886=ORIENTED_EDGE('',*,*,#2139,.T.);
#887=ORIENTED_EDGE('',*,*,#2187,.T.);
#888=ORIENTED_EDGE('',*,*,#2135,.T.);
#889=ORIENTED_EDGE('',*,*,#2188,.T.);
#890=ORIENTED_EDGE('',*,*,#2189,.F.);
#891=ORIENTED_EDGE('',*,*,#2190,.F.);
#892=ORIENTED_EDGE('',*,*,#2191,.F.);
#893=ORIENTED_EDGE('',*,*,#2163,.F.);
#894=ORIENTED_EDGE('',*,*,#2192,.F.);
#895=ORIENTED_EDGE('',*,*,#2185,.T.);
#896=ORIENTED_EDGE('',*,*,#2193,.T.);
#897=ORIENTED_EDGE('',*,*,#2194,.T.);
#898=ORIENTED_EDGE('',*,*,#2195,.F.);
#899=ORIENTED_EDGE('',*,*,#2196,.T.);
#900=ORIENTED_EDGE('',*,*,#2197,.F.);
#901=ORIENTED_EDGE('',*,*,#2198,.T.);
#902=ORIENTED_EDGE('',*,*,#2199,.F.);
#903=ORIENTED_EDGE('',*,*,#2200,.T.);
#904=ORIENTED_EDGE('',*,*,#2201,.T.);
#905=ORIENTED_EDGE('',*,*,#2202,.F.);
#906=ORIENTED_EDGE('',*,*,#2203,.T.);
#907=ORIENTED_EDGE('',*,*,#2204,.T.);
#908=ORIENTED_EDGE('',*,*,#2205,.T.);
#909=ORIENTED_EDGE('',*,*,#2206,.F.);
#910=ORIENTED_EDGE('',*,*,#2207,.F.);
#911=ORIENTED_EDGE('',*,*,#2208,.T.);
#912=ORIENTED_EDGE('',*,*,#2209,.F.);
#913=ORIENTED_EDGE('',*,*,#2210,.T.);
#914=ORIENTED_EDGE('',*,*,#2211,.F.);
#915=ORIENTED_EDGE('',*,*,#2212,.F.);
#916=ORIENTED_EDGE('',*,*,#2213,.F.);
#917=ORIENTED_EDGE('',*,*,#2214,.F.);
#918=ORIENTED_EDGE('',*,*,#2215,.T.);
#919=ORIENTED_EDGE('',*,*,#2216,.T.);
#920=ORIENTED_EDGE('',*,*,#2217,.F.);
#921=ORIENTED_EDGE('',*,*,#2218,.T.);
#922=ORIENTED_EDGE('',*,*,#2219,.F.);
#923=ORIENTED_EDGE('',*,*,#2220,.T.);
#924=ORIENTED_EDGE('',*,*,#2221,.T.);
#925=ORIENTED_EDGE('',*,*,#2222,.F.);
#926=ORIENTED_EDGE('',*,*,#2223,.F.);
#927=ORIENTED_EDGE('',*,*,#2224,.F.);
#928=ORIENTED_EDGE('',*,*,#2225,.T.);
#929=ORIENTED_EDGE('',*,*,#2226,.F.);
#930=ORIENTED_EDGE('',*,*,#2227,.F.);
#931=ORIENTED_EDGE('',*,*,#2228,.T.);
#932=ORIENTED_EDGE('',*,*,#2229,.F.);
#933=ORIENTED_EDGE('',*,*,#2230,.T.);
#934=ORIENTED_EDGE('',*,*,#2231,.F.);
#935=ORIENTED_EDGE('',*,*,#2232,.T.);
#936=ORIENTED_EDGE('',*,*,#2233,.T.);
#937=ORIENTED_EDGE('',*,*,#2234,.T.);
#938=ORIENTED_EDGE('',*,*,#2235,.F.);
#939=ORIENTED_EDGE('',*,*,#2236,.F.);
#940=ORIENTED_EDGE('',*,*,#2237,.F.);
#941=ORIENTED_EDGE('',*,*,#2203,.F.);
#942=ORIENTED_EDGE('',*,*,#2238,.T.);
#943=ORIENTED_EDGE('',*,*,#2224,.T.);
#944=ORIENTED_EDGE('',*,*,#2239,.F.);
#945=ORIENTED_EDGE('',*,*,#2240,.T.);
#946=ORIENTED_EDGE('',*,*,#2241,.T.);
#947=ORIENTED_EDGE('',*,*,#2242,.F.);
#948=ORIENTED_EDGE('',*,*,#2243,.F.);
#949=ORIENTED_EDGE('',*,*,#2244,.T.);
#950=ORIENTED_EDGE('',*,*,#2245,.T.);
#951=ORIENTED_EDGE('',*,*,#2220,.F.);
#952=ORIENTED_EDGE('',*,*,#2246,.T.);
#953=ORIENTED_EDGE('',*,*,#2216,.F.);
#954=ORIENTED_EDGE('',*,*,#2235,.T.);
#955=ORIENTED_EDGE('',*,*,#2247,.T.);
#956=ORIENTED_EDGE('',*,*,#2248,.F.);
#957=ORIENTED_EDGE('',*,*,#2249,.T.);
#958=ORIENTED_EDGE('',*,*,#2250,.F.);
#959=ORIENTED_EDGE('',*,*,#2211,.T.);
#960=ORIENTED_EDGE('',*,*,#2251,.T.);
#961=ORIENTED_EDGE('',*,*,#2207,.T.);
#962=ORIENTED_EDGE('',*,*,#2252,.T.);
#963=ORIENTED_EDGE('',*,*,#2253,.F.);
#964=ORIENTED_EDGE('',*,*,#2254,.F.);
#965=ORIENTED_EDGE('',*,*,#2233,.F.);
#966=ORIENTED_EDGE('',*,*,#2255,.F.);
#967=ORIENTED_EDGE('',*,*,#2256,.T.);
#968=ORIENTED_EDGE('',*,*,#2257,.F.);
#969=ORIENTED_EDGE('',*,*,#2258,.T.);
#970=ORIENTED_EDGE('',*,*,#2259,.F.);
#971=ORIENTED_EDGE('',*,*,#2260,.T.);
#972=ORIENTED_EDGE('',*,*,#2261,.F.);
#973=ORIENTED_EDGE('',*,*,#2262,.T.);
#974=ORIENTED_EDGE('',*,*,#2263,.T.);
#975=ORIENTED_EDGE('',*,*,#2264,.F.);
#976=ORIENTED_EDGE('',*,*,#2265,.T.);
#977=ORIENTED_EDGE('',*,*,#2266,.T.);
#978=ORIENTED_EDGE('',*,*,#2267,.T.);
#979=ORIENTED_EDGE('',*,*,#2268,.F.);
#980=ORIENTED_EDGE('',*,*,#2269,.F.);
#981=ORIENTED_EDGE('',*,*,#2270,.T.);
#982=ORIENTED_EDGE('',*,*,#2271,.F.);
#983=ORIENTED_EDGE('',*,*,#2272,.T.);
#984=ORIENTED_EDGE('',*,*,#2273,.F.);
#985=ORIENTED_EDGE('',*,*,#2274,.F.);
#986=ORIENTED_EDGE('',*,*,#2275,.T.);
#987=ORIENTED_EDGE('',*,*,#2276,.T.);
#988=ORIENTED_EDGE('',*,*,#2277,.F.);
#989=ORIENTED_EDGE('',*,*,#2278,.T.);
#990=ORIENTED_EDGE('',*,*,#2279,.T.);
#991=ORIENTED_EDGE('',*,*,#2280,.F.);
#992=ORIENTED_EDGE('',*,*,#2281,.F.);
#993=ORIENTED_EDGE('',*,*,#2282,.F.);
#994=ORIENTED_EDGE('',*,*,#2283,.T.);
#995=ORIENTED_EDGE('',*,*,#2284,.F.);
#996=ORIENTED_EDGE('',*,*,#2285,.F.);
#997=ORIENTED_EDGE('',*,*,#2286,.T.);
#998=ORIENTED_EDGE('',*,*,#2287,.F.);
#999=ORIENTED_EDGE('',*,*,#2288,.T.);
#1000=ORIENTED_EDGE('',*,*,#2289,.F.);
#1001=ORIENTED_EDGE('',*,*,#2290,.T.);
#1002=ORIENTED_EDGE('',*,*,#2291,.F.);
#1003=ORIENTED_EDGE('',*,*,#2292,.F.);
#1004=ORIENTED_EDGE('',*,*,#2293,.T.);
#1005=ORIENTED_EDGE('',*,*,#2294,.T.);
#1006=ORIENTED_EDGE('',*,*,#2295,.F.);
#1007=ORIENTED_EDGE('',*,*,#2296,.T.);
#1008=ORIENTED_EDGE('',*,*,#2297,.T.);
#1009=ORIENTED_EDGE('',*,*,#2298,.T.);
#1010=ORIENTED_EDGE('',*,*,#2299,.F.);
#1011=ORIENTED_EDGE('',*,*,#2300,.F.);
#1012=ORIENTED_EDGE('',*,*,#2301,.F.);
#1013=ORIENTED_EDGE('',*,*,#2265,.F.);
#1014=ORIENTED_EDGE('',*,*,#2302,.T.);
#1015=ORIENTED_EDGE('',*,*,#2282,.T.);
#1016=ORIENTED_EDGE('',*,*,#2303,.F.);
#1017=ORIENTED_EDGE('',*,*,#2304,.T.);
#1018=ORIENTED_EDGE('',*,*,#2305,.T.);
#1019=ORIENTED_EDGE('',*,*,#2306,.F.);
#1020=ORIENTED_EDGE('',*,*,#2278,.F.);
#1021=ORIENTED_EDGE('',*,*,#2307,.T.);
#1022=ORIENTED_EDGE('',*,*,#2294,.F.);
#1023=ORIENTED_EDGE('',*,*,#2308,.F.);
#1024=ORIENTED_EDGE('',*,*,#2309,.T.);
#1025=ORIENTED_EDGE('',*,*,#2310,.T.);
#1026=ORIENTED_EDGE('',*,*,#2299,.T.);
#1027=ORIENTED_EDGE('',*,*,#2311,.T.);
#1028=ORIENTED_EDGE('',*,*,#2312,.F.);
#1029=ORIENTED_EDGE('',*,*,#2313,.T.);
#1030=ORIENTED_EDGE('',*,*,#2261,.T.);
#1031=ORIENTED_EDGE('',*,*,#2314,.T.);
#1032=ORIENTED_EDGE('',*,*,#2257,.T.);
#1033=ORIENTED_EDGE('',*,*,#2315,.T.);
#1034=ORIENTED_EDGE('',*,*,#2316,.F.);
#1035=ORIENTED_EDGE('',*,*,#2317,.F.);
#1036=ORIENTED_EDGE('',*,*,#2273,.T.);
#1037=ORIENTED_EDGE('',*,*,#2318,.T.);
#1038=ORIENTED_EDGE('',*,*,#2269,.T.);
#1039=ORIENTED_EDGE('',*,*,#2319,.T.);
#1040=ORIENTED_EDGE('',*,*,#2320,.F.);
#1041=ORIENTED_EDGE('',*,*,#2321,.F.);
#1042=ORIENTED_EDGE('',*,*,#2322,.F.);
#1043=ORIENTED_EDGE('',*,*,#2297,.F.);
#1044=ORIENTED_EDGE('',*,*,#2323,.F.);
#1045=ORIENTED_EDGE('',*,*,#2316,.T.);
#1046=ORIENTED_EDGE('',*,*,#2324,.F.);
#1047=ORIENTED_EDGE('',*,*,#2267,.F.);
#1048=ORIENTED_EDGE('',*,*,#2325,.T.);
#1049=ORIENTED_EDGE('',*,*,#2280,.T.);
#1050=ORIENTED_EDGE('',*,*,#2201,.F.);
#1051=ORIENTED_EDGE('',*,*,#2326,.T.);
#1052=ORIENTED_EDGE('',*,*,#2226,.T.);
#1053=ORIENTED_EDGE('',*,*,#2327,.F.);
#1054=ORIENTED_EDGE('',*,*,#2328,.T.);
#1055=ORIENTED_EDGE('',*,*,#2329,.F.);
#1056=ORIENTED_EDGE('',*,*,#2133,.F.);
#1057=ORIENTED_EDGE('',*,*,#2330,.T.);
#1058=ORIENTED_EDGE('',*,*,#2146,.T.);
#1059=ORIENTED_EDGE('',*,*,#2059,.F.);
#1060=ORIENTED_EDGE('',*,*,#2331,.T.);
#1061=ORIENTED_EDGE('',*,*,#2080,.T.);
#1062=ORIENTED_EDGE('',*,*,#2332,.F.);
#1063=ORIENTED_EDGE('',*,*,#2333,.T.);
#1064=ORIENTED_EDGE('',*,*,#2334,.F.);
#1065=ORIENTED_EDGE('',*,*,#2335,.T.);
#1066=ORIENTED_EDGE('',*,*,#2336,.F.);
#1067=ORIENTED_EDGE('',*,*,#2063,.F.);
#1068=ORIENTED_EDGE('',*,*,#2337,.T.);
#1069=ORIENTED_EDGE('',*,*,#2076,.T.);
#1070=ORIENTED_EDGE('',*,*,#2338,.T.);
#1071=ORIENTED_EDGE('',*,*,#2129,.F.);
#1072=ORIENTED_EDGE('',*,*,#2339,.T.);
#1073=ORIENTED_EDGE('',*,*,#2150,.T.);
#1074=ORIENTED_EDGE('',*,*,#2340,.F.);
#1075=ORIENTED_EDGE('',*,*,#2341,.F.);
#1076=ORIENTED_EDGE('',*,*,#2205,.F.);
#1077=ORIENTED_EDGE('',*,*,#2342,.T.);
#1078=ORIENTED_EDGE('',*,*,#2222,.T.);
#1079=ORIENTED_EDGE('',*,*,#2343,.T.);
#1080=ORIENTED_EDGE('',*,*,#2263,.F.);
#1081=ORIENTED_EDGE('',*,*,#2344,.T.);
#1082=ORIENTED_EDGE('',*,*,#2284,.T.);
#1083=ORIENTED_EDGE('',*,*,#2345,.F.);
#1084=ORIENTED_EDGE('',*,*,#2334,.T.);
#1085=ORIENTED_EDGE('',*,*,#2047,.T.);
#1086=ORIENTED_EDGE('',*,*,#2335,.F.);
#1087=ORIENTED_EDGE('',*,*,#2048,.F.);
#1088=ORIENTED_EDGE('',*,*,#2333,.F.);
#1089=ORIENTED_EDGE('',*,*,#2346,.T.);
#1090=ORIENTED_EDGE('',*,*,#2347,.F.);
#1091=ORIENTED_EDGE('',*,*,#2346,.F.);
#1092=ORIENTED_EDGE('',*,*,#2348,.F.);
#1093=ORIENTED_EDGE('',*,*,#2349,.T.);
#1094=ORIENTED_EDGE('',*,*,#2350,.T.);
#1095=ORIENTED_EDGE('',*,*,#2351,.F.);
#1096=ORIENTED_EDGE('',*,*,#2331,.F.);
#1097=ORIENTED_EDGE('',*,*,#2058,.F.);
#1098=ORIENTED_EDGE('',*,*,#2116,.T.);
#1099=ORIENTED_EDGE('',*,*,#2122,.T.);
#1100=ORIENTED_EDGE('',*,*,#2096,.T.);
#1101=ORIENTED_EDGE('',*,*,#2112,.F.);
#1102=ORIENTED_EDGE('',*,*,#2108,.T.);
#1103=ORIENTED_EDGE('',*,*,#2081,.T.);
#1104=ORIENTED_EDGE('',*,*,#2064,.T.);
#1105=ORIENTED_EDGE('',*,*,#2336,.T.);
#1106=ORIENTED_EDGE('',*,*,#2075,.F.);
#1107=ORIENTED_EDGE('',*,*,#2106,.F.);
#1108=ORIENTED_EDGE('',*,*,#2352,.T.);
#1109=ORIENTED_EDGE('',*,*,#2350,.F.);
#1110=ORIENTED_EDGE('',*,*,#2353,.F.);
#1111=ORIENTED_EDGE('',*,*,#2118,.F.);
#1112=ORIENTED_EDGE('',*,*,#2060,.T.);
#1113=ORIENTED_EDGE('',*,*,#2332,.T.);
#1114=ORIENTED_EDGE('',*,*,#2079,.F.);
#1115=ORIENTED_EDGE('',*,*,#2098,.F.);
#1116=ORIENTED_EDGE('',*,*,#2337,.F.);
#1117=ORIENTED_EDGE('',*,*,#2062,.F.);
#1118=ORIENTED_EDGE('',*,*,#2097,.T.);
#1119=ORIENTED_EDGE('',*,*,#2077,.T.);
#1120=ORIENTED_EDGE('',*,*,#2354,.F.);
#1121=ORIENTED_EDGE('',*,*,#2351,.T.);
#1122=ORIENTED_EDGE('',*,*,#2352,.F.);
#1123=ORIENTED_EDGE('',*,*,#2105,.F.);
#1124=ORIENTED_EDGE('',*,*,#2349,.F.);
#1125=ORIENTED_EDGE('',*,*,#2355,.T.);
#1126=ORIENTED_EDGE('',*,*,#2119,.T.);
#1127=ORIENTED_EDGE('',*,*,#2353,.T.);
#1128=ORIENTED_EDGE('',*,*,#2338,.F.);
#1129=ORIENTED_EDGE('',*,*,#2356,.T.);
#1130=ORIENTED_EDGE('',*,*,#2357,.F.);
#1131=ORIENTED_EDGE('',*,*,#2356,.F.);
#1132=ORIENTED_EDGE('',*,*,#2358,.F.);
#1133=ORIENTED_EDGE('',*,*,#2359,.T.);
#1134=ORIENTED_EDGE('',*,*,#2360,.T.);
#1135=ORIENTED_EDGE('',*,*,#2361,.F.);
#1136=ORIENTED_EDGE('',*,*,#2339,.F.);
#1137=ORIENTED_EDGE('',*,*,#2128,.F.);
#1138=ORIENTED_EDGE('',*,*,#2186,.T.);
#1139=ORIENTED_EDGE('',*,*,#2192,.T.);
#1140=ORIENTED_EDGE('',*,*,#2166,.T.);
#1141=ORIENTED_EDGE('',*,*,#2182,.F.);
#1142=ORIENTED_EDGE('',*,*,#2178,.T.);
#1143=ORIENTED_EDGE('',*,*,#2151,.T.);
#1144=ORIENTED_EDGE('',*,*,#2134,.T.);
#1145=ORIENTED_EDGE('',*,*,#2329,.T.);
#1146=ORIENTED_EDGE('',*,*,#2145,.F.);
#1147=ORIENTED_EDGE('',*,*,#2176,.F.);
#1148=ORIENTED_EDGE('',*,*,#2362,.T.);
#1149=ORIENTED_EDGE('',*,*,#2360,.F.);
#1150=ORIENTED_EDGE('',*,*,#2363,.F.);
#1151=ORIENTED_EDGE('',*,*,#2188,.F.);
#1152=ORIENTED_EDGE('',*,*,#2130,.T.);
#1153=ORIENTED_EDGE('',*,*,#2340,.T.);
#1154=ORIENTED_EDGE('',*,*,#2149,.F.);
#1155=ORIENTED_EDGE('',*,*,#2168,.F.);
#1156=ORIENTED_EDGE('',*,*,#2330,.F.);
#1157=ORIENTED_EDGE('',*,*,#2132,.F.);
#1158=ORIENTED_EDGE('',*,*,#2167,.T.);
#1159=ORIENTED_EDGE('',*,*,#2147,.T.);
#1160=ORIENTED_EDGE('',*,*,#2364,.F.);
#1161=ORIENTED_EDGE('',*,*,#2361,.T.);
#1162=ORIENTED_EDGE('',*,*,#2362,.F.);
#1163=ORIENTED_EDGE('',*,*,#2175,.F.);
#1164=ORIENTED_EDGE('',*,*,#2359,.F.);
#1165=ORIENTED_EDGE('',*,*,#2365,.T.);
#1166=ORIENTED_EDGE('',*,*,#2189,.T.);
#1167=ORIENTED_EDGE('',*,*,#2363,.T.);
#1168=ORIENTED_EDGE('',*,*,#2328,.F.);
#1169=ORIENTED_EDGE('',*,*,#2366,.T.);
#1170=ORIENTED_EDGE('',*,*,#2367,.F.);
#1171=ORIENTED_EDGE('',*,*,#2366,.F.);
#1172=ORIENTED_EDGE('',*,*,#2368,.F.);
#1173=ORIENTED_EDGE('',*,*,#2369,.T.);
#1174=ORIENTED_EDGE('',*,*,#2370,.T.);
#1175=ORIENTED_EDGE('',*,*,#2371,.F.);
#1176=ORIENTED_EDGE('',*,*,#2326,.F.);
#1177=ORIENTED_EDGE('',*,*,#2200,.F.);
#1178=ORIENTED_EDGE('',*,*,#2372,.T.);
#1179=ORIENTED_EDGE('',*,*,#2255,.T.);
#1180=ORIENTED_EDGE('',*,*,#2236,.T.);
#1181=ORIENTED_EDGE('',*,*,#2249,.F.);
#1182=ORIENTED_EDGE('',*,*,#2373,.T.);
#1183=ORIENTED_EDGE('',*,*,#2227,.T.);
#1184=ORIENTED_EDGE('',*,*,#2206,.T.);
#1185=ORIENTED_EDGE('',*,*,#2341,.T.);
#1186=ORIENTED_EDGE('',*,*,#2221,.F.);
#1187=ORIENTED_EDGE('',*,*,#2245,.F.);
#1188=ORIENTED_EDGE('',*,*,#2374,.T.);
#1189=ORIENTED_EDGE('',*,*,#2370,.F.);
#1190=ORIENTED_EDGE('',*,*,#2375,.F.);
#1191=ORIENTED_EDGE('',*,*,#2252,.F.);
#1192=ORIENTED_EDGE('',*,*,#2202,.T.);
#1193=ORIENTED_EDGE('',*,*,#2327,.T.);
#1194=ORIENTED_EDGE('',*,*,#2225,.F.);
#1195=ORIENTED_EDGE('',*,*,#2238,.F.);
#1196=ORIENTED_EDGE('',*,*,#2342,.F.);
#1197=ORIENTED_EDGE('',*,*,#2204,.F.);
#1198=ORIENTED_EDGE('',*,*,#2237,.T.);
#1199=ORIENTED_EDGE('',*,*,#2223,.T.);
#1200=ORIENTED_EDGE('',*,*,#2248,.T.);
#1201=ORIENTED_EDGE('',*,*,#2376,.T.);
#1202=ORIENTED_EDGE('',*,*,#2232,.F.);
#1203=ORIENTED_EDGE('',*,*,#2377,.T.);
#1204=ORIENTED_EDGE('',*,*,#2228,.F.);
#1205=ORIENTED_EDGE('',*,*,#2373,.F.);
#1206=ORIENTED_EDGE('',*,*,#2378,.F.);
#1207=ORIENTED_EDGE('',*,*,#2371,.T.);
#1208=ORIENTED_EDGE('',*,*,#2374,.F.);
#1209=ORIENTED_EDGE('',*,*,#2244,.F.);
#1210=ORIENTED_EDGE('',*,*,#2195,.T.);
#1211=ORIENTED_EDGE('',*,*,#2379,.T.);
#1212=ORIENTED_EDGE('',*,*,#2256,.F.);
#1213=ORIENTED_EDGE('',*,*,#2372,.F.);
#1214=ORIENTED_EDGE('',*,*,#2199,.T.);
#1215=ORIENTED_EDGE('',*,*,#2380,.T.);
#1216=ORIENTED_EDGE('',*,*,#2369,.F.);
#1217=ORIENTED_EDGE('',*,*,#2381,.T.);
#1218=ORIENTED_EDGE('',*,*,#2253,.T.);
#1219=ORIENTED_EDGE('',*,*,#2375,.T.);
#1220=ORIENTED_EDGE('',*,*,#2343,.F.);
#1221=ORIENTED_EDGE('',*,*,#2382,.T.);
#1222=ORIENTED_EDGE('',*,*,#2383,.F.);
#1223=ORIENTED_EDGE('',*,*,#2382,.F.);
#1224=ORIENTED_EDGE('',*,*,#2384,.F.);
#1225=ORIENTED_EDGE('',*,*,#2385,.T.);
#1226=ORIENTED_EDGE('',*,*,#2386,.T.);
#1227=ORIENTED_EDGE('',*,*,#2387,.F.);
#1228=ORIENTED_EDGE('',*,*,#2344,.F.);
#1229=ORIENTED_EDGE('',*,*,#2262,.F.);
#1230=ORIENTED_EDGE('',*,*,#2317,.T.);
#1231=ORIENTED_EDGE('',*,*,#2323,.T.);
#1232=ORIENTED_EDGE('',*,*,#2300,.T.);
#1233=ORIENTED_EDGE('',*,*,#2313,.F.);
#1234=ORIENTED_EDGE('',*,*,#2388,.T.);
#1235=ORIENTED_EDGE('',*,*,#2285,.T.);
#1236=ORIENTED_EDGE('',*,*,#2268,.T.);
#1237=ORIENTED_EDGE('',*,*,#2324,.T.);
#1238=ORIENTED_EDGE('',*,*,#2279,.F.);
#1239=ORIENTED_EDGE('',*,*,#2310,.F.);
#1240=ORIENTED_EDGE('',*,*,#2389,.T.);
#1241=ORIENTED_EDGE('',*,*,#2386,.F.);
#1242=ORIENTED_EDGE('',*,*,#2390,.F.);
#1243=ORIENTED_EDGE('',*,*,#2319,.F.);
#1244=ORIENTED_EDGE('',*,*,#2264,.T.);
#1245=ORIENTED_EDGE('',*,*,#2345,.T.);
#1246=ORIENTED_EDGE('',*,*,#2283,.F.);
#1247=ORIENTED_EDGE('',*,*,#2302,.F.);
#1248=ORIENTED_EDGE('',*,*,#2325,.F.);
#1249=ORIENTED_EDGE('',*,*,#2266,.F.);
#1250=ORIENTED_EDGE('',*,*,#2301,.T.);
#1251=ORIENTED_EDGE('',*,*,#2281,.T.);
#1252=ORIENTED_EDGE('',*,*,#2312,.T.);
#1253=ORIENTED_EDGE('',*,*,#2391,.T.);
#1254=ORIENTED_EDGE('',*,*,#2290,.F.);
#1255=ORIENTED_EDGE('',*,*,#2392,.T.);
#1256=ORIENTED_EDGE('',*,*,#2286,.F.);
#1257=ORIENTED_EDGE('',*,*,#2388,.F.);
#1258=ORIENTED_EDGE('',*,*,#2393,.F.);
#1259=ORIENTED_EDGE('',*,*,#2387,.T.);
#1260=ORIENTED_EDGE('',*,*,#2389,.F.);
#1261=ORIENTED_EDGE('',*,*,#2309,.F.);
#1262=ORIENTED_EDGE('',*,*,#2385,.F.);
#1263=ORIENTED_EDGE('',*,*,#2394,.T.);
#1264=ORIENTED_EDGE('',*,*,#2320,.T.);
#1265=ORIENTED_EDGE('',*,*,#2390,.T.);
#1266=ORIENTED_EDGE('',*,*,#2395,.F.);
#1267=ORIENTED_EDGE('',*,*,#2396,.F.);
#1268=ORIENTED_EDGE('',*,*,#2274,.T.);
#1269=ORIENTED_EDGE('',*,*,#2321,.T.);
#1270=ORIENTED_EDGE('',*,*,#2394,.F.);
#1271=ORIENTED_EDGE('',*,*,#2384,.T.);
#1272=ORIENTED_EDGE('',*,*,#2393,.T.);
#1273=ORIENTED_EDGE('',*,*,#2308,.T.);
#1274=ORIENTED_EDGE('',*,*,#2293,.F.);
#1275=ORIENTED_EDGE('',*,*,#2397,.F.);
#1276=ORIENTED_EDGE('',*,*,#2398,.T.);
#1277=ORIENTED_EDGE('',*,*,#2305,.F.);
#1278=ORIENTED_EDGE('',*,*,#2303,.T.);
#1279=ORIENTED_EDGE('',*,*,#2399,.F.);
#1280=ORIENTED_EDGE('',*,*,#2400,.T.);
#1281=ORIENTED_EDGE('',*,*,#2291,.T.);
#1282=ORIENTED_EDGE('',*,*,#2391,.F.);
#1283=ORIENTED_EDGE('',*,*,#2311,.F.);
#1284=ORIENTED_EDGE('',*,*,#2298,.F.);
#1285=ORIENTED_EDGE('',*,*,#2322,.T.);
#1286=ORIENTED_EDGE('',*,*,#2315,.F.);
#1287=ORIENTED_EDGE('',*,*,#2276,.F.);
#1288=ORIENTED_EDGE('',*,*,#2401,.T.);
#1289=ORIENTED_EDGE('',*,*,#2402,.T.);
#1290=ORIENTED_EDGE('',*,*,#2306,.T.);
#1291=ORIENTED_EDGE('',*,*,#2398,.F.);
#1292=ORIENTED_EDGE('',*,*,#2403,.T.);
#1293=ORIENTED_EDGE('',*,*,#2399,.T.);
#1294=ORIENTED_EDGE('',*,*,#2402,.F.);
#1295=ORIENTED_EDGE('',*,*,#2404,.F.);
#1296=ORIENTED_EDGE('',*,*,#2395,.T.);
#1297=ORIENTED_EDGE('',*,*,#2304,.F.);
#1298=ORIENTED_EDGE('',*,*,#2292,.T.);
#1299=ORIENTED_EDGE('',*,*,#2400,.F.);
#1300=ORIENTED_EDGE('',*,*,#2403,.F.);
#1301=ORIENTED_EDGE('',*,*,#2397,.T.);
#1302=ORIENTED_EDGE('',*,*,#2396,.T.);
#1303=ORIENTED_EDGE('',*,*,#2404,.T.);
#1304=ORIENTED_EDGE('',*,*,#2401,.F.);
#1305=ORIENTED_EDGE('',*,*,#2275,.F.);
#1306=ORIENTED_EDGE('',*,*,#2318,.F.);
#1307=ORIENTED_EDGE('',*,*,#2272,.F.);
#1308=ORIENTED_EDGE('',*,*,#2405,.T.);
#1309=ORIENTED_EDGE('',*,*,#2270,.F.);
#1310=ORIENTED_EDGE('',*,*,#2271,.T.);
#1311=ORIENTED_EDGE('',*,*,#2405,.F.);
#1312=ORIENTED_EDGE('',*,*,#2314,.F.);
#1313=ORIENTED_EDGE('',*,*,#2260,.F.);
#1314=ORIENTED_EDGE('',*,*,#2406,.T.);
#1315=ORIENTED_EDGE('',*,*,#2258,.F.);
#1316=ORIENTED_EDGE('',*,*,#2259,.T.);
#1317=ORIENTED_EDGE('',*,*,#2406,.F.);
#1318=ORIENTED_EDGE('',*,*,#2407,.F.);
#1319=ORIENTED_EDGE('',*,*,#2288,.F.);
#1320=ORIENTED_EDGE('',*,*,#2289,.T.);
#1321=ORIENTED_EDGE('',*,*,#2407,.T.);
#1322=ORIENTED_EDGE('',*,*,#2287,.T.);
#1323=ORIENTED_EDGE('',*,*,#2392,.F.);
#1324=ORIENTED_EDGE('',*,*,#2408,.F.);
#1325=ORIENTED_EDGE('',*,*,#2296,.F.);
#1326=ORIENTED_EDGE('',*,*,#2277,.T.);
#1327=ORIENTED_EDGE('',*,*,#2408,.T.);
#1328=ORIENTED_EDGE('',*,*,#2295,.T.);
#1329=ORIENTED_EDGE('',*,*,#2307,.F.);
#1330=ORIENTED_EDGE('',*,*,#2383,.T.);
#1331=ORIENTED_EDGE('',*,*,#2050,.T.);
#1332=ORIENTED_EDGE('',*,*,#2409,.F.);
#1333=ORIENTED_EDGE('',*,*,#2410,.F.);
#1334=ORIENTED_EDGE('',*,*,#2212,.T.);
#1335=ORIENTED_EDGE('',*,*,#2250,.T.);
#1336=ORIENTED_EDGE('',*,*,#2381,.F.);
#1337=ORIENTED_EDGE('',*,*,#2368,.T.);
#1338=ORIENTED_EDGE('',*,*,#2378,.T.);
#1339=ORIENTED_EDGE('',*,*,#2243,.T.);
#1340=ORIENTED_EDGE('',*,*,#2215,.F.);
#1341=ORIENTED_EDGE('',*,*,#2411,.F.);
#1342=ORIENTED_EDGE('',*,*,#2412,.T.);
#1343=ORIENTED_EDGE('',*,*,#2241,.F.);
#1344=ORIENTED_EDGE('',*,*,#2239,.T.);
#1345=ORIENTED_EDGE('',*,*,#2413,.F.);
#1346=ORIENTED_EDGE('',*,*,#2414,.T.);
#1347=ORIENTED_EDGE('',*,*,#2213,.T.);
#1348=ORIENTED_EDGE('',*,*,#2376,.F.);
#1349=ORIENTED_EDGE('',*,*,#2247,.F.);
#1350=ORIENTED_EDGE('',*,*,#2234,.F.);
#1351=ORIENTED_EDGE('',*,*,#2254,.T.);
#1352=ORIENTED_EDGE('',*,*,#2379,.F.);
#1353=ORIENTED_EDGE('',*,*,#2194,.F.);
#1354=ORIENTED_EDGE('',*,*,#2415,.T.);
#1355=ORIENTED_EDGE('',*,*,#2416,.T.);
#1356=ORIENTED_EDGE('',*,*,#2242,.T.);
#1357=ORIENTED_EDGE('',*,*,#2412,.F.);
#1358=ORIENTED_EDGE('',*,*,#2417,.T.);
#1359=ORIENTED_EDGE('',*,*,#2413,.T.);
#1360=ORIENTED_EDGE('',*,*,#2416,.F.);
#1361=ORIENTED_EDGE('',*,*,#2418,.F.);
#1362=ORIENTED_EDGE('',*,*,#2409,.T.);
#1363=ORIENTED_EDGE('',*,*,#2240,.F.);
#1364=ORIENTED_EDGE('',*,*,#2214,.T.);
#1365=ORIENTED_EDGE('',*,*,#2414,.F.);
#1366=ORIENTED_EDGE('',*,*,#2417,.F.);
#1367=ORIENTED_EDGE('',*,*,#2411,.T.);
#1368=ORIENTED_EDGE('',*,*,#2410,.T.);
#1369=ORIENTED_EDGE('',*,*,#2418,.T.);
#1370=ORIENTED_EDGE('',*,*,#2415,.F.);
#1371=ORIENTED_EDGE('',*,*,#2193,.F.);
#1372=ORIENTED_EDGE('',*,*,#2380,.F.);
#1373=ORIENTED_EDGE('',*,*,#2198,.F.);
#1374=ORIENTED_EDGE('',*,*,#2419,.T.);
#1375=ORIENTED_EDGE('',*,*,#2196,.F.);
#1376=ORIENTED_EDGE('',*,*,#2197,.T.);
#1377=ORIENTED_EDGE('',*,*,#2419,.F.);
#1378=ORIENTED_EDGE('',*,*,#2251,.F.);
#1379=ORIENTED_EDGE('',*,*,#2210,.F.);
#1380=ORIENTED_EDGE('',*,*,#2420,.T.);
#1381=ORIENTED_EDGE('',*,*,#2208,.F.);
#1382=ORIENTED_EDGE('',*,*,#2209,.T.);
#1383=ORIENTED_EDGE('',*,*,#2420,.F.);
#1384=ORIENTED_EDGE('',*,*,#2421,.F.);
#1385=ORIENTED_EDGE('',*,*,#2230,.F.);
#1386=ORIENTED_EDGE('',*,*,#2231,.T.);
#1387=ORIENTED_EDGE('',*,*,#2421,.T.);
#1388=ORIENTED_EDGE('',*,*,#2229,.T.);
#1389=ORIENTED_EDGE('',*,*,#2377,.F.);
#1390=ORIENTED_EDGE('',*,*,#2422,.F.);
#1391=ORIENTED_EDGE('',*,*,#2218,.F.);
#1392=ORIENTED_EDGE('',*,*,#2219,.T.);
#1393=ORIENTED_EDGE('',*,*,#2422,.T.);
#1394=ORIENTED_EDGE('',*,*,#2217,.T.);
#1395=ORIENTED_EDGE('',*,*,#2246,.F.);
#1396=ORIENTED_EDGE('',*,*,#2367,.T.);
#1397=ORIENTED_EDGE('',*,*,#2052,.T.);
#1398=ORIENTED_EDGE('',*,*,#2423,.F.);
#1399=ORIENTED_EDGE('',*,*,#2424,.F.);
#1400=ORIENTED_EDGE('',*,*,#2140,.T.);
#1401=ORIENTED_EDGE('',*,*,#2190,.T.);
#1402=ORIENTED_EDGE('',*,*,#2365,.F.);
#1403=ORIENTED_EDGE('',*,*,#2358,.T.);
#1404=ORIENTED_EDGE('',*,*,#2364,.T.);
#1405=ORIENTED_EDGE('',*,*,#2174,.T.);
#1406=ORIENTED_EDGE('',*,*,#2159,.F.);
#1407=ORIENTED_EDGE('',*,*,#2425,.F.);
#1408=ORIENTED_EDGE('',*,*,#2426,.T.);
#1409=ORIENTED_EDGE('',*,*,#2171,.F.);
#1410=ORIENTED_EDGE('',*,*,#2169,.T.);
#1411=ORIENTED_EDGE('',*,*,#2427,.F.);
#1412=ORIENTED_EDGE('',*,*,#2428,.T.);
#1413=ORIENTED_EDGE('',*,*,#2157,.T.);
#1414=ORIENTED_EDGE('',*,*,#2180,.F.);
#1415=ORIENTED_EDGE('',*,*,#2181,.F.);
#1416=ORIENTED_EDGE('',*,*,#2164,.F.);
#1417=ORIENTED_EDGE('',*,*,#2191,.T.);
#1418=ORIENTED_EDGE('',*,*,#2184,.F.);
#1419=ORIENTED_EDGE('',*,*,#2142,.F.);
#1420=ORIENTED_EDGE('',*,*,#2429,.T.);
#1421=ORIENTED_EDGE('',*,*,#2430,.T.);
#1422=ORIENTED_EDGE('',*,*,#2172,.T.);
#1423=ORIENTED_EDGE('',*,*,#2426,.F.);
#1424=ORIENTED_EDGE('',*,*,#2431,.T.);
#1425=ORIENTED_EDGE('',*,*,#2427,.T.);
#1426=ORIENTED_EDGE('',*,*,#2430,.F.);
#1427=ORIENTED_EDGE('',*,*,#2432,.F.);
#1428=ORIENTED_EDGE('',*,*,#2423,.T.);
#1429=ORIENTED_EDGE('',*,*,#2170,.F.);
#1430=ORIENTED_EDGE('',*,*,#2158,.T.);
#1431=ORIENTED_EDGE('',*,*,#2428,.F.);
#1432=ORIENTED_EDGE('',*,*,#2431,.F.);
#1433=ORIENTED_EDGE('',*,*,#2425,.T.);
#1434=ORIENTED_EDGE('',*,*,#2424,.T.);
#1435=ORIENTED_EDGE('',*,*,#2432,.T.);
#1436=ORIENTED_EDGE('',*,*,#2429,.F.);
#1437=ORIENTED_EDGE('',*,*,#2141,.F.);
#1438=ORIENTED_EDGE('',*,*,#2187,.F.);
#1439=ORIENTED_EDGE('',*,*,#2138,.F.);
#1440=ORIENTED_EDGE('',*,*,#2433,.T.);
#1441=ORIENTED_EDGE('',*,*,#2136,.F.);
#1442=ORIENTED_EDGE('',*,*,#2137,.T.);
#1443=ORIENTED_EDGE('',*,*,#2433,.F.);
#1444=ORIENTED_EDGE('',*,*,#2183,.F.);
#1445=ORIENTED_EDGE('',*,*,#2126,.F.);
#1446=ORIENTED_EDGE('',*,*,#2434,.T.);
#1447=ORIENTED_EDGE('',*,*,#2124,.F.);
#1448=ORIENTED_EDGE('',*,*,#2125,.T.);
#1449=ORIENTED_EDGE('',*,*,#2434,.F.);
#1450=ORIENTED_EDGE('',*,*,#2435,.F.);
#1451=ORIENTED_EDGE('',*,*,#2154,.F.);
#1452=ORIENTED_EDGE('',*,*,#2155,.T.);
#1453=ORIENTED_EDGE('',*,*,#2435,.T.);
#1454=ORIENTED_EDGE('',*,*,#2153,.T.);
#1455=ORIENTED_EDGE('',*,*,#2177,.F.);
#1456=ORIENTED_EDGE('',*,*,#2436,.F.);
#1457=ORIENTED_EDGE('',*,*,#2162,.F.);
#1458=ORIENTED_EDGE('',*,*,#2143,.T.);
#1459=ORIENTED_EDGE('',*,*,#2436,.T.);
#1460=ORIENTED_EDGE('',*,*,#2161,.T.);
#1461=ORIENTED_EDGE('',*,*,#2173,.F.);
#1462=ORIENTED_EDGE('',*,*,#2357,.T.);
#1463=ORIENTED_EDGE('',*,*,#2051,.T.);
#1464=ORIENTED_EDGE('',*,*,#2437,.F.);
#1465=ORIENTED_EDGE('',*,*,#2438,.F.);
#1466=ORIENTED_EDGE('',*,*,#2070,.T.);
#1467=ORIENTED_EDGE('',*,*,#2120,.T.);
#1468=ORIENTED_EDGE('',*,*,#2355,.F.);
#1469=ORIENTED_EDGE('',*,*,#2348,.T.);
#1470=ORIENTED_EDGE('',*,*,#2354,.T.);
#1471=ORIENTED_EDGE('',*,*,#2104,.T.);
#1472=ORIENTED_EDGE('',*,*,#2089,.F.);
#1473=ORIENTED_EDGE('',*,*,#2439,.F.);
#1474=ORIENTED_EDGE('',*,*,#2440,.T.);
#1475=ORIENTED_EDGE('',*,*,#2101,.F.);
#1476=ORIENTED_EDGE('',*,*,#2099,.T.);
#1477=ORIENTED_EDGE('',*,*,#2441,.F.);
#1478=ORIENTED_EDGE('',*,*,#2442,.T.);
#1479=ORIENTED_EDGE('',*,*,#2087,.T.);
#1480=ORIENTED_EDGE('',*,*,#2110,.F.);
#1481=ORIENTED_EDGE('',*,*,#2111,.F.);
#1482=ORIENTED_EDGE('',*,*,#2094,.F.);
#1483=ORIENTED_EDGE('',*,*,#2121,.T.);
#1484=ORIENTED_EDGE('',*,*,#2114,.F.);
#1485=ORIENTED_EDGE('',*,*,#2072,.F.);
#1486=ORIENTED_EDGE('',*,*,#2443,.T.);
#1487=ORIENTED_EDGE('',*,*,#2444,.T.);
#1488=ORIENTED_EDGE('',*,*,#2102,.T.);
#1489=ORIENTED_EDGE('',*,*,#2440,.F.);
#1490=ORIENTED_EDGE('',*,*,#2445,.T.);
#1491=ORIENTED_EDGE('',*,*,#2441,.T.);
#1492=ORIENTED_EDGE('',*,*,#2444,.F.);
#1493=ORIENTED_EDGE('',*,*,#2446,.F.);
#1494=ORIENTED_EDGE('',*,*,#2437,.T.);
#1495=ORIENTED_EDGE('',*,*,#2100,.F.);
#1496=ORIENTED_EDGE('',*,*,#2088,.T.);
#1497=ORIENTED_EDGE('',*,*,#2442,.F.);
#1498=ORIENTED_EDGE('',*,*,#2445,.F.);
#1499=ORIENTED_EDGE('',*,*,#2439,.T.);
#1500=ORIENTED_EDGE('',*,*,#2438,.T.);
#1501=ORIENTED_EDGE('',*,*,#2446,.T.);
#1502=ORIENTED_EDGE('',*,*,#2443,.F.);
#1503=ORIENTED_EDGE('',*,*,#2071,.F.);
#1504=ORIENTED_EDGE('',*,*,#2117,.F.);
#1505=ORIENTED_EDGE('',*,*,#2068,.F.);
#1506=ORIENTED_EDGE('',*,*,#2447,.T.);
#1507=ORIENTED_EDGE('',*,*,#2066,.F.);
#1508=ORIENTED_EDGE('',*,*,#2067,.T.);
#1509=ORIENTED_EDGE('',*,*,#2447,.F.);
#1510=ORIENTED_EDGE('',*,*,#2113,.F.);
#1511=ORIENTED_EDGE('',*,*,#2056,.F.);
#1512=ORIENTED_EDGE('',*,*,#2448,.T.);
#1513=ORIENTED_EDGE('',*,*,#2054,.F.);
#1514=ORIENTED_EDGE('',*,*,#2055,.T.);
#1515=ORIENTED_EDGE('',*,*,#2448,.F.);
#1516=ORIENTED_EDGE('',*,*,#2449,.F.);
#1517=ORIENTED_EDGE('',*,*,#2084,.F.);
#1518=ORIENTED_EDGE('',*,*,#2085,.T.);
#1519=ORIENTED_EDGE('',*,*,#2449,.T.);
#1520=ORIENTED_EDGE('',*,*,#2083,.T.);
#1521=ORIENTED_EDGE('',*,*,#2107,.F.);
#1522=ORIENTED_EDGE('',*,*,#2450,.F.);
#1523=ORIENTED_EDGE('',*,*,#2092,.F.);
#1524=ORIENTED_EDGE('',*,*,#2073,.T.);
#1525=ORIENTED_EDGE('',*,*,#2450,.T.);
#1526=ORIENTED_EDGE('',*,*,#2091,.T.);
#1527=ORIENTED_EDGE('',*,*,#2103,.F.);
#1528=ORIENTED_EDGE('',*,*,#2347,.T.);
#1529=ORIENTED_EDGE('',*,*,#2049,.T.);
#1530=ORIENTED_EDGE('',*,*,#2451,.T.);
#1531=ORIENTED_EDGE('',*,*,#2452,.T.);
#1532=ORIENTED_EDGE('',*,*,#2453,.F.);
#1533=ORIENTED_EDGE('',*,*,#2454,.T.);
#1534=ORIENTED_EDGE('',*,*,#2455,.T.);
#1535=ORIENTED_EDGE('',*,*,#2456,.T.);
#1536=ORIENTED_EDGE('',*,*,#2457,.F.);
#1537=ORIENTED_EDGE('',*,*,#2458,.T.);
#1538=ORIENTED_EDGE('',*,*,#2459,.F.);
#1539=ORIENTED_EDGE('',*,*,#2460,.T.);
#1540=ORIENTED_EDGE('',*,*,#2461,.F.);
#1541=ORIENTED_EDGE('',*,*,#2462,.F.);
#1542=ORIENTED_EDGE('',*,*,#2457,.T.);
#1543=ORIENTED_EDGE('',*,*,#2463,.T.);
#1544=ORIENTED_EDGE('',*,*,#2464,.T.);
#1545=ORIENTED_EDGE('',*,*,#2465,.F.);
#1546=ORIENTED_EDGE('',*,*,#2466,.T.);
#1547=ORIENTED_EDGE('',*,*,#2467,.F.);
#1548=ORIENTED_EDGE('',*,*,#2460,.F.);
#1549=ORIENTED_EDGE('',*,*,#2468,.F.);
#1550=ORIENTED_EDGE('',*,*,#2469,.F.);
#1551=ORIENTED_EDGE('',*,*,#2470,.T.);
#1552=ORIENTED_EDGE('',*,*,#2451,.F.);
#1553=ORIENTED_EDGE('',*,*,#2471,.T.);
#1554=ORIENTED_EDGE('',*,*,#2472,.F.);
#1555=ORIENTED_EDGE('',*,*,#2473,.T.);
#1556=ORIENTED_EDGE('',*,*,#2474,.F.);
#1557=ORIENTED_EDGE('',*,*,#2466,.F.);
#1558=ORIENTED_EDGE('',*,*,#2453,.T.);
#1559=ORIENTED_EDGE('',*,*,#2475,.T.);
#1560=ORIENTED_EDGE('',*,*,#2476,.T.);
#1561=ORIENTED_EDGE('',*,*,#2477,.F.);
#1562=ORIENTED_EDGE('',*,*,#2462,.T.);
#1563=ORIENTED_EDGE('',*,*,#2478,.F.);
#1564=ORIENTED_EDGE('',*,*,#2473,.F.);
#1565=ORIENTED_EDGE('',*,*,#2479,.F.);
#1566=ORIENTED_EDGE('',*,*,#2480,.F.);
#1567=ORIENTED_EDGE('',*,*,#2481,.T.);
#1568=ORIENTED_EDGE('',*,*,#2455,.F.);
#1569=ORIENTED_EDGE('',*,*,#2482,.T.);
#1570=ORIENTED_EDGE('',*,*,#2454,.F.);
#1571=ORIENTED_EDGE('',*,*,#2482,.F.);
#1572=ORIENTED_EDGE('',*,*,#2458,.F.);
#1573=ORIENTED_EDGE('',*,*,#2471,.F.);
#1574=ORIENTED_EDGE('',*,*,#2461,.T.);
#1575=ORIENTED_EDGE('',*,*,#2467,.T.);
#1576=ORIENTED_EDGE('',*,*,#2474,.T.);
#1577=ORIENTED_EDGE('',*,*,#2478,.T.);
#1578=ORIENTED_EDGE('',*,*,#2483,.F.);
#1579=ORIENTED_EDGE('',*,*,#2464,.F.);
#1580=ORIENTED_EDGE('',*,*,#2484,.T.);
#1581=ORIENTED_EDGE('',*,*,#2480,.T.);
#1582=ORIENTED_EDGE('',*,*,#2485,.F.);
#1583=ORIENTED_EDGE('',*,*,#2486,.F.);
#1584=ORIENTED_EDGE('',*,*,#2487,.F.);
#1585=ORIENTED_EDGE('',*,*,#2479,.T.);
#1586=ORIENTED_EDGE('',*,*,#2472,.T.);
#1587=ORIENTED_EDGE('',*,*,#2465,.T.);
#1588=ORIENTED_EDGE('',*,*,#2483,.T.);
#1589=ORIENTED_EDGE('',*,*,#2488,.T.);
#1590=ORIENTED_EDGE('',*,*,#2489,.T.);
#1591=ORIENTED_EDGE('',*,*,#2490,.T.);
#1592=ORIENTED_EDGE('',*,*,#2456,.F.);
#1593=ORIENTED_EDGE('',*,*,#2481,.F.);
#1594=ORIENTED_EDGE('',*,*,#2484,.F.);
#1595=ORIENTED_EDGE('',*,*,#2463,.F.);
#1596=ORIENTED_EDGE('',*,*,#2491,.T.);
#1597=ORIENTED_EDGE('',*,*,#2492,.T.);
#1598=ORIENTED_EDGE('',*,*,#2493,.T.);
#1599=ORIENTED_EDGE('',*,*,#2452,.F.);
#1600=ORIENTED_EDGE('',*,*,#2470,.F.);
#1601=ORIENTED_EDGE('',*,*,#2494,.F.);
#1602=ORIENTED_EDGE('',*,*,#2475,.F.);
#1603=ORIENTED_EDGE('',*,*,#2495,.F.);
#1604=ORIENTED_EDGE('',*,*,#2496,.F.);
#1605=ORIENTED_EDGE('',*,*,#2497,.F.);
#1606=ORIENTED_EDGE('',*,*,#2468,.T.);
#1607=ORIENTED_EDGE('',*,*,#2459,.T.);
#1608=ORIENTED_EDGE('',*,*,#2477,.T.);
#1609=ORIENTED_EDGE('',*,*,#2498,.T.);
#1610=ORIENTED_EDGE('',*,*,#2498,.F.);
#1611=ORIENTED_EDGE('',*,*,#2476,.F.);
#1612=ORIENTED_EDGE('',*,*,#2494,.T.);
#1613=ORIENTED_EDGE('',*,*,#2469,.T.);
#1614=ORIENTED_EDGE('',*,*,#2497,.T.);
#1615=ORIENTED_EDGE('',*,*,#2493,.F.);
#1616=ORIENTED_EDGE('',*,*,#2496,.T.);
#1617=ORIENTED_EDGE('',*,*,#2492,.F.);
#1618=ORIENTED_EDGE('',*,*,#2495,.T.);
#1619=ORIENTED_EDGE('',*,*,#2491,.F.);
#1620=ORIENTED_EDGE('',*,*,#2487,.T.);
#1621=ORIENTED_EDGE('',*,*,#2490,.F.);
#1622=ORIENTED_EDGE('',*,*,#2486,.T.);
#1623=ORIENTED_EDGE('',*,*,#2489,.F.);
#1624=ORIENTED_EDGE('',*,*,#2485,.T.);
#1625=ORIENTED_EDGE('',*,*,#2488,.F.);
#1626=ORIENTED_EDGE('',*,*,#2499,.T.);
#1627=ORIENTED_EDGE('',*,*,#2500,.F.);
#1628=ORIENTED_EDGE('',*,*,#2501,.T.);
#1629=ORIENTED_EDGE('',*,*,#2499,.F.);
#1630=ORIENTED_EDGE('',*,*,#2502,.F.);
#1631=ORIENTED_EDGE('',*,*,#2500,.T.);
#1632=ORIENTED_EDGE('',*,*,#2502,.T.);
#1633=ORIENTED_EDGE('',*,*,#2501,.F.);
#1634=ORIENTED_EDGE('',*,*,#2503,.T.);
#1635=ORIENTED_EDGE('',*,*,#2504,.F.);
#1636=ORIENTED_EDGE('',*,*,#2505,.F.);
#1637=ORIENTED_EDGE('',*,*,#2506,.F.);
#1638=ORIENTED_EDGE('',*,*,#2507,.T.);
#1639=ORIENTED_EDGE('',*,*,#2508,.T.);
#1640=ORIENTED_EDGE('',*,*,#2509,.F.);
#1641=ORIENTED_EDGE('',*,*,#2510,.T.);
#1642=ORIENTED_EDGE('',*,*,#2511,.T.);
#1643=ORIENTED_EDGE('',*,*,#2505,.T.);
#1644=ORIENTED_EDGE('',*,*,#2512,.T.);
#1645=ORIENTED_EDGE('',*,*,#2513,.F.);
#1646=ORIENTED_EDGE('',*,*,#2509,.T.);
#1647=ORIENTED_EDGE('',*,*,#2514,.F.);
#1648=ORIENTED_EDGE('',*,*,#2503,.F.);
#1649=ORIENTED_EDGE('',*,*,#2515,.T.);
#1650=ORIENTED_EDGE('',*,*,#2514,.T.);
#1651=ORIENTED_EDGE('',*,*,#2515,.F.);
#1652=ORIENTED_EDGE('',*,*,#2507,.F.);
#1653=ORIENTED_EDGE('',*,*,#2516,.F.);
#1654=ORIENTED_EDGE('',*,*,#2517,.T.);
#1655=ORIENTED_EDGE('',*,*,#2518,.T.);
#1656=ORIENTED_EDGE('',*,*,#2512,.F.);
#1657=ORIENTED_EDGE('',*,*,#2504,.T.);
#1658=ORIENTED_EDGE('',*,*,#2519,.T.);
#1659=ORIENTED_EDGE('',*,*,#2520,.T.);
#1660=ORIENTED_EDGE('',*,*,#2521,.F.);
#1661=ORIENTED_EDGE('',*,*,#2522,.F.);
#1662=ORIENTED_EDGE('',*,*,#2516,.T.);
#1663=ORIENTED_EDGE('',*,*,#2506,.T.);
#1664=ORIENTED_EDGE('',*,*,#2510,.F.);
#1665=ORIENTED_EDGE('',*,*,#2513,.T.);
#1666=ORIENTED_EDGE('',*,*,#2508,.F.);
#1667=ORIENTED_EDGE('',*,*,#2518,.F.);
#1668=ORIENTED_EDGE('',*,*,#2523,.T.);
#1669=ORIENTED_EDGE('',*,*,#2524,.T.);
#1670=ORIENTED_EDGE('',*,*,#2525,.F.);
#1671=ORIENTED_EDGE('',*,*,#2526,.F.);
#1672=ORIENTED_EDGE('',*,*,#2511,.F.);
#1673=ORIENTED_EDGE('',*,*,#2526,.T.);
#1674=ORIENTED_EDGE('',*,*,#2527,.F.);
#1675=ORIENTED_EDGE('',*,*,#2519,.F.);
#1676=ORIENTED_EDGE('',*,*,#2528,.T.);
#1677=ORIENTED_EDGE('',*,*,#2524,.F.);
#1678=ORIENTED_EDGE('',*,*,#2529,.F.);
#1679=ORIENTED_EDGE('',*,*,#2521,.T.);
#1680=ORIENTED_EDGE('',*,*,#2517,.F.);
#1681=ORIENTED_EDGE('',*,*,#2522,.T.);
#1682=ORIENTED_EDGE('',*,*,#2529,.T.);
#1683=ORIENTED_EDGE('',*,*,#2523,.F.);
#1684=ORIENTED_EDGE('',*,*,#2527,.T.);
#1685=ORIENTED_EDGE('',*,*,#2525,.T.);
#1686=ORIENTED_EDGE('',*,*,#2528,.F.);
#1687=ORIENTED_EDGE('',*,*,#2520,.F.);
#1688=ORIENTED_EDGE('',*,*,#2530,.F.);
#1689=ORIENTED_EDGE('',*,*,#2531,.T.);
#1690=ORIENTED_EDGE('',*,*,#2532,.T.);
#1691=ORIENTED_EDGE('',*,*,#2533,.F.);
#1692=ORIENTED_EDGE('',*,*,#2534,.F.);
#1693=ORIENTED_EDGE('',*,*,#2535,.F.);
#1694=ORIENTED_EDGE('',*,*,#2536,.T.);
#1695=ORIENTED_EDGE('',*,*,#2537,.T.);
#1696=ORIENTED_EDGE('',*,*,#2538,.F.);
#1697=ORIENTED_EDGE('',*,*,#2539,.F.);
#1698=ORIENTED_EDGE('',*,*,#2540,.T.);
#1699=ORIENTED_EDGE('',*,*,#2535,.T.);
#1700=ORIENTED_EDGE('',*,*,#2541,.F.);
#1701=ORIENTED_EDGE('',*,*,#2542,.F.);
#1702=ORIENTED_EDGE('',*,*,#2543,.T.);
#1703=ORIENTED_EDGE('',*,*,#2539,.T.);
#1704=ORIENTED_EDGE('',*,*,#2544,.F.);
#1705=ORIENTED_EDGE('',*,*,#2537,.F.);
#1706=ORIENTED_EDGE('',*,*,#2545,.T.);
#1707=ORIENTED_EDGE('',*,*,#2542,.T.);
#1708=ORIENTED_EDGE('',*,*,#2536,.F.);
#1709=ORIENTED_EDGE('',*,*,#2540,.F.);
#1710=ORIENTED_EDGE('',*,*,#2543,.F.);
#1711=ORIENTED_EDGE('',*,*,#2545,.F.);
#1712=ORIENTED_EDGE('',*,*,#2534,.T.);
#1713=ORIENTED_EDGE('',*,*,#2544,.T.);
#1714=ORIENTED_EDGE('',*,*,#2541,.T.);
#1715=ORIENTED_EDGE('',*,*,#2538,.T.);
#1716=ORIENTED_EDGE('',*,*,#2546,.T.);
#1717=ORIENTED_EDGE('',*,*,#2547,.T.);
#1718=ORIENTED_EDGE('',*,*,#2548,.F.);
#1719=ORIENTED_EDGE('',*,*,#2531,.F.);
#1720=ORIENTED_EDGE('',*,*,#2549,.F.);
#1721=ORIENTED_EDGE('',*,*,#2547,.F.);
#1722=ORIENTED_EDGE('',*,*,#2550,.T.);
#1723=ORIENTED_EDGE('',*,*,#2551,.T.);
#1724=ORIENTED_EDGE('',*,*,#2533,.T.);
#1725=ORIENTED_EDGE('',*,*,#2552,.T.);
#1726=ORIENTED_EDGE('',*,*,#2551,.F.);
#1727=ORIENTED_EDGE('',*,*,#2553,.F.);
#1728=ORIENTED_EDGE('',*,*,#2530,.T.);
#1729=ORIENTED_EDGE('',*,*,#2553,.T.);
#1730=ORIENTED_EDGE('',*,*,#2550,.F.);
#1731=ORIENTED_EDGE('',*,*,#2546,.F.);
#1732=ORIENTED_EDGE('',*,*,#2548,.T.);
#1733=ORIENTED_EDGE('',*,*,#2549,.T.);
#1734=ORIENTED_EDGE('',*,*,#2552,.F.);
#1735=ORIENTED_EDGE('',*,*,#2532,.F.);
#1736=ORIENTED_EDGE('',*,*,#2554,.F.);
#1737=ORIENTED_EDGE('',*,*,#2555,.T.);
#1738=ORIENTED_EDGE('',*,*,#2556,.T.);
#1739=ORIENTED_EDGE('',*,*,#2554,.T.);
#1740=ORIENTED_EDGE('',*,*,#2557,.F.);
#1741=ORIENTED_EDGE('',*,*,#2555,.F.);
#1742=ORIENTED_EDGE('',*,*,#2556,.F.);
#1743=ORIENTED_EDGE('',*,*,#2557,.T.);
#1744=ORIENTED_EDGE('',*,*,#2558,.T.);
#1745=ORIENTED_EDGE('',*,*,#2559,.F.);
#1746=ORIENTED_EDGE('',*,*,#2560,.F.);
#1747=ORIENTED_EDGE('',*,*,#2561,.F.);
#1748=ORIENTED_EDGE('',*,*,#2562,.T.);
#1749=ORIENTED_EDGE('',*,*,#2563,.T.);
#1750=ORIENTED_EDGE('',*,*,#2564,.F.);
#1751=ORIENTED_EDGE('',*,*,#2565,.T.);
#1752=ORIENTED_EDGE('',*,*,#2566,.T.);
#1753=ORIENTED_EDGE('',*,*,#2560,.T.);
#1754=ORIENTED_EDGE('',*,*,#2567,.T.);
#1755=ORIENTED_EDGE('',*,*,#2568,.F.);
#1756=ORIENTED_EDGE('',*,*,#2564,.T.);
#1757=ORIENTED_EDGE('',*,*,#2569,.F.);
#1758=ORIENTED_EDGE('',*,*,#2558,.F.);
#1759=ORIENTED_EDGE('',*,*,#2570,.T.);
#1760=ORIENTED_EDGE('',*,*,#2569,.T.);
#1761=ORIENTED_EDGE('',*,*,#2570,.F.);
#1762=ORIENTED_EDGE('',*,*,#2562,.F.);
#1763=ORIENTED_EDGE('',*,*,#2571,.F.);
#1764=ORIENTED_EDGE('',*,*,#2572,.T.);
#1765=ORIENTED_EDGE('',*,*,#2573,.T.);
#1766=ORIENTED_EDGE('',*,*,#2567,.F.);
#1767=ORIENTED_EDGE('',*,*,#2559,.T.);
#1768=ORIENTED_EDGE('',*,*,#2574,.T.);
#1769=ORIENTED_EDGE('',*,*,#2575,.T.);
#1770=ORIENTED_EDGE('',*,*,#2576,.F.);
#1771=ORIENTED_EDGE('',*,*,#2577,.F.);
#1772=ORIENTED_EDGE('',*,*,#2571,.T.);
#1773=ORIENTED_EDGE('',*,*,#2561,.T.);
#1774=ORIENTED_EDGE('',*,*,#2565,.F.);
#1775=ORIENTED_EDGE('',*,*,#2568,.T.);
#1776=ORIENTED_EDGE('',*,*,#2563,.F.);
#1777=ORIENTED_EDGE('',*,*,#2573,.F.);
#1778=ORIENTED_EDGE('',*,*,#2578,.T.);
#1779=ORIENTED_EDGE('',*,*,#2579,.T.);
#1780=ORIENTED_EDGE('',*,*,#2580,.F.);
#1781=ORIENTED_EDGE('',*,*,#2581,.F.);
#1782=ORIENTED_EDGE('',*,*,#2566,.F.);
#1783=ORIENTED_EDGE('',*,*,#2581,.T.);
#1784=ORIENTED_EDGE('',*,*,#2582,.F.);
#1785=ORIENTED_EDGE('',*,*,#2574,.F.);
#1786=ORIENTED_EDGE('',*,*,#2583,.T.);
#1787=ORIENTED_EDGE('',*,*,#2579,.F.);
#1788=ORIENTED_EDGE('',*,*,#2584,.F.);
#1789=ORIENTED_EDGE('',*,*,#2576,.T.);
#1790=ORIENTED_EDGE('',*,*,#2572,.F.);
#1791=ORIENTED_EDGE('',*,*,#2577,.T.);
#1792=ORIENTED_EDGE('',*,*,#2584,.T.);
#1793=ORIENTED_EDGE('',*,*,#2578,.F.);
#1794=ORIENTED_EDGE('',*,*,#2582,.T.);
#1795=ORIENTED_EDGE('',*,*,#2580,.T.);
#1796=ORIENTED_EDGE('',*,*,#2583,.F.);
#1797=ORIENTED_EDGE('',*,*,#2575,.F.);
#1798=ORIENTED_EDGE('',*,*,#2585,.T.);
#1799=ORIENTED_EDGE('',*,*,#2586,.F.);
#1800=ORIENTED_EDGE('',*,*,#2587,.F.);
#1801=ORIENTED_EDGE('',*,*,#2588,.F.);
#1802=ORIENTED_EDGE('',*,*,#2589,.T.);
#1803=ORIENTED_EDGE('',*,*,#2590,.T.);
#1804=ORIENTED_EDGE('',*,*,#2591,.F.);
#1805=ORIENTED_EDGE('',*,*,#2592,.T.);
#1806=ORIENTED_EDGE('',*,*,#2593,.T.);
#1807=ORIENTED_EDGE('',*,*,#2587,.T.);
#1808=ORIENTED_EDGE('',*,*,#2594,.T.);
#1809=ORIENTED_EDGE('',*,*,#2595,.F.);
#1810=ORIENTED_EDGE('',*,*,#2591,.T.);
#1811=ORIENTED_EDGE('',*,*,#2596,.F.);
#1812=ORIENTED_EDGE('',*,*,#2585,.F.);
#1813=ORIENTED_EDGE('',*,*,#2597,.T.);
#1814=ORIENTED_EDGE('',*,*,#2596,.T.);
#1815=ORIENTED_EDGE('',*,*,#2597,.F.);
#1816=ORIENTED_EDGE('',*,*,#2589,.F.);
#1817=ORIENTED_EDGE('',*,*,#2598,.F.);
#1818=ORIENTED_EDGE('',*,*,#2599,.T.);
#1819=ORIENTED_EDGE('',*,*,#2600,.T.);
#1820=ORIENTED_EDGE('',*,*,#2594,.F.);
#1821=ORIENTED_EDGE('',*,*,#2586,.T.);
#1822=ORIENTED_EDGE('',*,*,#2601,.T.);
#1823=ORIENTED_EDGE('',*,*,#2602,.T.);
#1824=ORIENTED_EDGE('',*,*,#2603,.F.);
#1825=ORIENTED_EDGE('',*,*,#2604,.F.);
#1826=ORIENTED_EDGE('',*,*,#2598,.T.);
#1827=ORIENTED_EDGE('',*,*,#2588,.T.);
#1828=ORIENTED_EDGE('',*,*,#2592,.F.);
#1829=ORIENTED_EDGE('',*,*,#2595,.T.);
#1830=ORIENTED_EDGE('',*,*,#2590,.F.);
#1831=ORIENTED_EDGE('',*,*,#2600,.F.);
#1832=ORIENTED_EDGE('',*,*,#2605,.T.);
#1833=ORIENTED_EDGE('',*,*,#2606,.T.);
#1834=ORIENTED_EDGE('',*,*,#2607,.F.);
#1835=ORIENTED_EDGE('',*,*,#2608,.F.);
#1836=ORIENTED_EDGE('',*,*,#2593,.F.);
#1837=ORIENTED_EDGE('',*,*,#2608,.T.);
#1838=ORIENTED_EDGE('',*,*,#2609,.F.);
#1839=ORIENTED_EDGE('',*,*,#2601,.F.);
#1840=ORIENTED_EDGE('',*,*,#2610,.T.);
#1841=ORIENTED_EDGE('',*,*,#2606,.F.);
#1842=ORIENTED_EDGE('',*,*,#2611,.F.);
#1843=ORIENTED_EDGE('',*,*,#2603,.T.);
#1844=ORIENTED_EDGE('',*,*,#2599,.F.);
#1845=ORIENTED_EDGE('',*,*,#2604,.T.);
#1846=ORIENTED_EDGE('',*,*,#2611,.T.);
#1847=ORIENTED_EDGE('',*,*,#2605,.F.);
#1848=ORIENTED_EDGE('',*,*,#2609,.T.);
#1849=ORIENTED_EDGE('',*,*,#2607,.T.);
#1850=ORIENTED_EDGE('',*,*,#2610,.F.);
#1851=ORIENTED_EDGE('',*,*,#2602,.F.);
#1852=ORIENTED_EDGE('',*,*,#2612,.T.);
#1853=ORIENTED_EDGE('',*,*,#2613,.T.);
#1854=ORIENTED_EDGE('',*,*,#2614,.T.);
#1855=ORIENTED_EDGE('',*,*,#2615,.T.);
#1856=ORIENTED_EDGE('',*,*,#2616,.F.);
#1857=ORIENTED_EDGE('',*,*,#2617,.T.);
#1858=ORIENTED_EDGE('',*,*,#2618,.T.);
#1859=ORIENTED_EDGE('',*,*,#2619,.T.);
#1860=ORIENTED_EDGE('',*,*,#2620,.F.);
#1861=ORIENTED_EDGE('',*,*,#2621,.F.);
#1862=ORIENTED_EDGE('',*,*,#2622,.F.);
#1863=ORIENTED_EDGE('',*,*,#2623,.T.);
#1864=ORIENTED_EDGE('',*,*,#2624,.F.);
#1865=ORIENTED_EDGE('',*,*,#2625,.F.);
#1866=ORIENTED_EDGE('',*,*,#2626,.F.);
#1867=ORIENTED_EDGE('',*,*,#2627,.F.);
#1868=ORIENTED_EDGE('',*,*,#2615,.F.);
#1869=ORIENTED_EDGE('',*,*,#2622,.T.);
#1870=ORIENTED_EDGE('',*,*,#2616,.T.);
#1871=ORIENTED_EDGE('',*,*,#2623,.F.);
#1872=ORIENTED_EDGE('',*,*,#2614,.F.);
#1873=ORIENTED_EDGE('',*,*,#2621,.T.);
#1874=ORIENTED_EDGE('',*,*,#2617,.F.);
#1875=ORIENTED_EDGE('',*,*,#2624,.T.);
#1876=ORIENTED_EDGE('',*,*,#2613,.F.);
#1877=ORIENTED_EDGE('',*,*,#2620,.T.);
#1878=ORIENTED_EDGE('',*,*,#2618,.F.);
#1879=ORIENTED_EDGE('',*,*,#2625,.T.);
#1880=ORIENTED_EDGE('',*,*,#2612,.F.);
#1881=ORIENTED_EDGE('',*,*,#2626,.T.);
#1882=ORIENTED_EDGE('',*,*,#2619,.F.);
#1883=ORIENTED_EDGE('',*,*,#2627,.T.);
#1884=EDGE_CURVE('',#2628,#2629,#3152,.T.);
#1885=EDGE_CURVE('',#2628,#2630,#3153,.T.);
#1886=EDGE_CURVE('',#2630,#2631,#3154,.T.);
#1887=EDGE_CURVE('',#2629,#2631,#3155,.T.);
#1888=EDGE_CURVE('',#2632,#2633,#3156,.T.);
#1889=EDGE_CURVE('',#2634,#2632,#3157,.T.);
#1890=EDGE_CURVE('',#2634,#2635,#3158,.T.);
#1891=EDGE_CURVE('',#2635,#2633,#3159,.T.);
#1892=EDGE_CURVE('',#2636,#2632,#3160,.T.);
#1893=EDGE_CURVE('',#2637,#2636,#3161,.T.);
#1894=EDGE_CURVE('',#2637,#2634,#3162,.T.);
#1895=EDGE_CURVE('',#2638,#2636,#3163,.T.);
#1896=EDGE_CURVE('',#2639,#2638,#3164,.T.);
#1897=EDGE_CURVE('',#2639,#2637,#3165,.T.);
#1898=EDGE_CURVE('',#2633,#2638,#3166,.T.);
#1899=EDGE_CURVE('',#2635,#2639,#3167,.T.);
#1900=EDGE_CURVE('',#2628,#2640,#3168,.T.);
#1901=EDGE_CURVE('',#2640,#2641,#3169,.T.);
#1902=EDGE_CURVE('',#2630,#2641,#3170,.T.);
#1903=EDGE_CURVE('',#2641,#2642,#3171,.T.);
#1904=EDGE_CURVE('',#2640,#2643,#3172,.T.);
#1905=EDGE_CURVE('',#2643,#2642,#3173,.T.);
#1906=EDGE_CURVE('',#2631,#2642,#3174,.T.);
#1907=EDGE_CURVE('',#2629,#2643,#3175,.T.);
#1908=EDGE_CURVE('',#2644,#2644,#30,.T.);
#1909=EDGE_CURVE('',#2645,#2646,#3176,.T.);
#1910=EDGE_CURVE('',#2647,#2645,#31,.T.);
#1911=EDGE_CURVE('',#2648,#2647,#3177,.F.);
#1912=EDGE_CURVE('',#2648,#2649,#32,.T.);
#1913=EDGE_CURVE('',#2649,#2650,#3178,.F.);
#1914=EDGE_CURVE('',#2651,#2650,#33,.T.);
#1915=EDGE_CURVE('',#2651,#2652,#3179,.T.);
#1916=EDGE_CURVE('',#2652,#2646,#34,.T.);
#1917=EDGE_CURVE('',#2645,#2647,#3180,.T.);
#1918=EDGE_CURVE('',#2651,#2650,#3181,.T.);
#1919=EDGE_CURVE('',#2653,#2653,#35,.F.);
#1920=EDGE_CURVE('',#2654,#2654,#36,.T.);
#1921=EDGE_CURVE('',#2652,#2655,#3182,.T.);
#1922=EDGE_CURVE('',#2656,#2655,#3183,.T.);
#1923=EDGE_CURVE('',#2646,#2656,#3184,.T.);
#1924=EDGE_CURVE('',#2656,#2657,#3185,.T.);
#1925=EDGE_CURVE('',#2658,#2657,#3186,.T.);
#1926=EDGE_CURVE('',#2659,#2658,#3187,.T.);
#1927=EDGE_CURVE('',#2659,#2648,#3188,.T.);
#1928=EDGE_CURVE('',#2660,#2649,#3189,.T.);
#1929=EDGE_CURVE('',#2660,#2661,#3190,.T.);
#1930=EDGE_CURVE('',#2661,#2662,#3191,.T.);
#1931=EDGE_CURVE('',#2655,#2662,#3192,.T.);
#1932=EDGE_CURVE('',#2659,#2660,#3193,.T.);
#1933=EDGE_CURVE('',#2657,#2662,#3194,.T.);
#1934=EDGE_CURVE('',#2658,#2661,#3195,.T.);
#1935=EDGE_CURVE('',#2663,#2664,#3196,.T.);
#1936=EDGE_CURVE('',#2665,#2663,#3197,.T.);
#1937=EDGE_CURVE('',#2665,#2666,#3198,.T.);
#1938=EDGE_CURVE('',#2666,#2664,#3199,.T.);
#1939=EDGE_CURVE('',#2664,#2667,#3200,.T.);
#1940=EDGE_CURVE('',#2666,#2668,#3201,.T.);
#1941=EDGE_CURVE('',#2668,#2667,#3202,.T.);
#1942=EDGE_CURVE('',#2667,#2669,#3203,.T.);
#1943=EDGE_CURVE('',#2668,#2670,#3204,.T.);
#1944=EDGE_CURVE('',#2670,#2669,#3205,.T.);
#1945=EDGE_CURVE('',#2669,#2663,#3206,.T.);
#1946=EDGE_CURVE('',#2670,#2665,#3207,.T.);
#1947=EDGE_CURVE('',#2671,#2671,#37,.T.);
#1948=EDGE_CURVE('',#2672,#2672,#38,.T.);
#1949=EDGE_CURVE('',#2673,#2673,#39,.F.);
#1950=EDGE_CURVE('',#2674,#2674,#40,.F.);
#1951=EDGE_CURVE('',#2675,#2676,#3208,.T.);
#1952=EDGE_CURVE('',#2675,#2677,#3209,.T.);
#1953=EDGE_CURVE('',#2678,#2677,#3210,.T.);
#1954=EDGE_CURVE('',#2679,#2678,#3211,.T.);
#1955=EDGE_CURVE('',#2679,#2680,#3212,.T.);
#1956=EDGE_CURVE('',#2680,#2681,#3213,.T.);
#1957=EDGE_CURVE('',#2681,#2682,#3214,.T.);
#1958=EDGE_CURVE('',#2683,#2682,#3215,.T.);
#1959=EDGE_CURVE('',#2683,#2684,#3216,.T.);
#1960=EDGE_CURVE('',#2684,#2685,#3217,.T.);
#1961=EDGE_CURVE('',#2686,#2685,#3218,.T.);
#1962=EDGE_CURVE('',#2676,#2686,#3219,.T.);
#1963=EDGE_CURVE('',#2687,#2687,#41,.F.);
#1964=EDGE_CURVE('',#2688,#2688,#42,.F.);
#1965=EDGE_CURVE('',#2689,#2690,#3220,.T.);
#1966=EDGE_CURVE('',#2690,#2691,#3221,.T.);
#1967=EDGE_CURVE('',#2691,#2692,#3222,.T.);
#1968=EDGE_CURVE('',#2693,#2692,#3223,.T.);
#1969=EDGE_CURVE('',#2694,#2693,#3224,.T.);
#1970=EDGE_CURVE('',#2694,#2695,#3225,.T.);
#1971=EDGE_CURVE('',#2696,#2695,#3226,.T.);
#1972=EDGE_CURVE('',#2697,#2696,#3227,.T.);
#1973=EDGE_CURVE('',#2698,#2697,#3228,.T.);
#1974=EDGE_CURVE('',#2698,#2699,#3229,.T.);
#1975=EDGE_CURVE('',#2699,#2700,#3230,.T.);
#1976=EDGE_CURVE('',#2689,#2700,#3231,.T.);
#1977=EDGE_CURVE('',#2681,#2696,#3232,.T.);
#1978=EDGE_CURVE('',#2682,#2695,#3233,.T.);
#1979=EDGE_CURVE('',#2676,#2690,#3234,.T.);
#1980=EDGE_CURVE('',#2675,#2689,#3235,.T.);
#1981=EDGE_CURVE('',#2683,#2694,#3236,.T.);
#1982=EDGE_CURVE('',#2686,#2691,#3237,.T.);
#1983=EDGE_CURVE('',#2685,#2692,#3238,.T.);
#1984=EDGE_CURVE('',#2684,#2693,#3239,.T.);
#1985=EDGE_CURVE('',#2680,#2697,#3240,.T.);
#1986=EDGE_CURVE('',#2678,#2699,#3241,.T.);
#1987=EDGE_CURVE('',#2679,#2698,#3242,.T.);
#1988=EDGE_CURVE('',#2677,#2700,#3243,.T.);
#1989=EDGE_CURVE('',#2701,#2701,#43,.T.);
#1990=EDGE_CURVE('',#2702,#2702,#44,.T.);
#1991=EDGE_CURVE('',#2703,#2703,#45,.T.);
#1992=EDGE_CURVE('',#2704,#2704,#46,.T.);
#1993=EDGE_CURVE('',#2705,#2705,#47,.T.);
#1994=EDGE_CURVE('',#2706,#2706,#48,.T.);
#1995=EDGE_CURVE('',#2707,#2707,#49,.T.);
#1996=EDGE_CURVE('',#2708,#2708,#50,.T.);
#1997=EDGE_CURVE('',#2709,#2709,#51,.T.);
#1998=EDGE_CURVE('',#2710,#2710,#52,.T.);
#1999=EDGE_CURVE('',#2711,#2712,#3244,.T.);
#2000=EDGE_CURVE('',#2711,#2713,#3245,.T.);
#2001=EDGE_CURVE('',#2713,#2714,#3246,.T.);
#2002=EDGE_CURVE('',#2712,#2714,#3247,.T.);
#2003=EDGE_CURVE('',#2715,#2716,#3248,.T.);
#2004=EDGE_CURVE('',#2717,#2715,#3249,.T.);
#2005=EDGE_CURVE('',#2717,#2718,#3250,.T.);
#2006=EDGE_CURVE('',#2718,#2716,#3251,.T.);
#2007=EDGE_CURVE('',#2719,#2715,#3252,.T.);
#2008=EDGE_CURVE('',#2720,#2719,#3253,.T.);
#2009=EDGE_CURVE('',#2720,#2717,#3254,.T.);
#2010=EDGE_CURVE('',#2721,#2719,#3255,.T.);
#2011=EDGE_CURVE('',#2722,#2721,#3256,.T.);
#2012=EDGE_CURVE('',#2722,#2720,#3257,.T.);
#2013=EDGE_CURVE('',#2716,#2721,#3258,.T.);
#2014=EDGE_CURVE('',#2718,#2722,#3259,.T.);
#2015=EDGE_CURVE('',#2711,#2723,#3260,.T.);
#2016=EDGE_CURVE('',#2723,#2724,#3261,.T.);
#2017=EDGE_CURVE('',#2713,#2724,#3262,.T.);
#2018=EDGE_CURVE('',#2724,#2725,#3263,.T.);
#2019=EDGE_CURVE('',#2723,#2726,#3264,.T.);
#2020=EDGE_CURVE('',#2726,#2725,#3265,.T.);
#2021=EDGE_CURVE('',#2714,#2725,#3266,.T.);
#2022=EDGE_CURVE('',#2712,#2726,#3267,.T.);
#2023=EDGE_CURVE('',#2727,#2728,#3268,.T.);
#2024=EDGE_CURVE('',#2727,#2729,#3269,.T.);
#2025=EDGE_CURVE('',#2729,#2730,#3270,.T.);
#2026=EDGE_CURVE('',#2728,#2730,#3271,.T.);
#2027=EDGE_CURVE('',#2731,#2732,#3272,.T.);
#2028=EDGE_CURVE('',#2733,#2731,#3273,.T.);
#2029=EDGE_CURVE('',#2733,#2734,#3274,.T.);
#2030=EDGE_CURVE('',#2734,#2732,#3275,.T.);
#2031=EDGE_CURVE('',#2735,#2731,#3276,.T.);
#2032=EDGE_CURVE('',#2736,#2735,#3277,.T.);
#2033=EDGE_CURVE('',#2736,#2733,#3278,.T.);
#2034=EDGE_CURVE('',#2737,#2735,#3279,.T.);
#2035=EDGE_CURVE('',#2738,#2737,#3280,.T.);
#2036=EDGE_CURVE('',#2738,#2736,#3281,.T.);
#2037=EDGE_CURVE('',#2732,#2737,#3282,.T.);
#2038=EDGE_CURVE('',#2734,#2738,#3283,.T.);
#2039=EDGE_CURVE('',#2727,#2739,#3284,.T.);
#2040=EDGE_CURVE('',#2739,#2740,#3285,.T.);
#2041=EDGE_CURVE('',#2729,#2740,#3286,.T.);
#2042=EDGE_CURVE('',#2740,#2741,#3287,.T.);
#2043=EDGE_CURVE('',#2739,#2742,#3288,.T.);
#2044=EDGE_CURVE('',#2742,#2741,#3289,.T.);
#2045=EDGE_CURVE('',#2730,#2741,#3290,.T.);
#2046=EDGE_CURVE('',#2728,#2742,#3291,.T.);
#2047=EDGE_CURVE('',#2743,#2743,#53,.T.);
#2048=EDGE_CURVE('',#2744,#2744,#54,.T.);
#2049=EDGE_CURVE('',#2745,#2745,#10,.T.);
#2050=EDGE_CURVE('',#2746,#2746,#11,.T.);
#2051=EDGE_CURVE('',#2747,#2747,#12,.T.);
#2052=EDGE_CURVE('',#2748,#2748,#13,.T.);
#2053=EDGE_CURVE('',#2749,#2750,#3292,.T.);
#2054=EDGE_CURVE('',#2749,#2751,#3293,.F.);
#2055=EDGE_CURVE('',#2752,#2751,#3294,.T.);
#2056=EDGE_CURVE('',#2752,#2753,#3295,.T.);
#2057=EDGE_CURVE('',#2754,#2753,#3296,.T.);
#2058=EDGE_CURVE('',#2754,#2755,#3297,.T.);
#2059=EDGE_CURVE('',#2755,#2756,#55,.T.);
#2060=EDGE_CURVE('',#2757,#2756,#3298,.T.);
#2061=EDGE_CURVE('',#2757,#2758,#3299,.T.);
#2062=EDGE_CURVE('',#2758,#2759,#3300,.T.);
#2063=EDGE_CURVE('',#2759,#2760,#56,.T.);
#2064=EDGE_CURVE('',#2761,#2760,#3301,.T.);
#2065=EDGE_CURVE('',#2762,#2761,#3302,.T.);
#2066=EDGE_CURVE('',#2762,#2763,#3303,.F.);
#2067=EDGE_CURVE('',#2764,#2763,#3304,.T.);
#2068=EDGE_CURVE('',#2764,#2765,#3305,.T.);
#2069=EDGE_CURVE('',#2766,#2765,#3306,.T.);
#2070=EDGE_CURVE('',#2767,#2766,#3307,.T.);
#2071=EDGE_CURVE('',#2767,#2768,#3308,.T.);
#2072=EDGE_CURVE('',#2768,#2750,#3309,.T.);
#2073=EDGE_CURVE('',#2769,#2770,#3310,.F.);
#2074=EDGE_CURVE('',#2769,#2771,#3311,.T.);
#2075=EDGE_CURVE('',#2771,#2772,#3312,.T.);
#2076=EDGE_CURVE('',#2773,#2772,#57,.T.);
#2077=EDGE_CURVE('',#2774,#2773,#3313,.T.);
#2078=EDGE_CURVE('',#2775,#2774,#3314,.T.);
#2079=EDGE_CURVE('',#2775,#2776,#3315,.T.);
#2080=EDGE_CURVE('',#2777,#2776,#58,.T.);
#2081=EDGE_CURVE('',#2778,#2777,#3316,.T.);
#2082=EDGE_CURVE('',#2778,#2779,#3317,.T.);
#2083=EDGE_CURVE('',#2780,#2779,#3318,.T.);
#2084=EDGE_CURVE('',#2780,#2781,#3319,.T.);
#2085=EDGE_CURVE('',#2782,#2781,#3320,.F.);
#2086=EDGE_CURVE('',#2782,#2783,#3321,.T.);
#2087=EDGE_CURVE('',#2784,#2783,#3322,.T.);
#2088=EDGE_CURVE('',#2785,#2784,#3323,.T.);
#2089=EDGE_CURVE('',#2785,#2786,#3324,.T.);
#2090=EDGE_CURVE('',#2786,#2787,#3325,.T.);
#2091=EDGE_CURVE('',#2788,#2787,#3326,.T.);
#2092=EDGE_CURVE('',#2788,#2770,#3327,.T.);
#2093=EDGE_CURVE('',#2789,#2790,#3328,.T.);
#2094=EDGE_CURVE('',#2790,#2791,#3329,.T.);
#2095=EDGE_CURVE('',#2792,#2791,#3330,.T.);
#2096=EDGE_CURVE('',#2789,#2792,#3331,.T.);
#2097=EDGE_CURVE('',#2758,#2774,#3332,.T.);
#2098=EDGE_CURVE('',#2757,#2775,#3333,.T.);
#2099=EDGE_CURVE('',#2793,#2794,#3334,.T.);
#2100=EDGE_CURVE('',#2793,#2795,#3335,.T.);
#2101=EDGE_CURVE('',#2795,#2796,#3336,.T.);
#2102=EDGE_CURVE('',#2794,#2796,#3337,.T.);
#2103=EDGE_CURVE('',#2769,#2787,#59,.F.);
#2104=EDGE_CURVE('',#2797,#2786,#3338,.T.);
#2105=EDGE_CURVE('',#2797,#2798,#3339,.T.);
#2106=EDGE_CURVE('',#2798,#2771,#3340,.T.);
#2107=EDGE_CURVE('',#2782,#2779,#60,.F.);
#2108=EDGE_CURVE('',#2799,#2778,#3341,.T.);
#2109=EDGE_CURVE('',#2799,#2800,#3342,.T.);
#2110=EDGE_CURVE('',#2800,#2783,#3343,.T.);
#2111=EDGE_CURVE('',#2791,#2800,#3344,.T.);
#2112=EDGE_CURVE('',#2799,#2792,#3345,.T.);
#2113=EDGE_CURVE('',#2753,#2749,#61,.F.);
#2114=EDGE_CURVE('',#2750,#2801,#3346,.T.);
#2115=EDGE_CURVE('',#2802,#2801,#3347,.T.);
#2116=EDGE_CURVE('',#2754,#2802,#3348,.T.);
#2117=EDGE_CURVE('',#2765,#2762,#62,.F.);
#2118=EDGE_CURVE('',#2761,#2803,#3349,.T.);
#2119=EDGE_CURVE('',#2804,#2803,#3350,.T.);
#2120=EDGE_CURVE('',#2766,#2804,#3351,.T.);
#2121=EDGE_CURVE('',#2790,#2801,#3352,.T.);
#2122=EDGE_CURVE('',#2802,#2789,#3353,.T.);
#2123=EDGE_CURVE('',#2805,#2806,#3354,.T.);
#2124=EDGE_CURVE('',#2805,#2807,#3355,.F.);
#2125=EDGE_CURVE('',#2808,#2807,#3356,.T.);
#2126=EDGE_CURVE('',#2808,#2809,#3357,.T.);
#2127=EDGE_CURVE('',#2810,#2809,#3358,.T.);
#2128=EDGE_CURVE('',#2810,#2811,#3359,.T.);
#2129=EDGE_CURVE('',#2811,#2812,#63,.T.);
#2130=EDGE_CURVE('',#2813,#2812,#3360,.T.);
#2131=EDGE_CURVE('',#2813,#2814,#3361,.T.);
#2132=EDGE_CURVE('',#2814,#2815,#3362,.T.);
#2133=EDGE_CURVE('',#2815,#2816,#64,.T.);
#2134=EDGE_CURVE('',#2817,#2816,#3363,.T.);
#2135=EDGE_CURVE('',#2818,#2817,#3364,.T.);
#2136=EDGE_CURVE('',#2818,#2819,#3365,.F.);
#2137=EDGE_CURVE('',#2820,#2819,#3366,.T.);
#2138=EDGE_CURVE('',#2820,#2821,#3367,.T.);
#2139=EDGE_CURVE('',#2822,#2821,#3368,.T.);
#2140=EDGE_CURVE('',#2823,#2822,#3369,.T.);
#2141=EDGE_CURVE('',#2823,#2824,#3370,.T.);
#2142=EDGE_CURVE('',#2824,#2806,#3371,.T.);
#2143=EDGE_CURVE('',#2825,#2826,#3372,.F.);
#2144=EDGE_CURVE('',#2825,#2827,#3373,.T.);
#2145=EDGE_CURVE('',#2827,#2828,#3374,.T.);
#2146=EDGE_CURVE('',#2829,#2828,#65,.T.);
#2147=EDGE_CURVE('',#2830,#2829,#3375,.T.);
#2148=EDGE_CURVE('',#2831,#2830,#3376,.T.);
#2149=EDGE_CURVE('',#2831,#2832,#3377,.T.);
#2150=EDGE_CURVE('',#2833,#2832,#66,.T.);
#2151=EDGE_CURVE('',#2834,#2833,#3378,.T.);
#2152=EDGE_CURVE('',#2834,#2835,#3379,.T.);
#2153=EDGE_CURVE('',#2836,#2835,#3380,.T.);
#2154=EDGE_CURVE('',#2836,#2837,#3381,.T.);
#2155=EDGE_CURVE('',#2838,#2837,#3382,.F.);
#2156=EDGE_CURVE('',#2838,#2839,#3383,.T.);
#2157=EDGE_CURVE('',#2840,#2839,#3384,.T.);
#2158=EDGE_CURVE('',#2841,#2840,#3385,.T.);
#2159=EDGE_CURVE('',#2841,#2842,#3386,.T.);
#2160=EDGE_CURVE('',#2842,#2843,#3387,.T.);
#2161=EDGE_CURVE('',#2844,#2843,#3388,.T.);
#2162=EDGE_CURVE('',#2844,#2826,#3389,.T.);
#2163=EDGE_CURVE('',#2845,#2846,#3390,.T.);
#2164=EDGE_CURVE('',#2846,#2847,#3391,.T.);
#2165=EDGE_CURVE('',#2848,#2847,#3392,.T.);
#2166=EDGE_CURVE('',#2845,#2848,#3393,.T.);
#2167=EDGE_CURVE('',#2814,#2830,#3394,.T.);
#2168=EDGE_CURVE('',#2813,#2831,#3395,.T.);
#2169=EDGE_CURVE('',#2849,#2850,#3396,.T.);
#2170=EDGE_CURVE('',#2849,#2851,#3397,.T.);
#2171=EDGE_CURVE('',#2851,#2852,#3398,.T.);
#2172=EDGE_CURVE('',#2850,#2852,#3399,.T.);
#2173=EDGE_CURVE('',#2825,#2843,#67,.F.);
#2174=EDGE_CURVE('',#2853,#2842,#3400,.T.);
#2175=EDGE_CURVE('',#2853,#2854,#3401,.T.);
#2176=EDGE_CURVE('',#2854,#2827,#3402,.T.);
#2177=EDGE_CURVE('',#2838,#2835,#68,.F.);
#2178=EDGE_CURVE('',#2855,#2834,#3403,.T.);
#2179=EDGE_CURVE('',#2855,#2856,#3404,.T.);
#2180=EDGE_CURVE('',#2856,#2839,#3405,.T.);
#2181=EDGE_CURVE('',#2847,#2856,#3406,.T.);
#2182=EDGE_CURVE('',#2855,#2848,#3407,.T.);
#2183=EDGE_CURVE('',#2809,#2805,#69,.F.);
#2184=EDGE_CURVE('',#2806,#2857,#3408,.T.);
#2185=EDGE_CURVE('',#2858,#2857,#3409,.T.);
#2186=EDGE_CURVE('',#2810,#2858,#3410,.T.);
#2187=EDGE_CURVE('',#2821,#2818,#70,.F.);
#2188=EDGE_CURVE('',#2817,#2859,#3411,.T.);
#2189=EDGE_CURVE('',#2860,#2859,#3412,.T.);
#2190=EDGE_CURVE('',#2822,#2860,#3413,.T.);
#2191=EDGE_CURVE('',#2846,#2857,#3414,.T.);
#2192=EDGE_CURVE('',#2858,#2845,#3415,.T.);
#2193=EDGE_CURVE('',#2861,#2862,#3416,.T.);
#2194=EDGE_CURVE('',#2862,#2863,#3417,.T.);
#2195=EDGE_CURVE('',#2864,#2863,#3418,.T.);
#2196=EDGE_CURVE('',#2864,#2865,#3419,.F.);
#2197=EDGE_CURVE('',#2866,#2865,#3420,.T.);
#2198=EDGE_CURVE('',#2866,#2867,#3421,.T.);
#2199=EDGE_CURVE('',#2868,#2867,#3422,.T.);
#2200=EDGE_CURVE('',#2868,#2869,#3423,.T.);
#2201=EDGE_CURVE('',#2869,#2870,#71,.T.);
#2202=EDGE_CURVE('',#2871,#2870,#3424,.T.);
#2203=EDGE_CURVE('',#2871,#2872,#3425,.T.);
#2204=EDGE_CURVE('',#2872,#2873,#3426,.T.);
#2205=EDGE_CURVE('',#2873,#2874,#72,.T.);
#2206=EDGE_CURVE('',#2875,#2874,#3427,.T.);
#2207=EDGE_CURVE('',#2876,#2875,#3428,.T.);
#2208=EDGE_CURVE('',#2876,#2877,#3429,.F.);
#2209=EDGE_CURVE('',#2878,#2877,#3430,.T.);
#2210=EDGE_CURVE('',#2878,#2879,#3431,.T.);
#2211=EDGE_CURVE('',#2880,#2879,#3432,.T.);
#2212=EDGE_CURVE('',#2861,#2880,#3433,.T.);
#2213=EDGE_CURVE('',#2881,#2882,#3434,.T.);
#2214=EDGE_CURVE('',#2883,#2881,#3435,.T.);
#2215=EDGE_CURVE('',#2883,#2884,#3436,.T.);
#2216=EDGE_CURVE('',#2884,#2885,#3437,.T.);
#2217=EDGE_CURVE('',#2886,#2885,#3438,.T.);
#2218=EDGE_CURVE('',#2886,#2887,#3439,.T.);
#2219=EDGE_CURVE('',#2888,#2887,#3440,.F.);
#2220=EDGE_CURVE('',#2888,#2889,#3441,.T.);
#2221=EDGE_CURVE('',#2889,#2890,#3442,.T.);
#2222=EDGE_CURVE('',#2891,#2890,#73,.T.);
#2223=EDGE_CURVE('',#2892,#2891,#3443,.T.);
#2224=EDGE_CURVE('',#2893,#2892,#3444,.T.);
#2225=EDGE_CURVE('',#2893,#2894,#3445,.T.);
#2226=EDGE_CURVE('',#2895,#2894,#74,.T.);
#2227=EDGE_CURVE('',#2896,#2895,#3446,.T.);
#2228=EDGE_CURVE('',#2896,#2897,#3447,.T.);
#2229=EDGE_CURVE('',#2898,#2897,#3448,.T.);
#2230=EDGE_CURVE('',#2898,#2899,#3449,.T.);
#2231=EDGE_CURVE('',#2900,#2899,#3450,.F.);
#2232=EDGE_CURVE('',#2900,#2882,#3451,.T.);
#2233=EDGE_CURVE('',#2901,#2902,#3452,.T.);
#2234=EDGE_CURVE('',#2902,#2903,#3453,.T.);
#2235=EDGE_CURVE('',#2904,#2903,#3454,.T.);
#2236=EDGE_CURVE('',#2901,#2904,#3455,.T.);
#2237=EDGE_CURVE('',#2872,#2892,#3456,.T.);
#2238=EDGE_CURVE('',#2871,#2893,#3457,.T.);
#2239=EDGE_CURVE('',#2905,#2906,#3458,.T.);
#2240=EDGE_CURVE('',#2905,#2907,#3459,.T.);
#2241=EDGE_CURVE('',#2907,#2908,#3460,.T.);
#2242=EDGE_CURVE('',#2906,#2908,#3461,.T.);
#2243=EDGE_CURVE('',#2909,#2884,#3462,.T.);
#2244=EDGE_CURVE('',#2909,#2910,#3463,.T.);
#2245=EDGE_CURVE('',#2910,#2889,#3464,.T.);
#2246=EDGE_CURVE('',#2888,#2885,#75,.F.);
#2247=EDGE_CURVE('',#2903,#2911,#3465,.T.);
#2248=EDGE_CURVE('',#2912,#2911,#3466,.T.);
#2249=EDGE_CURVE('',#2912,#2904,#3467,.T.);
#2250=EDGE_CURVE('',#2880,#2913,#3468,.T.);
#2251=EDGE_CURVE('',#2879,#2876,#76,.F.);
#2252=EDGE_CURVE('',#2875,#2914,#3469,.T.);
#2253=EDGE_CURVE('',#2913,#2914,#3470,.T.);
#2254=EDGE_CURVE('',#2902,#2915,#3471,.T.);
#2255=EDGE_CURVE('',#2916,#2901,#3472,.T.);
#2256=EDGE_CURVE('',#2916,#2915,#3473,.T.);
#2257=EDGE_CURVE('',#2917,#2918,#3474,.T.);
#2258=EDGE_CURVE('',#2917,#2919,#3475,.F.);
#2259=EDGE_CURVE('',#2920,#2919,#3476,.T.);
#2260=EDGE_CURVE('',#2920,#2921,#3477,.T.);
#2261=EDGE_CURVE('',#2922,#2921,#3478,.T.);
#2262=EDGE_CURVE('',#2922,#2923,#3479,.T.);
#2263=EDGE_CURVE('',#2923,#2924,#77,.T.);
#2264=EDGE_CURVE('',#2925,#2924,#3480,.T.);
#2265=EDGE_CURVE('',#2925,#2926,#3481,.T.);
#2266=EDGE_CURVE('',#2926,#2927,#3482,.T.);
#2267=EDGE_CURVE('',#2927,#2928,#78,.T.);
#2268=EDGE_CURVE('',#2929,#2928,#3483,.T.);
#2269=EDGE_CURVE('',#2930,#2929,#3484,.T.);
#2270=EDGE_CURVE('',#2930,#2931,#3485,.F.);
#2271=EDGE_CURVE('',#2932,#2931,#3486,.T.);
#2272=EDGE_CURVE('',#2932,#2933,#3487,.T.);
#2273=EDGE_CURVE('',#2934,#2933,#3488,.T.);
#2274=EDGE_CURVE('',#2935,#2934,#3489,.T.);
#2275=EDGE_CURVE('',#2935,#2936,#3490,.T.);
#2276=EDGE_CURVE('',#2936,#2918,#3491,.T.);
#2277=EDGE_CURVE('',#2937,#2938,#3492,.F.);
#2278=EDGE_CURVE('',#2937,#2939,#3493,.T.);
#2279=EDGE_CURVE('',#2939,#2940,#3494,.T.);
#2280=EDGE_CURVE('',#2941,#2940,#79,.T.);
#2281=EDGE_CURVE('',#2942,#2941,#3495,.T.);
#2282=EDGE_CURVE('',#2943,#2942,#3496,.T.);
#2283=EDGE_CURVE('',#2943,#2944,#3497,.T.);
#2284=EDGE_CURVE('',#2945,#2944,#80,.T.);
#2285=EDGE_CURVE('',#2946,#2945,#3498,.T.);
#2286=EDGE_CURVE('',#2946,#2947,#3499,.T.);
#2287=EDGE_CURVE('',#2948,#2947,#3500,.T.);
#2288=EDGE_CURVE('',#2948,#2949,#3501,.T.);
#2289=EDGE_CURVE('',#2950,#2949,#3502,.F.);
#2290=EDGE_CURVE('',#2950,#2951,#3503,.T.);
#2291=EDGE_CURVE('',#2952,#2951,#3504,.T.);
#2292=EDGE_CURVE('',#2953,#2952,#3505,.T.);
#2293=EDGE_CURVE('',#2953,#2954,#3506,.T.);
#2294=EDGE_CURVE('',#2954,#2955,#3507,.T.);
#2295=EDGE_CURVE('',#2956,#2955,#3508,.T.);
#2296=EDGE_CURVE('',#2956,#2938,#3509,.T.);
#2297=EDGE_CURVE('',#2957,#2958,#3510,.T.);
#2298=EDGE_CURVE('',#2958,#2959,#3511,.T.);
#2299=EDGE_CURVE('',#2960,#2959,#3512,.T.);
#2300=EDGE_CURVE('',#2957,#2960,#3513,.T.);
#2301=EDGE_CURVE('',#2926,#2942,#3514,.T.);
#2302=EDGE_CURVE('',#2925,#2943,#3515,.T.);
#2303=EDGE_CURVE('',#2961,#2962,#3516,.T.);
#2304=EDGE_CURVE('',#2961,#2963,#3517,.T.);
#2305=EDGE_CURVE('',#2963,#2964,#3518,.T.);
#2306=EDGE_CURVE('',#2962,#2964,#3519,.T.);
#2307=EDGE_CURVE('',#2937,#2955,#81,.F.);
#2308=EDGE_CURVE('',#2965,#2954,#3520,.T.);
#2309=EDGE_CURVE('',#2965,#2966,#3521,.T.);
#2310=EDGE_CURVE('',#2966,#2939,#3522,.T.);
#2311=EDGE_CURVE('',#2959,#2967,#3523,.T.);
#2312=EDGE_CURVE('',#2968,#2967,#3524,.T.);
#2313=EDGE_CURVE('',#2968,#2960,#3525,.T.);
#2314=EDGE_CURVE('',#2921,#2917,#82,.F.);
#2315=EDGE_CURVE('',#2918,#2969,#3526,.T.);
#2316=EDGE_CURVE('',#2970,#2969,#3527,.T.);
#2317=EDGE_CURVE('',#2922,#2970,#3528,.T.);
#2318=EDGE_CURVE('',#2933,#2930,#83,.F.);
#2319=EDGE_CURVE('',#2929,#2971,#3529,.T.);
#2320=EDGE_CURVE('',#2972,#2971,#3530,.T.);
#2321=EDGE_CURVE('',#2934,#2972,#3531,.T.);
#2322=EDGE_CURVE('',#2958,#2969,#3532,.T.);
#2323=EDGE_CURVE('',#2970,#2957,#3533,.T.);
#2324=EDGE_CURVE('',#2928,#2940,#3534,.T.);
#2325=EDGE_CURVE('',#2927,#2941,#3535,.T.);
#2326=EDGE_CURVE('',#2869,#2895,#3536,.T.);
#2327=EDGE_CURVE('',#2870,#2894,#3537,.T.);
#2328=EDGE_CURVE('',#2973,#2973,#14,.T.);
#2329=EDGE_CURVE('',#2816,#2828,#3538,.T.);
#2330=EDGE_CURVE('',#2815,#2829,#3539,.T.);
#2331=EDGE_CURVE('',#2755,#2777,#3540,.T.);
#2332=EDGE_CURVE('',#2756,#2776,#3541,.T.);
#2333=EDGE_CURVE('',#2974,#2974,#15,.T.);
#2334=EDGE_CURVE('',#2975,#2975,#84,.F.);
#2335=EDGE_CURVE('',#2976,#2976,#85,.F.);
#2336=EDGE_CURVE('',#2760,#2772,#3542,.T.);
#2337=EDGE_CURVE('',#2759,#2773,#3543,.T.);
#2338=EDGE_CURVE('',#2977,#2977,#16,.T.);
#2339=EDGE_CURVE('',#2811,#2833,#3544,.T.);
#2340=EDGE_CURVE('',#2812,#2832,#3545,.T.);
#2341=EDGE_CURVE('',#2874,#2890,#3546,.T.);
#2342=EDGE_CURVE('',#2873,#2891,#3547,.T.);
#2343=EDGE_CURVE('',#2978,#2978,#17,.T.);
#2344=EDGE_CURVE('',#2923,#2945,#3548,.T.);
#2345=EDGE_CURVE('',#2924,#2944,#3549,.T.);
#2346=EDGE_CURVE('',#2979,#2979,#86,.T.);
#2347=EDGE_CURVE('',#2980,#2980,#87,.F.);
#2348=EDGE_CURVE('',#2981,#2982,#3550,.T.);
#2349=EDGE_CURVE('',#2981,#2983,#3551,.T.);
#2350=EDGE_CURVE('',#2983,#2984,#3552,.T.);
#2351=EDGE_CURVE('',#2982,#2984,#3553,.T.);
#2352=EDGE_CURVE('',#2798,#2984,#3554,.T.);
#2353=EDGE_CURVE('',#2803,#2983,#3555,.T.);
#2354=EDGE_CURVE('',#2982,#2797,#3556,.T.);
#2355=EDGE_CURVE('',#2981,#2804,#3557,.T.);
#2356=EDGE_CURVE('',#2985,#2985,#88,.T.);
#2357=EDGE_CURVE('',#2986,#2986,#89,.F.);
#2358=EDGE_CURVE('',#2987,#2988,#3558,.T.);
#2359=EDGE_CURVE('',#2987,#2989,#3559,.T.);
#2360=EDGE_CURVE('',#2989,#2990,#3560,.T.);
#2361=EDGE_CURVE('',#2988,#2990,#3561,.T.);
#2362=EDGE_CURVE('',#2854,#2990,#3562,.T.);
#2363=EDGE_CURVE('',#2859,#2989,#3563,.T.);
#2364=EDGE_CURVE('',#2988,#2853,#3564,.T.);
#2365=EDGE_CURVE('',#2987,#2860,#3565,.T.);
#2366=EDGE_CURVE('',#2991,#2991,#90,.T.);
#2367=EDGE_CURVE('',#2992,#2992,#91,.F.);
#2368=EDGE_CURVE('',#2993,#2994,#3566,.T.);
#2369=EDGE_CURVE('',#2993,#2995,#3567,.T.);
#2370=EDGE_CURVE('',#2995,#2996,#3568,.T.);
#2371=EDGE_CURVE('',#2994,#2996,#3569,.T.);
#2372=EDGE_CURVE('',#2868,#2916,#3570,.T.);
#2373=EDGE_CURVE('',#2912,#2896,#3571,.T.);
#2374=EDGE_CURVE('',#2910,#2996,#3572,.T.);
#2375=EDGE_CURVE('',#2914,#2995,#3573,.T.);
#2376=EDGE_CURVE('',#2911,#2882,#3574,.T.);
#2377=EDGE_CURVE('',#2900,#2897,#92,.F.);
#2378=EDGE_CURVE('',#2994,#2909,#3575,.T.);
#2379=EDGE_CURVE('',#2863,#2915,#3576,.T.);
#2380=EDGE_CURVE('',#2867,#2864,#93,.F.);
#2381=EDGE_CURVE('',#2993,#2913,#3577,.T.);
#2382=EDGE_CURVE('',#2997,#2997,#94,.T.);
#2383=EDGE_CURVE('',#2998,#2998,#95,.F.);
#2384=EDGE_CURVE('',#2999,#3000,#3578,.T.);
#2385=EDGE_CURVE('',#2999,#3001,#3579,.T.);
#2386=EDGE_CURVE('',#3001,#3002,#3580,.T.);
#2387=EDGE_CURVE('',#3000,#3002,#3581,.T.);
#2388=EDGE_CURVE('',#2968,#2946,#3582,.T.);
#2389=EDGE_CURVE('',#2966,#3002,#3583,.T.);
#2390=EDGE_CURVE('',#2971,#3001,#3584,.T.);
#2391=EDGE_CURVE('',#2967,#2951,#3585,.T.);
#2392=EDGE_CURVE('',#2950,#2947,#96,.F.);
#2393=EDGE_CURVE('',#3000,#2965,#3586,.T.);
#2394=EDGE_CURVE('',#2999,#2972,#3587,.T.);
#2395=EDGE_CURVE('',#3003,#2963,#3588,.T.);
#2396=EDGE_CURVE('',#2935,#3003,#3589,.T.);
#2397=EDGE_CURVE('',#3004,#2953,#3590,.T.);
#2398=EDGE_CURVE('',#3004,#2964,#3591,.T.);
#2399=EDGE_CURVE('',#3005,#2962,#3592,.T.);
#2400=EDGE_CURVE('',#3005,#2952,#3593,.T.);
#2401=EDGE_CURVE('',#2936,#3006,#3594,.T.);
#2402=EDGE_CURVE('',#3006,#2961,#3595,.T.);
#2403=EDGE_CURVE('',#3004,#3005,#3596,.T.);
#2404=EDGE_CURVE('',#3003,#3006,#3597,.T.);
#2405=EDGE_CURVE('',#2932,#2931,#97,.T.);
#2406=EDGE_CURVE('',#2920,#2919,#98,.T.);
#2407=EDGE_CURVE('',#2949,#2948,#99,.T.);
#2408=EDGE_CURVE('',#2938,#2956,#100,.T.);
#2409=EDGE_CURVE('',#3007,#2907,#3598,.T.);
#2410=EDGE_CURVE('',#2861,#3007,#3599,.T.);
#2411=EDGE_CURVE('',#3008,#2883,#3600,.T.);
#2412=EDGE_CURVE('',#3008,#2908,#3601,.T.);
#2413=EDGE_CURVE('',#3009,#2906,#3602,.T.);
#2414=EDGE_CURVE('',#3009,#2881,#3603,.T.);
#2415=EDGE_CURVE('',#2862,#3010,#3604,.T.);
#2416=EDGE_CURVE('',#3010,#2905,#3605,.T.);
#2417=EDGE_CURVE('',#3008,#3009,#3606,.T.);
#2418=EDGE_CURVE('',#3007,#3010,#3607,.T.);
#2419=EDGE_CURVE('',#2866,#2865,#101,.T.);
#2420=EDGE_CURVE('',#2878,#2877,#102,.T.);
#2421=EDGE_CURVE('',#2899,#2898,#103,.T.);
#2422=EDGE_CURVE('',#2887,#2886,#104,.T.);
#2423=EDGE_CURVE('',#3011,#2851,#3608,.T.);
#2424=EDGE_CURVE('',#2823,#3011,#3609,.T.);
#2425=EDGE_CURVE('',#3012,#2841,#3610,.T.);
#2426=EDGE_CURVE('',#3012,#2852,#3611,.T.);
#2427=EDGE_CURVE('',#3013,#2850,#3612,.T.);
#2428=EDGE_CURVE('',#3013,#2840,#3613,.T.);
#2429=EDGE_CURVE('',#2824,#3014,#3614,.T.);
#2430=EDGE_CURVE('',#3014,#2849,#3615,.T.);
#2431=EDGE_CURVE('',#3012,#3013,#3616,.T.);
#2432=EDGE_CURVE('',#3011,#3014,#3617,.T.);
#2433=EDGE_CURVE('',#2820,#2819,#105,.T.);
#2434=EDGE_CURVE('',#2808,#2807,#106,.T.);
#2435=EDGE_CURVE('',#2837,#2836,#107,.T.);
#2436=EDGE_CURVE('',#2826,#2844,#108,.T.);
#2437=EDGE_CURVE('',#3015,#2795,#3618,.T.);
#2438=EDGE_CURVE('',#2767,#3015,#3619,.T.);
#2439=EDGE_CURVE('',#3016,#2785,#3620,.T.);
#2440=EDGE_CURVE('',#3016,#2796,#3621,.T.);
#2441=EDGE_CURVE('',#3017,#2794,#3622,.T.);
#2442=EDGE_CURVE('',#3017,#2784,#3623,.T.);
#2443=EDGE_CURVE('',#2768,#3018,#3624,.T.);
#2444=EDGE_CURVE('',#3018,#2793,#3625,.T.);
#2445=EDGE_CURVE('',#3016,#3017,#3626,.T.);
#2446=EDGE_CURVE('',#3015,#3018,#3627,.T.);
#2447=EDGE_CURVE('',#2764,#2763,#109,.T.);
#2448=EDGE_CURVE('',#2752,#2751,#110,.T.);
#2449=EDGE_CURVE('',#2781,#2780,#111,.T.);
#2450=EDGE_CURVE('',#2770,#2788,#112,.T.);
#2451=EDGE_CURVE('',#3019,#3020,#3628,.T.);
#2452=EDGE_CURVE('',#3020,#3021,#3629,.T.);
#2453=EDGE_CURVE('',#3022,#3021,#3630,.T.);
#2454=EDGE_CURVE('',#3022,#3019,#3631,.T.);
#2455=EDGE_CURVE('',#3023,#3024,#3632,.T.);
#2456=EDGE_CURVE('',#3024,#3025,#3633,.T.);
#2457=EDGE_CURVE('',#3026,#3025,#3634,.T.);
#2458=EDGE_CURVE('',#3026,#3023,#3635,.T.);
#2459=EDGE_CURVE('',#3027,#3028,#3636,.T.);
#2460=EDGE_CURVE('',#3027,#3029,#3637,.T.);
#2461=EDGE_CURVE('',#3030,#3029,#3638,.T.);
#2462=EDGE_CURVE('',#3028,#3030,#3639,.T.);
#2463=EDGE_CURVE('',#3025,#3031,#3640,.T.);
#2464=EDGE_CURVE('',#3031,#3032,#3641,.T.);
#2465=EDGE_CURVE('',#3033,#3032,#3642,.T.);
#2466=EDGE_CURVE('',#3033,#3034,#3643,.T.);
#2467=EDGE_CURVE('',#3029,#3034,#3644,.T.);
#2468=EDGE_CURVE('',#3035,#3027,#3645,.T.);
#2469=EDGE_CURVE('',#3036,#3035,#3646,.T.);
#2470=EDGE_CURVE('',#3036,#3020,#3647,.T.);
#2471=EDGE_CURVE('',#3019,#3026,#3648,.T.);
#2472=EDGE_CURVE('',#3037,#3033,#3649,.T.);
#2473=EDGE_CURVE('',#3037,#3038,#3650,.T.);
#2474=EDGE_CURVE('',#3034,#3038,#3651,.T.);
#2475=EDGE_CURVE('',#3021,#3039,#3652,.T.);
#2476=EDGE_CURVE('',#3039,#3040,#3653,.T.);
#2477=EDGE_CURVE('',#3028,#3040,#3654,.T.);
#2478=EDGE_CURVE('',#3038,#3030,#3655,.T.);
#2479=EDGE_CURVE('',#3041,#3037,#3656,.T.);
#2480=EDGE_CURVE('',#3042,#3041,#3657,.T.);
#2481=EDGE_CURVE('',#3042,#3024,#3658,.T.);
#2482=EDGE_CURVE('',#3023,#3022,#3659,.T.);
#2483=EDGE_CURVE('',#3032,#3041,#3660,.T.);
#2484=EDGE_CURVE('',#3031,#3042,#3661,.T.);
#2485=EDGE_CURVE('',#3043,#3043,#113,.T.);
#2486=EDGE_CURVE('',#3044,#3044,#114,.T.);
#2487=EDGE_CURVE('',#3045,#3045,#115,.T.);
#2488=EDGE_CURVE('',#3046,#3046,#116,.T.);
#2489=EDGE_CURVE('',#3047,#3047,#117,.T.);
#2490=EDGE_CURVE('',#3048,#3048,#118,.T.);
#2491=EDGE_CURVE('',#3049,#3049,#119,.T.);
#2492=EDGE_CURVE('',#3050,#3050,#120,.T.);
#2493=EDGE_CURVE('',#3051,#3051,#121,.T.);
#2494=EDGE_CURVE('',#3039,#3036,#3662,.T.);
#2495=EDGE_CURVE('',#3052,#3052,#122,.T.);
#2496=EDGE_CURVE('',#3053,#3053,#123,.T.);
#2497=EDGE_CURVE('',#3054,#3054,#124,.T.);
#2498=EDGE_CURVE('',#3040,#3035,#3663,.T.);
#2499=EDGE_CURVE('',#3055,#3055,#125,.T.);
#2500=EDGE_CURVE('',#3056,#3056,#126,.T.);
#2501=EDGE_CURVE('',#3057,#3057,#127,.T.);
#2502=EDGE_CURVE('',#3058,#3058,#128,.T.);
#2503=EDGE_CURVE('',#3059,#3059,#129,.T.);
#2504=EDGE_CURVE('',#3060,#3061,#3664,.T.);
#2505=EDGE_CURVE('',#3062,#3060,#130,.T.);
#2506=EDGE_CURVE('',#3063,#3062,#3665,.F.);
#2507=EDGE_CURVE('',#3063,#3064,#131,.T.);
#2508=EDGE_CURVE('',#3064,#3065,#3666,.F.);
#2509=EDGE_CURVE('',#3066,#3065,#132,.T.);
#2510=EDGE_CURVE('',#3066,#3067,#3667,.T.);
#2511=EDGE_CURVE('',#3067,#3061,#133,.T.);
#2512=EDGE_CURVE('',#3060,#3062,#3668,.T.);
#2513=EDGE_CURVE('',#3066,#3065,#3669,.T.);
#2514=EDGE_CURVE('',#3068,#3068,#134,.F.);
#2515=EDGE_CURVE('',#3069,#3069,#135,.T.);
#2516=EDGE_CURVE('',#3070,#3063,#3670,.T.);
#2517=EDGE_CURVE('',#3070,#3071,#3671,.T.);
#2518=EDGE_CURVE('',#3071,#3064,#3672,.T.);
#2519=EDGE_CURVE('',#3061,#3072,#3673,.T.);
#2520=EDGE_CURVE('',#3072,#3073,#3674,.T.);
#2521=EDGE_CURVE('',#3074,#3073,#3675,.T.);
#2522=EDGE_CURVE('',#3070,#3074,#3676,.T.);
#2523=EDGE_CURVE('',#3071,#3075,#3677,.T.);
#2524=EDGE_CURVE('',#3075,#3076,#3678,.T.);
#2525=EDGE_CURVE('',#3077,#3076,#3679,.T.);
#2526=EDGE_CURVE('',#3067,#3077,#3680,.T.);
#2527=EDGE_CURVE('',#3072,#3077,#3681,.T.);
#2528=EDGE_CURVE('',#3073,#3076,#3682,.T.);
#2529=EDGE_CURVE('',#3074,#3075,#3683,.T.);
#2530=EDGE_CURVE('',#3078,#3079,#3684,.T.);
#2531=EDGE_CURVE('',#3078,#3080,#3685,.T.);
#2532=EDGE_CURVE('',#3080,#3081,#3686,.T.);
#2533=EDGE_CURVE('',#3079,#3081,#3687,.T.);
#2534=EDGE_CURVE('',#3082,#3083,#3688,.T.);
#2535=EDGE_CURVE('',#3084,#3082,#3689,.T.);
#2536=EDGE_CURVE('',#3084,#3085,#3690,.T.);
#2537=EDGE_CURVE('',#3085,#3083,#3691,.T.);
#2538=EDGE_CURVE('',#3086,#3082,#3692,.T.);
#2539=EDGE_CURVE('',#3087,#3086,#3693,.T.);
#2540=EDGE_CURVE('',#3087,#3084,#3694,.T.);
#2541=EDGE_CURVE('',#3088,#3086,#3695,.T.);
#2542=EDGE_CURVE('',#3089,#3088,#3696,.T.);
#2543=EDGE_CURVE('',#3089,#3087,#3697,.T.);
#2544=EDGE_CURVE('',#3083,#3088,#3698,.T.);
#2545=EDGE_CURVE('',#3085,#3089,#3699,.T.);
#2546=EDGE_CURVE('',#3078,#3090,#3700,.T.);
#2547=EDGE_CURVE('',#3090,#3091,#3701,.T.);
#2548=EDGE_CURVE('',#3080,#3091,#3702,.T.);
#2549=EDGE_CURVE('',#3091,#3092,#3703,.T.);
#2550=EDGE_CURVE('',#3090,#3093,#3704,.T.);
#2551=EDGE_CURVE('',#3093,#3092,#3705,.T.);
#2552=EDGE_CURVE('',#3081,#3092,#3706,.T.);
#2553=EDGE_CURVE('',#3079,#3093,#3707,.T.);
#2554=EDGE_CURVE('',#3094,#3094,#136,.T.);
#2555=EDGE_CURVE('',#3095,#3095,#137,.T.);
#2556=EDGE_CURVE('',#3096,#3096,#138,.F.);
#2557=EDGE_CURVE('',#3097,#3097,#139,.F.);
#2558=EDGE_CURVE('',#3098,#3098,#140,.T.);
#2559=EDGE_CURVE('',#3099,#3100,#3708,.T.);
#2560=EDGE_CURVE('',#3101,#3099,#141,.T.);
#2561=EDGE_CURVE('',#3102,#3101,#3709,.F.);
#2562=EDGE_CURVE('',#3102,#3103,#142,.T.);
#2563=EDGE_CURVE('',#3103,#3104,#3710,.F.);
#2564=EDGE_CURVE('',#3105,#3104,#143,.T.);
#2565=EDGE_CURVE('',#3105,#3106,#3711,.T.);
#2566=EDGE_CURVE('',#3106,#3100,#144,.T.);
#2567=EDGE_CURVE('',#3099,#3101,#3712,.T.);
#2568=EDGE_CURVE('',#3105,#3104,#3713,.T.);
#2569=EDGE_CURVE('',#3107,#3107,#145,.F.);
#2570=EDGE_CURVE('',#3108,#3108,#146,.T.);
#2571=EDGE_CURVE('',#3109,#3102,#3714,.T.);
#2572=EDGE_CURVE('',#3109,#3110,#3715,.T.);
#2573=EDGE_CURVE('',#3110,#3103,#3716,.T.);
#2574=EDGE_CURVE('',#3100,#3111,#3717,.T.);
#2575=EDGE_CURVE('',#3111,#3112,#3718,.T.);
#2576=EDGE_CURVE('',#3113,#3112,#3719,.T.);
#2577=EDGE_CURVE('',#3109,#3113,#3720,.T.);
#2578=EDGE_CURVE('',#3110,#3114,#3721,.T.);
#2579=EDGE_CURVE('',#3114,#3115,#3722,.T.);
#2580=EDGE_CURVE('',#3116,#3115,#3723,.T.);
#2581=EDGE_CURVE('',#3106,#3116,#3724,.T.);
#2582=EDGE_CURVE('',#3111,#3116,#3725,.T.);
#2583=EDGE_CURVE('',#3112,#3115,#3726,.T.);
#2584=EDGE_CURVE('',#3113,#3114,#3727,.T.);
#2585=EDGE_CURVE('',#3117,#3117,#147,.T.);
#2586=EDGE_CURVE('',#3118,#3119,#3728,.T.);
#2587=EDGE_CURVE('',#3120,#3118,#148,.T.);
#2588=EDGE_CURVE('',#3121,#3120,#3729,.F.);
#2589=EDGE_CURVE('',#3121,#3122,#149,.T.);
#2590=EDGE_CURVE('',#3122,#3123,#3730,.F.);
#2591=EDGE_CURVE('',#3124,#3123,#150,.T.);
#2592=EDGE_CURVE('',#3124,#3125,#3731,.T.);
#2593=EDGE_CURVE('',#3125,#3119,#151,.T.);
#2594=EDGE_CURVE('',#3118,#3120,#3732,.T.);
#2595=EDGE_CURVE('',#3124,#3123,#3733,.T.);
#2596=EDGE_CURVE('',#3126,#3126,#152,.F.);
#2597=EDGE_CURVE('',#3127,#3127,#153,.T.);
#2598=EDGE_CURVE('',#3128,#3121,#3734,.T.);
#2599=EDGE_CURVE('',#3128,#3129,#3735,.T.);
#2600=EDGE_CURVE('',#3129,#3122,#3736,.T.);
#2601=EDGE_CURVE('',#3119,#3130,#3737,.T.);
#2602=EDGE_CURVE('',#3130,#3131,#3738,.T.);
#2603=EDGE_CURVE('',#3132,#3131,#3739,.T.);
#2604=EDGE_CURVE('',#3128,#3132,#3740,.T.);
#2605=EDGE_CURVE('',#3129,#3133,#3741,.T.);
#2606=EDGE_CURVE('',#3133,#3134,#3742,.T.);
#2607=EDGE_CURVE('',#3135,#3134,#3743,.T.);
#2608=EDGE_CURVE('',#3125,#3135,#3744,.T.);
#2609=EDGE_CURVE('',#3130,#3135,#3745,.T.);
#2610=EDGE_CURVE('',#3131,#3134,#3746,.T.);
#2611=EDGE_CURVE('',#3132,#3133,#3747,.T.);
#2612=EDGE_CURVE('',#3136,#3136,#18,.T.);
#2613=EDGE_CURVE('',#3137,#3137,#19,.T.);
#2614=EDGE_CURVE('',#3138,#3138,#20,.T.);
#2615=EDGE_CURVE('',#3139,#3139,#154,.T.);
#2616=EDGE_CURVE('',#3140,#3140,#155,.T.);
#2617=EDGE_CURVE('',#3141,#3141,#21,.T.);
#2618=EDGE_CURVE('',#3142,#3142,#22,.T.);
#2619=EDGE_CURVE('',#3143,#3143,#23,.T.);
#2620=EDGE_CURVE('',#3144,#3144,#24,.T.);
#2621=EDGE_CURVE('',#3145,#3145,#25,.T.);
#2622=EDGE_CURVE('',#3146,#3146,#156,.T.);
#2623=EDGE_CURVE('',#3147,#3147,#157,.T.);
#2624=EDGE_CURVE('',#3148,#3148,#26,.T.);
#2625=EDGE_CURVE('',#3149,#3149,#27,.T.);
#2626=EDGE_CURVE('',#3150,#3150,#28,.T.);
#2627=EDGE_CURVE('',#3151,#3151,#29,.T.);
#2628=VERTEX_POINT('',#7953);
#2629=VERTEX_POINT('',#7954);
#2630=VERTEX_POINT('',#7956);
#2631=VERTEX_POINT('',#7958);
#2632=VERTEX_POINT('',#7961);
#2633=VERTEX_POINT('',#7962);
#2634=VERTEX_POINT('',#7964);
#2635=VERTEX_POINT('',#7966);
#2636=VERTEX_POINT('',#7970);
#2637=VERTEX_POINT('',#7972);
#2638=VERTEX_POINT('',#7976);
#2639=VERTEX_POINT('',#7978);
#2640=VERTEX_POINT('',#7987);
#2641=VERTEX_POINT('',#7989);
#2642=VERTEX_POINT('',#7993);
#2643=VERTEX_POINT('',#7995);
#2644=VERTEX_POINT('',#8005);
#2645=VERTEX_POINT('',#8007);
#2646=VERTEX_POINT('',#8008);
#2647=VERTEX_POINT('',#8010);
#2648=VERTEX_POINT('',#8012);
#2649=VERTEX_POINT('',#8014);
#2650=VERTEX_POINT('',#8016);
#2651=VERTEX_POINT('',#8018);
#2652=VERTEX_POINT('',#8020);
#2653=VERTEX_POINT('',#8028);
#2654=VERTEX_POINT('',#8031);
#2655=VERTEX_POINT('',#8035);
#2656=VERTEX_POINT('',#8037);
#2657=VERTEX_POINT('',#8041);
#2658=VERTEX_POINT('',#8043);
#2659=VERTEX_POINT('',#8045);
#2660=VERTEX_POINT('',#8049);
#2661=VERTEX_POINT('',#8051);
#2662=VERTEX_POINT('',#8053);
#2663=VERTEX_POINT('',#8065);
#2664=VERTEX_POINT('',#8066);
#2665=VERTEX_POINT('',#8068);
#2666=VERTEX_POINT('',#8070);
#2667=VERTEX_POINT('',#8074);
#2668=VERTEX_POINT('',#8076);
#2669=VERTEX_POINT('',#8080);
#2670=VERTEX_POINT('',#8082);
#2671=VERTEX_POINT('',#8092);
#2672=VERTEX_POINT('',#8094);
#2673=VERTEX_POINT('',#8101);
#2674=VERTEX_POINT('',#8103);
#2675=VERTEX_POINT('',#8105);
#2676=VERTEX_POINT('',#8106);
#2677=VERTEX_POINT('',#8108);
#2678=VERTEX_POINT('',#8110);
#2679=VERTEX_POINT('',#8112);
#2680=VERTEX_POINT('',#8114);
#2681=VERTEX_POINT('',#8116);
#2682=VERTEX_POINT('',#8118);
#2683=VERTEX_POINT('',#8120);
#2684=VERTEX_POINT('',#8122);
#2685=VERTEX_POINT('',#8124);
#2686=VERTEX_POINT('',#8126);
#2687=VERTEX_POINT('',#8130);
#2688=VERTEX_POINT('',#8132);
#2689=VERTEX_POINT('',#8134);
#2690=VERTEX_POINT('',#8135);
#2691=VERTEX_POINT('',#8137);
#2692=VERTEX_POINT('',#8139);
#2693=VERTEX_POINT('',#8141);
#2694=VERTEX_POINT('',#8143);
#2695=VERTEX_POINT('',#8145);
#2696=VERTEX_POINT('',#8147);
#2697=VERTEX_POINT('',#8149);
#2698=VERTEX_POINT('',#8151);
#2699=VERTEX_POINT('',#8153);
#2700=VERTEX_POINT('',#8155);
#2701=VERTEX_POINT('',#8186);
#2702=VERTEX_POINT('',#8188);
#2703=VERTEX_POINT('',#8191);
#2704=VERTEX_POINT('',#8193);
#2705=VERTEX_POINT('',#8195);
#2706=VERTEX_POINT('',#8197);
#2707=VERTEX_POINT('',#8200);
#2708=VERTEX_POINT('',#8202);
#2709=VERTEX_POINT('',#8204);
#2710=VERTEX_POINT('',#8206);
#2711=VERTEX_POINT('',#8214);
#2712=VERTEX_POINT('',#8215);
#2713=VERTEX_POINT('',#8217);
#2714=VERTEX_POINT('',#8219);
#2715=VERTEX_POINT('',#8222);
#2716=VERTEX_POINT('',#8223);
#2717=VERTEX_POINT('',#8225);
#2718=VERTEX_POINT('',#8227);
#2719=VERTEX_POINT('',#8231);
#2720=VERTEX_POINT('',#8233);
#2721=VERTEX_POINT('',#8237);
#2722=VERTEX_POINT('',#8239);
#2723=VERTEX_POINT('',#8248);
#2724=VERTEX_POINT('',#8250);
#2725=VERTEX_POINT('',#8254);
#2726=VERTEX_POINT('',#8256);
#2727=VERTEX_POINT('',#8266);
#2728=VERTEX_POINT('',#8267);
#2729=VERTEX_POINT('',#8269);
#2730=VERTEX_POINT('',#8271);
#2731=VERTEX_POINT('',#8274);
#2732=VERTEX_POINT('',#8275);
#2733=VERTEX_POINT('',#8277);
#2734=VERTEX_POINT('',#8279);
#2735=VERTEX_POINT('',#8283);
#2736=VERTEX_POINT('',#8285);
#2737=VERTEX_POINT('',#8289);
#2738=VERTEX_POINT('',#8291);
#2739=VERTEX_POINT('',#8300);
#2740=VERTEX_POINT('',#8302);
#2741=VERTEX_POINT('',#8306);
#2742=VERTEX_POINT('',#8308);
#2743=VERTEX_POINT('',#8319);
#2744=VERTEX_POINT('',#8321);
#2745=VERTEX_POINT('',#8333);
#2746=VERTEX_POINT('',#8345);
#2747=VERTEX_POINT('',#8357);
#2748=VERTEX_POINT('',#8369);
#2749=VERTEX_POINT('',#8372);
#2750=VERTEX_POINT('',#8373);
#2751=VERTEX_POINT('',#8375);
#2752=VERTEX_POINT('',#8377);
#2753=VERTEX_POINT('',#8379);
#2754=VERTEX_POINT('',#8381);
#2755=VERTEX_POINT('',#8383);
#2756=VERTEX_POINT('',#8385);
#2757=VERTEX_POINT('',#8387);
#2758=VERTEX_POINT('',#8389);
#2759=VERTEX_POINT('',#8391);
#2760=VERTEX_POINT('',#8393);
#2761=VERTEX_POINT('',#8395);
#2762=VERTEX_POINT('',#8397);
#2763=VERTEX_POINT('',#8399);
#2764=VERTEX_POINT('',#8401);
#2765=VERTEX_POINT('',#8403);
#2766=VERTEX_POINT('',#8405);
#2767=VERTEX_POINT('',#8407);
#2768=VERTEX_POINT('',#8409);
#2769=VERTEX_POINT('',#8413);
#2770=VERTEX_POINT('',#8414);
#2771=VERTEX_POINT('',#8416);
#2772=VERTEX_POINT('',#8418);
#2773=VERTEX_POINT('',#8420);
#2774=VERTEX_POINT('',#8422);
#2775=VERTEX_POINT('',#8424);
#2776=VERTEX_POINT('',#8426);
#2777=VERTEX_POINT('',#8428);
#2778=VERTEX_POINT('',#8430);
#2779=VERTEX_POINT('',#8432);
#2780=VERTEX_POINT('',#8434);
#2781=VERTEX_POINT('',#8436);
#2782=VERTEX_POINT('',#8438);
#2783=VERTEX_POINT('',#8440);
#2784=VERTEX_POINT('',#8442);
#2785=VERTEX_POINT('',#8444);
#2786=VERTEX_POINT('',#8446);
#2787=VERTEX_POINT('',#8448);
#2788=VERTEX_POINT('',#8450);
#2789=VERTEX_POINT('',#8454);
#2790=VERTEX_POINT('',#8455);
#2791=VERTEX_POINT('',#8457);
#2792=VERTEX_POINT('',#8459);
#2793=VERTEX_POINT('',#8465);
#2794=VERTEX_POINT('',#8466);
#2795=VERTEX_POINT('',#8468);
#2796=VERTEX_POINT('',#8470);
#2797=VERTEX_POINT('',#8475);
#2798=VERTEX_POINT('',#8477);
#2799=VERTEX_POINT('',#8482);
#2800=VERTEX_POINT('',#8484);
#2801=VERTEX_POINT('',#8492);
#2802=VERTEX_POINT('',#8494);
#2803=VERTEX_POINT('',#8499);
#2804=VERTEX_POINT('',#8501);
#2805=VERTEX_POINT('',#8508);
#2806=VERTEX_POINT('',#8509);
#2807=VERTEX_POINT('',#8511);
#2808=VERTEX_POINT('',#8513);
#2809=VERTEX_POINT('',#8515);
#2810=VERTEX_POINT('',#8517);
#2811=VERTEX_POINT('',#8519);
#2812=VERTEX_POINT('',#8521);
#2813=VERTEX_POINT('',#8523);
#2814=VERTEX_POINT('',#8525);
#2815=VERTEX_POINT('',#8527);
#2816=VERTEX_POINT('',#8529);
#2817=VERTEX_POINT('',#8531);
#2818=VERTEX_POINT('',#8533);
#2819=VERTEX_POINT('',#8535);
#2820=VERTEX_POINT('',#8537);
#2821=VERTEX_POINT('',#8539);
#2822=VERTEX_POINT('',#8541);
#2823=VERTEX_POINT('',#8543);
#2824=VERTEX_POINT('',#8545);
#2825=VERTEX_POINT('',#8549);
#2826=VERTEX_POINT('',#8550);
#2827=VERTEX_POINT('',#8552);
#2828=VERTEX_POINT('',#8554);
#2829=VERTEX_POINT('',#8556);
#2830=VERTEX_POINT('',#8558);
#2831=VERTEX_POINT('',#8560);
#2832=VERTEX_POINT('',#8562);
#2833=VERTEX_POINT('',#8564);
#2834=VERTEX_POINT('',#8566);
#2835=VERTEX_POINT('',#8568);
#2836=VERTEX_POINT('',#8570);
#2837=VERTEX_POINT('',#8572);
#2838=VERTEX_POINT('',#8574);
#2839=VERTEX_POINT('',#8576);
#2840=VERTEX_POINT('',#8578);
#2841=VERTEX_POINT('',#8580);
#2842=VERTEX_POINT('',#8582);
#2843=VERTEX_POINT('',#8584);
#2844=VERTEX_POINT('',#8586);
#2845=VERTEX_POINT('',#8590);
#2846=VERTEX_POINT('',#8591);
#2847=VERTEX_POINT('',#8593);
#2848=VERTEX_POINT('',#8595);
#2849=VERTEX_POINT('',#8601);
#2850=VERTEX_POINT('',#8602);
#2851=VERTEX_POINT('',#8604);
#2852=VERTEX_POINT('',#8606);
#2853=VERTEX_POINT('',#8611);
#2854=VERTEX_POINT('',#8613);
#2855=VERTEX_POINT('',#8618);
#2856=VERTEX_POINT('',#8620);
#2857=VERTEX_POINT('',#8628);
#2858=VERTEX_POINT('',#8630);
#2859=VERTEX_POINT('',#8635);
#2860=VERTEX_POINT('',#8637);
#2861=VERTEX_POINT('',#8644);
#2862=VERTEX_POINT('',#8645);
#2863=VERTEX_POINT('',#8647);
#2864=VERTEX_POINT('',#8649);
#2865=VERTEX_POINT('',#8651);
#2866=VERTEX_POINT('',#8653);
#2867=VERTEX_POINT('',#8655);
#2868=VERTEX_POINT('',#8657);
#2869=VERTEX_POINT('',#8659);
#2870=VERTEX_POINT('',#8661);
#2871=VERTEX_POINT('',#8663);
#2872=VERTEX_POINT('',#8665);
#2873=VERTEX_POINT('',#8667);
#2874=VERTEX_POINT('',#8669);
#2875=VERTEX_POINT('',#8671);
#2876=VERTEX_POINT('',#8673);
#2877=VERTEX_POINT('',#8675);
#2878=VERTEX_POINT('',#8677);
#2879=VERTEX_POINT('',#8679);
#2880=VERTEX_POINT('',#8681);
#2881=VERTEX_POINT('',#8685);
#2882=VERTEX_POINT('',#8686);
#2883=VERTEX_POINT('',#8688);
#2884=VERTEX_POINT('',#8690);
#2885=VERTEX_POINT('',#8692);
#2886=VERTEX_POINT('',#8694);
#2887=VERTEX_POINT('',#8696);
#2888=VERTEX_POINT('',#8698);
#2889=VERTEX_POINT('',#8700);
#2890=VERTEX_POINT('',#8702);
#2891=VERTEX_POINT('',#8704);
#2892=VERTEX_POINT('',#8706);
#2893=VERTEX_POINT('',#8708);
#2894=VERTEX_POINT('',#8710);
#2895=VERTEX_POINT('',#8712);
#2896=VERTEX_POINT('',#8714);
#2897=VERTEX_POINT('',#8716);
#2898=VERTEX_POINT('',#8718);
#2899=VERTEX_POINT('',#8720);
#2900=VERTEX_POINT('',#8722);
#2901=VERTEX_POINT('',#8726);
#2902=VERTEX_POINT('',#8727);
#2903=VERTEX_POINT('',#8729);
#2904=VERTEX_POINT('',#8731);
#2905=VERTEX_POINT('',#8737);
#2906=VERTEX_POINT('',#8738);
#2907=VERTEX_POINT('',#8740);
#2908=VERTEX_POINT('',#8742);
#2909=VERTEX_POINT('',#8746);
#2910=VERTEX_POINT('',#8748);
#2911=VERTEX_POINT('',#8753);
#2912=VERTEX_POINT('',#8755);
#2913=VERTEX_POINT('',#8759);
#2914=VERTEX_POINT('',#8762);
#2915=VERTEX_POINT('',#8766);
#2916=VERTEX_POINT('',#8768);
#2917=VERTEX_POINT('',#8772);
#2918=VERTEX_POINT('',#8773);
#2919=VERTEX_POINT('',#8775);
#2920=VERTEX_POINT('',#8777);
#2921=VERTEX_POINT('',#8779);
#2922=VERTEX_POINT('',#8781);
#2923=VERTEX_POINT('',#8783);
#2924=VERTEX_POINT('',#8785);
#2925=VERTEX_POINT('',#8787);
#2926=VERTEX_POINT('',#8789);
#2927=VERTEX_POINT('',#8791);
#2928=VERTEX_POINT('',#8793);
#2929=VERTEX_POINT('',#8795);
#2930=VERTEX_POINT('',#8797);
#2931=VERTEX_POINT('',#8799);
#2932=VERTEX_POINT('',#8801);
#2933=VERTEX_POINT('',#8803);
#2934=VERTEX_POINT('',#8805);
#2935=VERTEX_POINT('',#8807);
#2936=VERTEX_POINT('',#8809);
#2937=VERTEX_POINT('',#8813);
#2938=VERTEX_POINT('',#8814);
#2939=VERTEX_POINT('',#8816);
#2940=VERTEX_POINT('',#8818);
#2941=VERTEX_POINT('',#8820);
#2942=VERTEX_POINT('',#8822);
#2943=VERTEX_POINT('',#8824);
#2944=VERTEX_POINT('',#8826);
#2945=VERTEX_POINT('',#8828);
#2946=VERTEX_POINT('',#8830);
#2947=VERTEX_POINT('',#8832);
#2948=VERTEX_POINT('',#8834);
#2949=VERTEX_POINT('',#8836);
#2950=VERTEX_POINT('',#8838);
#2951=VERTEX_POINT('',#8840);
#2952=VERTEX_POINT('',#8842);
#2953=VERTEX_POINT('',#8844);
#2954=VERTEX_POINT('',#8846);
#2955=VERTEX_POINT('',#8848);
#2956=VERTEX_POINT('',#8850);
#2957=VERTEX_POINT('',#8854);
#2958=VERTEX_POINT('',#8855);
#2959=VERTEX_POINT('',#8857);
#2960=VERTEX_POINT('',#8859);
#2961=VERTEX_POINT('',#8865);
#2962=VERTEX_POINT('',#8866);
#2963=VERTEX_POINT('',#8868);
#2964=VERTEX_POINT('',#8870);
#2965=VERTEX_POINT('',#8875);
#2966=VERTEX_POINT('',#8877);
#2967=VERTEX_POINT('',#8881);
#2968=VERTEX_POINT('',#8883);
#2969=VERTEX_POINT('',#8888);
#2970=VERTEX_POINT('',#8890);
#2971=VERTEX_POINT('',#8895);
#2972=VERTEX_POINT('',#8897);
#2973=VERTEX_POINT('',#8926);
#2974=VERTEX_POINT('',#8950);
#2975=VERTEX_POINT('',#8952);
#2976=VERTEX_POINT('',#8954);
#2977=VERTEX_POINT('',#8976);
#2978=VERTEX_POINT('',#9000);
#2979=VERTEX_POINT('',#9007);
#2980=VERTEX_POINT('',#9010);
#2981=VERTEX_POINT('',#9013);
#2982=VERTEX_POINT('',#9014);
#2983=VERTEX_POINT('',#9016);
#2984=VERTEX_POINT('',#9018);
#2985=VERTEX_POINT('',#9032);
#2986=VERTEX_POINT('',#9035);
#2987=VERTEX_POINT('',#9038);
#2988=VERTEX_POINT('',#9039);
#2989=VERTEX_POINT('',#9041);
#2990=VERTEX_POINT('',#9043);
#2991=VERTEX_POINT('',#9057);
#2992=VERTEX_POINT('',#9060);
#2993=VERTEX_POINT('',#9063);
#2994=VERTEX_POINT('',#9064);
#2995=VERTEX_POINT('',#9066);
#2996=VERTEX_POINT('',#9068);
#2997=VERTEX_POINT('',#9090);
#2998=VERTEX_POINT('',#9093);
#2999=VERTEX_POINT('',#9096);
#3000=VERTEX_POINT('',#9097);
#3001=VERTEX_POINT('',#9099);
#3002=VERTEX_POINT('',#9101);
#3003=VERTEX_POINT('',#9119);
#3004=VERTEX_POINT('',#9122);
#3005=VERTEX_POINT('',#9126);
#3006=VERTEX_POINT('',#9129);
#3007=VERTEX_POINT('',#9152);
#3008=VERTEX_POINT('',#9155);
#3009=VERTEX_POINT('',#9159);
#3010=VERTEX_POINT('',#9162);
#3011=VERTEX_POINT('',#9185);
#3012=VERTEX_POINT('',#9188);
#3013=VERTEX_POINT('',#9192);
#3014=VERTEX_POINT('',#9195);
#3015=VERTEX_POINT('',#9218);
#3016=VERTEX_POINT('',#9221);
#3017=VERTEX_POINT('',#9225);
#3018=VERTEX_POINT('',#9228);
#3019=VERTEX_POINT('',#9252);
#3020=VERTEX_POINT('',#9253);
#3021=VERTEX_POINT('',#9255);
#3022=VERTEX_POINT('',#9257);
#3023=VERTEX_POINT('',#9261);
#3024=VERTEX_POINT('',#9262);
#3025=VERTEX_POINT('',#9264);
#3026=VERTEX_POINT('',#9266);
#3027=VERTEX_POINT('',#9270);
#3028=VERTEX_POINT('',#9271);
#3029=VERTEX_POINT('',#9273);
#3030=VERTEX_POINT('',#9275);
#3031=VERTEX_POINT('',#9279);
#3032=VERTEX_POINT('',#9281);
#3033=VERTEX_POINT('',#9283);
#3034=VERTEX_POINT('',#9285);
#3035=VERTEX_POINT('',#9288);
#3036=VERTEX_POINT('',#9290);
#3037=VERTEX_POINT('',#9295);
#3038=VERTEX_POINT('',#9297);
#3039=VERTEX_POINT('',#9301);
#3040=VERTEX_POINT('',#9303);
#3041=VERTEX_POINT('',#9307);
#3042=VERTEX_POINT('',#9309);
#3043=VERTEX_POINT('',#9319);
#3044=VERTEX_POINT('',#9321);
#3045=VERTEX_POINT('',#9323);
#3046=VERTEX_POINT('',#9326);
#3047=VERTEX_POINT('',#9328);
#3048=VERTEX_POINT('',#9330);
#3049=VERTEX_POINT('',#9333);
#3050=VERTEX_POINT('',#9335);
#3051=VERTEX_POINT('',#9337);
#3052=VERTEX_POINT('',#9341);
#3053=VERTEX_POINT('',#9343);
#3054=VERTEX_POINT('',#9345);
#3055=VERTEX_POINT('',#9358);
#3056=VERTEX_POINT('',#9360);
#3057=VERTEX_POINT('',#9363);
#3058=VERTEX_POINT('',#9366);
#3059=VERTEX_POINT('',#9371);
#3060=VERTEX_POINT('',#9373);
#3061=VERTEX_POINT('',#9374);
#3062=VERTEX_POINT('',#9376);
#3063=VERTEX_POINT('',#9378);
#3064=VERTEX_POINT('',#9380);
#3065=VERTEX_POINT('',#9382);
#3066=VERTEX_POINT('',#9384);
#3067=VERTEX_POINT('',#9386);
#3068=VERTEX_POINT('',#9394);
#3069=VERTEX_POINT('',#9397);
#3070=VERTEX_POINT('',#9401);
#3071=VERTEX_POINT('',#9403);
#3072=VERTEX_POINT('',#9407);
#3073=VERTEX_POINT('',#9409);
#3074=VERTEX_POINT('',#9411);
#3075=VERTEX_POINT('',#9415);
#3076=VERTEX_POINT('',#9417);
#3077=VERTEX_POINT('',#9419);
#3078=VERTEX_POINT('',#9431);
#3079=VERTEX_POINT('',#9432);
#3080=VERTEX_POINT('',#9434);
#3081=VERTEX_POINT('',#9436);
#3082=VERTEX_POINT('',#9439);
#3083=VERTEX_POINT('',#9440);
#3084=VERTEX_POINT('',#9442);
#3085=VERTEX_POINT('',#9444);
#3086=VERTEX_POINT('',#9448);
#3087=VERTEX_POINT('',#9450);
#3088=VERTEX_POINT('',#9454);
#3089=VERTEX_POINT('',#9456);
#3090=VERTEX_POINT('',#9465);
#3091=VERTEX_POINT('',#9467);
#3092=VERTEX_POINT('',#9471);
#3093=VERTEX_POINT('',#9473);
#3094=VERTEX_POINT('',#9492);
#3095=VERTEX_POINT('',#9494);
#3096=VERTEX_POINT('',#9497);
#3097=VERTEX_POINT('',#9500);
#3098=VERTEX_POINT('',#9507);
#3099=VERTEX_POINT('',#9509);
#3100=VERTEX_POINT('',#9510);
#3101=VERTEX_POINT('',#9512);
#3102=VERTEX_POINT('',#9514);
#3103=VERTEX_POINT('',#9516);
#3104=VERTEX_POINT('',#9518);
#3105=VERTEX_POINT('',#9520);
#3106=VERTEX_POINT('',#9522);
#3107=VERTEX_POINT('',#9530);
#3108=VERTEX_POINT('',#9533);
#3109=VERTEX_POINT('',#9537);
#3110=VERTEX_POINT('',#9539);
#3111=VERTEX_POINT('',#9543);
#3112=VERTEX_POINT('',#9545);
#3113=VERTEX_POINT('',#9547);
#3114=VERTEX_POINT('',#9551);
#3115=VERTEX_POINT('',#9553);
#3116=VERTEX_POINT('',#9555);
#3117=VERTEX_POINT('',#9571);
#3118=VERTEX_POINT('',#9573);
#3119=VERTEX_POINT('',#9574);
#3120=VERTEX_POINT('',#9576);
#3121=VERTEX_POINT('',#9578);
#3122=VERTEX_POINT('',#9580);
#3123=VERTEX_POINT('',#9582);
#3124=VERTEX_POINT('',#9584);
#3125=VERTEX_POINT('',#9586);
#3126=VERTEX_POINT('',#9594);
#3127=VERTEX_POINT('',#9597);
#3128=VERTEX_POINT('',#9601);
#3129=VERTEX_POINT('',#9603);
#3130=VERTEX_POINT('',#9607);
#3131=VERTEX_POINT('',#9609);
#3132=VERTEX_POINT('',#9611);
#3133=VERTEX_POINT('',#9615);
#3134=VERTEX_POINT('',#9617);
#3135=VERTEX_POINT('',#9619);
#3136=VERTEX_POINT('',#9642);
#3137=VERTEX_POINT('',#9654);
#3138=VERTEX_POINT('',#9666);
#3139=VERTEX_POINT('',#9668);
#3140=VERTEX_POINT('',#9670);
#3141=VERTEX_POINT('',#9682);
#3142=VERTEX_POINT('',#9694);
#3143=VERTEX_POINT('',#9706);
#3144=VERTEX_POINT('',#9719);
#3145=VERTEX_POINT('',#9731);
#3146=VERTEX_POINT('',#9733);
#3147=VERTEX_POINT('',#9735);
#3148=VERTEX_POINT('',#9747);
#3149=VERTEX_POINT('',#9759);
#3150=VERTEX_POINT('',#9771);
#3151=VERTEX_POINT('',#9783);
#3152=LINE('',#7952,#3748);
#3153=LINE('',#7955,#3749);
#3154=LINE('',#7957,#3750);
#3155=LINE('',#7959,#3751);
#3156=LINE('',#7960,#3752);
#3157=LINE('',#7963,#3753);
#3158=LINE('',#7965,#3754);
#3159=LINE('',#7967,#3755);
#3160=LINE('',#7969,#3756);
#3161=LINE('',#7971,#3757);
#3162=LINE('',#7973,#3758);
#3163=LINE('',#7975,#3759);
#3164=LINE('',#7977,#3760);
#3165=LINE('',#7979,#3761);
#3166=LINE('',#7981,#3762);
#3167=LINE('',#7982,#3763);
#3168=LINE('',#7986,#3764);
#3169=LINE('',#7988,#3765);
#3170=LINE('',#7990,#3766);
#3171=LINE('',#7992,#3767);
#3172=LINE('',#7994,#3768);
#3173=LINE('',#7996,#3769);
#3174=LINE('',#7998,#3770);
#3175=LINE('',#7999,#3771);
#3176=LINE('',#8006,#3772);
#3177=LINE('',#8011,#3773);
#3178=LINE('',#8015,#3774);
#3179=LINE('',#8019,#3775);
#3180=LINE('',#8023,#3776);
#3181=LINE('',#8025,#3777);
#3182=LINE('',#8034,#3778);
#3183=LINE('',#8036,#3779);
#3184=LINE('',#8038,#3780);
#3185=LINE('',#8040,#3781);
#3186=LINE('',#8042,#3782);
#3187=LINE('',#8044,#3783);
#3188=LINE('',#8046,#3784);
#3189=LINE('',#8048,#3785);
#3190=LINE('',#8050,#3786);
#3191=LINE('',#8052,#3787);
#3192=LINE('',#8054,#3788);
#3193=LINE('',#8056,#3789);
#3194=LINE('',#8058,#3790);
#3195=LINE('',#8059,#3791);
#3196=LINE('',#8064,#3792);
#3197=LINE('',#8067,#3793);
#3198=LINE('',#8069,#3794);
#3199=LINE('',#8071,#3795);
#3200=LINE('',#8073,#3796);
#3201=LINE('',#8075,#3797);
#3202=LINE('',#8077,#3798);
#3203=LINE('',#8079,#3799);
#3204=LINE('',#8081,#3800);
#3205=LINE('',#8083,#3801);
#3206=LINE('',#8085,#3802);
#3207=LINE('',#8086,#3803);
#3208=LINE('',#8104,#3804);
#3209=LINE('',#8107,#3805);
#3210=LINE('',#8109,#3806);
#3211=LINE('',#8111,#3807);
#3212=LINE('',#8113,#3808);
#3213=LINE('',#8115,#3809);
#3214=LINE('',#8117,#3810);
#3215=LINE('',#8119,#3811);
#3216=LINE('',#8121,#3812);
#3217=LINE('',#8123,#3813);
#3218=LINE('',#8125,#3814);
#3219=LINE('',#8127,#3815);
#3220=LINE('',#8133,#3816);
#3221=LINE('',#8136,#3817);
#3222=LINE('',#8138,#3818);
#3223=LINE('',#8140,#3819);
#3224=LINE('',#8142,#3820);
#3225=LINE('',#8144,#3821);
#3226=LINE('',#8146,#3822);
#3227=LINE('',#8148,#3823);
#3228=LINE('',#8150,#3824);
#3229=LINE('',#8152,#3825);
#3230=LINE('',#8154,#3826);
#3231=LINE('',#8156,#3827);
#3232=LINE('',#8158,#3828);
#3233=LINE('',#8159,#3829);
#3234=LINE('',#8161,#3830);
#3235=LINE('',#8162,#3831);
#3236=LINE('',#8164,#3832);
#3237=LINE('',#8166,#3833);
#3238=LINE('',#8168,#3834);
#3239=LINE('',#8169,#3835);
#3240=LINE('',#8173,#3836);
#3241=LINE('',#8175,#3837);
#3242=LINE('',#8176,#3838);
#3243=LINE('',#8178,#3839);
#3244=LINE('',#8213,#3840);
#3245=LINE('',#8216,#3841);
#3246=LINE('',#8218,#3842);
#3247=LINE('',#8220,#3843);
#3248=LINE('',#8221,#3844);
#3249=LINE('',#8224,#3845);
#3250=LINE('',#8226,#3846);
#3251=LINE('',#8228,#3847);
#3252=LINE('',#8230,#3848);
#3253=LINE('',#8232,#3849);
#3254=LINE('',#8234,#3850);
#3255=LINE('',#8236,#3851);
#3256=LINE('',#8238,#3852);
#3257=LINE('',#8240,#3853);
#3258=LINE('',#8242,#3854);
#3259=LINE('',#8243,#3855);
#3260=LINE('',#8247,#3856);
#3261=LINE('',#8249,#3857);
#3262=LINE('',#8251,#3858);
#3263=LINE('',#8253,#3859);
#3264=LINE('',#8255,#3860);
#3265=LINE('',#8257,#3861);
#3266=LINE('',#8259,#3862);
#3267=LINE('',#8260,#3863);
#3268=LINE('',#8265,#3864);
#3269=LINE('',#8268,#3865);
#3270=LINE('',#8270,#3866);
#3271=LINE('',#8272,#3867);
#3272=LINE('',#8273,#3868);
#3273=LINE('',#8276,#3869);
#3274=LINE('',#8278,#3870);
#3275=LINE('',#8280,#3871);
#3276=LINE('',#8282,#3872);
#3277=LINE('',#8284,#3873);
#3278=LINE('',#8286,#3874);
#3279=LINE('',#8288,#3875);
#3280=LINE('',#8290,#3876);
#3281=LINE('',#8292,#3877);
#3282=LINE('',#8294,#3878);
#3283=LINE('',#8295,#3879);
#3284=LINE('',#8299,#3880);
#3285=LINE('',#8301,#3881);
#3286=LINE('',#8303,#3882);
#3287=LINE('',#8305,#3883);
#3288=LINE('',#8307,#3884);
#3289=LINE('',#8309,#3885);
#3290=LINE('',#8311,#3886);
#3291=LINE('',#8312,#3887);
#3292=LINE('',#8371,#3888);
#3293=LINE('',#8374,#3889);
#3294=LINE('',#8376,#3890);
#3295=LINE('',#8378,#3891);
#3296=LINE('',#8380,#3892);
#3297=LINE('',#8382,#3893);
#3298=LINE('',#8386,#3894);
#3299=LINE('',#8388,#3895);
#3300=LINE('',#8390,#3896);
#3301=LINE('',#8394,#3897);
#3302=LINE('',#8396,#3898);
#3303=LINE('',#8398,#3899);
#3304=LINE('',#8400,#3900);
#3305=LINE('',#8402,#3901);
#3306=LINE('',#8404,#3902);
#3307=LINE('',#8406,#3903);
#3308=LINE('',#8408,#3904);
#3309=LINE('',#8410,#3905);
#3310=LINE('',#8412,#3906);
#3311=LINE('',#8415,#3907);
#3312=LINE('',#8417,#3908);
#3313=LINE('',#8421,#3909);
#3314=LINE('',#8423,#3910);
#3315=LINE('',#8425,#3911);
#3316=LINE('',#8429,#3912);
#3317=LINE('',#8431,#3913);
#3318=LINE('',#8433,#3914);
#3319=LINE('',#8435,#3915);
#3320=LINE('',#8437,#3916);
#3321=LINE('',#8439,#3917);
#3322=LINE('',#8441,#3918);
#3323=LINE('',#8443,#3919);
#3324=LINE('',#8445,#3920);
#3325=LINE('',#8447,#3921);
#3326=LINE('',#8449,#3922);
#3327=LINE('',#8451,#3923);
#3328=LINE('',#8453,#3924);
#3329=LINE('',#8456,#3925);
#3330=LINE('',#8458,#3926);
#3331=LINE('',#8460,#3927);
#3332=LINE('',#8462,#3928);
#3333=LINE('',#8463,#3929);
#3334=LINE('',#8464,#3930);
#3335=LINE('',#8467,#3931);
#3336=LINE('',#8469,#3932);
#3337=LINE('',#8471,#3933);
#3338=LINE('',#8474,#3934);
#3339=LINE('',#8476,#3935);
#3340=LINE('',#8478,#3936);
#3341=LINE('',#8481,#3937);
#3342=LINE('',#8483,#3938);
#3343=LINE('',#8485,#3939);
#3344=LINE('',#8487,#3940);
#3345=LINE('',#8488,#3941);
#3346=LINE('',#8491,#3942);
#3347=LINE('',#8493,#3943);
#3348=LINE('',#8495,#3944);
#3349=LINE('',#8498,#3945);
#3350=LINE('',#8500,#3946);
#3351=LINE('',#8502,#3947);
#3352=LINE('',#8504,#3948);
#3353=LINE('',#8505,#3949);
#3354=LINE('',#8507,#3950);
#3355=LINE('',#8510,#3951);
#3356=LINE('',#8512,#3952);
#3357=LINE('',#8514,#3953);
#3358=LINE('',#8516,#3954);
#3359=LINE('',#8518,#3955);
#3360=LINE('',#8522,#3956);
#3361=LINE('',#8524,#3957);
#3362=LINE('',#8526,#3958);
#3363=LINE('',#8530,#3959);
#3364=LINE('',#8532,#3960);
#3365=LINE('',#8534,#3961);
#3366=LINE('',#8536,#3962);
#3367=LINE('',#8538,#3963);
#3368=LINE('',#8540,#3964);
#3369=LINE('',#8542,#3965);
#3370=LINE('',#8544,#3966);
#3371=LINE('',#8546,#3967);
#3372=LINE('',#8548,#3968);
#3373=LINE('',#8551,#3969);
#3374=LINE('',#8553,#3970);
#3375=LINE('',#8557,#3971);
#3376=LINE('',#8559,#3972);
#3377=LINE('',#8561,#3973);
#3378=LINE('',#8565,#3974);
#3379=LINE('',#8567,#3975);
#3380=LINE('',#8569,#3976);
#3381=LINE('',#8571,#3977);
#3382=LINE('',#8573,#3978);
#3383=LINE('',#8575,#3979);
#3384=LINE('',#8577,#3980);
#3385=LINE('',#8579,#3981);
#3386=LINE('',#8581,#3982);
#3387=LINE('',#8583,#3983);
#3388=LINE('',#8585,#3984);
#3389=LINE('',#8587,#3985);
#3390=LINE('',#8589,#3986);
#3391=LINE('',#8592,#3987);
#3392=LINE('',#8594,#3988);
#3393=LINE('',#8596,#3989);
#3394=LINE('',#8598,#3990);
#3395=LINE('',#8599,#3991);
#3396=LINE('',#8600,#3992);
#3397=LINE('',#8603,#3993);
#3398=LINE('',#8605,#3994);
#3399=LINE('',#8607,#3995);
#3400=LINE('',#8610,#3996);
#3401=LINE('',#8612,#3997);
#3402=LINE('',#8614,#3998);
#3403=LINE('',#8617,#3999);
#3404=LINE('',#8619,#4000);
#3405=LINE('',#8621,#4001);
#3406=LINE('',#8623,#4002);
#3407=LINE('',#8624,#4003);
#3408=LINE('',#8627,#4004);
#3409=LINE('',#8629,#4005);
#3410=LINE('',#8631,#4006);
#3411=LINE('',#8634,#4007);
#3412=LINE('',#8636,#4008);
#3413=LINE('',#8638,#4009);
#3414=LINE('',#8640,#4010);
#3415=LINE('',#8641,#4011);
#3416=LINE('',#8643,#4012);
#3417=LINE('',#8646,#4013);
#3418=LINE('',#8648,#4014);
#3419=LINE('',#8650,#4015);
#3420=LINE('',#8652,#4016);
#3421=LINE('',#8654,#4017);
#3422=LINE('',#8656,#4018);
#3423=LINE('',#8658,#4019);
#3424=LINE('',#8662,#4020);
#3425=LINE('',#8664,#4021);
#3426=LINE('',#8666,#4022);
#3427=LINE('',#8670,#4023);
#3428=LINE('',#8672,#4024);
#3429=LINE('',#8674,#4025);
#3430=LINE('',#8676,#4026);
#3431=LINE('',#8678,#4027);
#3432=LINE('',#8680,#4028);
#3433=LINE('',#8682,#4029);
#3434=LINE('',#8684,#4030);
#3435=LINE('',#8687,#4031);
#3436=LINE('',#8689,#4032);
#3437=LINE('',#8691,#4033);
#3438=LINE('',#8693,#4034);
#3439=LINE('',#8695,#4035);
#3440=LINE('',#8697,#4036);
#3441=LINE('',#8699,#4037);
#3442=LINE('',#8701,#4038);
#3443=LINE('',#8705,#4039);
#3444=LINE('',#8707,#4040);
#3445=LINE('',#8709,#4041);
#3446=LINE('',#8713,#4042);
#3447=LINE('',#8715,#4043);
#3448=LINE('',#8717,#4044);
#3449=LINE('',#8719,#4045);
#3450=LINE('',#8721,#4046);
#3451=LINE('',#8723,#4047);
#3452=LINE('',#8725,#4048);
#3453=LINE('',#8728,#4049);
#3454=LINE('',#8730,#4050);
#3455=LINE('',#8732,#4051);
#3456=LINE('',#8734,#4052);
#3457=LINE('',#8735,#4053);
#3458=LINE('',#8736,#4054);
#3459=LINE('',#8739,#4055);
#3460=LINE('',#8741,#4056);
#3461=LINE('',#8743,#4057);
#3462=LINE('',#8745,#4058);
#3463=LINE('',#8747,#4059);
#3464=LINE('',#8749,#4060);
#3465=LINE('',#8752,#4061);
#3466=LINE('',#8754,#4062);
#3467=LINE('',#8756,#4063);
#3468=LINE('',#8758,#4064);
#3469=LINE('',#8761,#4065);
#3470=LINE('',#8763,#4066);
#3471=LINE('',#8765,#4067);
#3472=LINE('',#8767,#4068);
#3473=LINE('',#8769,#4069);
#3474=LINE('',#8771,#4070);
#3475=LINE('',#8774,#4071);
#3476=LINE('',#8776,#4072);
#3477=LINE('',#8778,#4073);
#3478=LINE('',#8780,#4074);
#3479=LINE('',#8782,#4075);
#3480=LINE('',#8786,#4076);
#3481=LINE('',#8788,#4077);
#3482=LINE('',#8790,#4078);
#3483=LINE('',#8794,#4079);
#3484=LINE('',#8796,#4080);
#3485=LINE('',#8798,#4081);
#3486=LINE('',#8800,#4082);
#3487=LINE('',#8802,#4083);
#3488=LINE('',#8804,#4084);
#3489=LINE('',#8806,#4085);
#3490=LINE('',#8808,#4086);
#3491=LINE('',#8810,#4087);
#3492=LINE('',#8812,#4088);
#3493=LINE('',#8815,#4089);
#3494=LINE('',#8817,#4090);
#3495=LINE('',#8821,#4091);
#3496=LINE('',#8823,#4092);
#3497=LINE('',#8825,#4093);
#3498=LINE('',#8829,#4094);
#3499=LINE('',#8831,#4095);
#3500=LINE('',#8833,#4096);
#3501=LINE('',#8835,#4097);
#3502=LINE('',#8837,#4098);
#3503=LINE('',#8839,#4099);
#3504=LINE('',#8841,#4100);
#3505=LINE('',#8843,#4101);
#3506=LINE('',#8845,#4102);
#3507=LINE('',#8847,#4103);
#3508=LINE('',#8849,#4104);
#3509=LINE('',#8851,#4105);
#3510=LINE('',#8853,#4106);
#3511=LINE('',#8856,#4107);
#3512=LINE('',#8858,#4108);
#3513=LINE('',#8860,#4109);
#3514=LINE('',#8862,#4110);
#3515=LINE('',#8863,#4111);
#3516=LINE('',#8864,#4112);
#3517=LINE('',#8867,#4113);
#3518=LINE('',#8869,#4114);
#3519=LINE('',#8871,#4115);
#3520=LINE('',#8874,#4116);
#3521=LINE('',#8876,#4117);
#3522=LINE('',#8878,#4118);
#3523=LINE('',#8880,#4119);
#3524=LINE('',#8882,#4120);
#3525=LINE('',#8884,#4121);
#3526=LINE('',#8887,#4122);
#3527=LINE('',#8889,#4123);
#3528=LINE('',#8891,#4124);
#3529=LINE('',#8894,#4125);
#3530=LINE('',#8896,#4126);
#3531=LINE('',#8898,#4127);
#3532=LINE('',#8900,#4128);
#3533=LINE('',#8901,#4129);
#3534=LINE('',#8903,#4130);
#3535=LINE('',#8904,#4131);
#3536=LINE('',#8905,#4132);
#3537=LINE('',#8906,#4133);
#3538=LINE('',#8927,#4134);
#3539=LINE('',#8928,#4135);
#3540=LINE('',#8929,#4136);
#3541=LINE('',#8930,#4137);
#3542=LINE('',#8955,#4138);
#3543=LINE('',#8956,#4139);
#3544=LINE('',#8977,#4140);
#3545=LINE('',#8978,#4141);
#3546=LINE('',#8979,#4142);
#3547=LINE('',#8980,#4143);
#3548=LINE('',#9001,#4144);
#3549=LINE('',#9002,#4145);
#3550=LINE('',#9012,#4146);
#3551=LINE('',#9015,#4147);
#3552=LINE('',#9017,#4148);
#3553=LINE('',#9019,#4149);
#3554=LINE('',#9022,#4150);
#3555=LINE('',#9023,#4151);
#3556=LINE('',#9027,#4152);
#3557=LINE('',#9029,#4153);
#3558=LINE('',#9037,#4154);
#3559=LINE('',#9040,#4155);
#3560=LINE('',#9042,#4156);
#3561=LINE('',#9044,#4157);
#3562=LINE('',#9047,#4158);
#3563=LINE('',#9048,#4159);
#3564=LINE('',#9052,#4160);
#3565=LINE('',#9054,#4161);
#3566=LINE('',#9062,#4162);
#3567=LINE('',#9065,#4163);
#3568=LINE('',#9067,#4164);
#3569=LINE('',#9069,#4165);
#3570=LINE('',#9071,#4166);
#3571=LINE('',#9072,#4167);
#3572=LINE('',#9074,#4168);
#3573=LINE('',#9075,#4169);
#3574=LINE('',#9079,#4170);
#3575=LINE('',#9082,#4171);
#3576=LINE('',#9084,#4172);
#3577=LINE('',#9087,#4173);
#3578=LINE('',#9095,#4174);
#3579=LINE('',#9098,#4175);
#3580=LINE('',#9100,#4176);
#3581=LINE('',#9102,#4177);
#3582=LINE('',#9104,#4178);
#3583=LINE('',#9106,#4179);
#3584=LINE('',#9107,#4180);
#3585=LINE('',#9111,#4181);
#3586=LINE('',#9114,#4182);
#3587=LINE('',#9116,#4183);
#3588=LINE('',#9118,#4184);
#3589=LINE('',#9120,#4185);
#3590=LINE('',#9121,#4186);
#3591=LINE('',#9123,#4187);
#3592=LINE('',#9125,#4188);
#3593=LINE('',#9127,#4189);
#3594=LINE('',#9128,#4190);
#3595=LINE('',#9130,#4191);
#3596=LINE('',#9132,#4192);
#3597=LINE('',#9134,#4193);
#3598=LINE('',#9151,#4194);
#3599=LINE('',#9153,#4195);
#3600=LINE('',#9154,#4196);
#3601=LINE('',#9156,#4197);
#3602=LINE('',#9158,#4198);
#3603=LINE('',#9160,#4199);
#3604=LINE('',#9161,#4200);
#3605=LINE('',#9163,#4201);
#3606=LINE('',#9165,#4202);
#3607=LINE('',#9167,#4203);
#3608=LINE('',#9184,#4204);
#3609=LINE('',#9186,#4205);
#3610=LINE('',#9187,#4206);
#3611=LINE('',#9189,#4207);
#3612=LINE('',#9191,#4208);
#3613=LINE('',#9193,#4209);
#3614=LINE('',#9194,#4210);
#3615=LINE('',#9196,#4211);
#3616=LINE('',#9198,#4212);
#3617=LINE('',#9200,#4213);
#3618=LINE('',#9217,#4214);
#3619=LINE('',#9219,#4215);
#3620=LINE('',#9220,#4216);
#3621=LINE('',#9222,#4217);
#3622=LINE('',#9224,#4218);
#3623=LINE('',#9226,#4219);
#3624=LINE('',#9227,#4220);
#3625=LINE('',#9229,#4221);
#3626=LINE('',#9231,#4222);
#3627=LINE('',#9233,#4223);
#3628=LINE('',#9251,#4224);
#3629=LINE('',#9254,#4225);
#3630=LINE('',#9256,#4226);
#3631=LINE('',#9258,#4227);
#3632=LINE('',#9260,#4228);
#3633=LINE('',#9263,#4229);
#3634=LINE('',#9265,#4230);
#3635=LINE('',#9267,#4231);
#3636=LINE('',#9269,#4232);
#3637=LINE('',#9272,#4233);
#3638=LINE('',#9274,#4234);
#3639=LINE('',#9276,#4235);
#3640=LINE('',#9278,#4236);
#3641=LINE('',#9280,#4237);
#3642=LINE('',#9282,#4238);
#3643=LINE('',#9284,#4239);
#3644=LINE('',#9286,#4240);
#3645=LINE('',#9287,#4241);
#3646=LINE('',#9289,#4242);
#3647=LINE('',#9291,#4243);
#3648=LINE('',#9292,#4244);
#3649=LINE('',#9294,#4245);
#3650=LINE('',#9296,#4246);
#3651=LINE('',#9298,#4247);
#3652=LINE('',#9300,#4248);
#3653=LINE('',#9302,#4249);
#3654=LINE('',#9304,#4250);
#3655=LINE('',#9305,#4251);
#3656=LINE('',#9306,#4252);
#3657=LINE('',#9308,#4253);
#3658=LINE('',#9310,#4254);
#3659=LINE('',#9311,#4255);
#3660=LINE('',#9315,#4256);
#3661=LINE('',#9316,#4257);
#3662=LINE('',#9338,#4258);
#3663=LINE('',#9346,#4259);
#3664=LINE('',#9372,#4260);
#3665=LINE('',#9377,#4261);
#3666=LINE('',#9381,#4262);
#3667=LINE('',#9385,#4263);
#3668=LINE('',#9389,#4264);
#3669=LINE('',#9391,#4265);
#3670=LINE('',#9400,#4266);
#3671=LINE('',#9402,#4267);
#3672=LINE('',#9404,#4268);
#3673=LINE('',#9406,#4269);
#3674=LINE('',#9408,#4270);
#3675=LINE('',#9410,#4271);
#3676=LINE('',#9412,#4272);
#3677=LINE('',#9414,#4273);
#3678=LINE('',#9416,#4274);
#3679=LINE('',#9418,#4275);
#3680=LINE('',#9420,#4276);
#3681=LINE('',#9422,#4277);
#3682=LINE('',#9424,#4278);
#3683=LINE('',#9425,#4279);
#3684=LINE('',#9430,#4280);
#3685=LINE('',#9433,#4281);
#3686=LINE('',#9435,#4282);
#3687=LINE('',#9437,#4283);
#3688=LINE('',#9438,#4284);
#3689=LINE('',#9441,#4285);
#3690=LINE('',#9443,#4286);
#3691=LINE('',#9445,#4287);
#3692=LINE('',#9447,#4288);
#3693=LINE('',#9449,#4289);
#3694=LINE('',#9451,#4290);
#3695=LINE('',#9453,#4291);
#3696=LINE('',#9455,#4292);
#3697=LINE('',#9457,#4293);
#3698=LINE('',#9459,#4294);
#3699=LINE('',#9460,#4295);
#3700=LINE('',#9464,#4296);
#3701=LINE('',#9466,#4297);
#3702=LINE('',#9468,#4298);
#3703=LINE('',#9470,#4299);
#3704=LINE('',#9472,#4300);
#3705=LINE('',#9474,#4301);
#3706=LINE('',#9476,#4302);
#3707=LINE('',#9477,#4303);
#3708=LINE('',#9508,#4304);
#3709=LINE('',#9513,#4305);
#3710=LINE('',#9517,#4306);
#3711=LINE('',#9521,#4307);
#3712=LINE('',#9525,#4308);
#3713=LINE('',#9527,#4309);
#3714=LINE('',#9536,#4310);
#3715=LINE('',#9538,#4311);
#3716=LINE('',#9540,#4312);
#3717=LINE('',#9542,#4313);
#3718=LINE('',#9544,#4314);
#3719=LINE('',#9546,#4315);
#3720=LINE('',#9548,#4316);
#3721=LINE('',#9550,#4317);
#3722=LINE('',#9552,#4318);
#3723=LINE('',#9554,#4319);
#3724=LINE('',#9556,#4320);
#3725=LINE('',#9558,#4321);
#3726=LINE('',#9560,#4322);
#3727=LINE('',#9561,#4323);
#3728=LINE('',#9572,#4324);
#3729=LINE('',#9577,#4325);
#3730=LINE('',#9581,#4326);
#3731=LINE('',#9585,#4327);
#3732=LINE('',#9589,#4328);
#3733=LINE('',#9591,#4329);
#3734=LINE('',#9600,#4330);
#3735=LINE('',#9602,#4331);
#3736=LINE('',#9604,#4332);
#3737=LINE('',#9606,#4333);
#3738=LINE('',#9608,#4334);
#3739=LINE('',#9610,#4335);
#3740=LINE('',#9612,#4336);
#3741=LINE('',#9614,#4337);
#3742=LINE('',#9616,#4338);
#3743=LINE('',#9618,#4339);
#3744=LINE('',#9620,#4340);
#3745=LINE('',#9622,#4341);
#3746=LINE('',#9624,#4342);
#3747=LINE('',#9625,#4343);
#3748=VECTOR('',#6416,1000.);
#3749=VECTOR('',#6417,1000.);
#3750=VECTOR('',#6418,1000.);
#3751=VECTOR('',#6419,1000.);
#3752=VECTOR('',#6420,1000.);
#3753=VECTOR('',#6421,1000.);
#3754=VECTOR('',#6422,1000.);
#3755=VECTOR('',#6423,1000.);
#3756=VECTOR('',#6426,1000.);
#3757=VECTOR('',#6427,1000.);
#3758=VECTOR('',#6428,1000.);
#3759=VECTOR('',#6431,1000.);
#3760=VECTOR('',#6432,1000.);
#3761=VECTOR('',#6433,1000.);
#3762=VECTOR('',#6436,1000.);
#3763=VECTOR('',#6437,1000.);
#3764=VECTOR('',#6444,1000.);
#3765=VECTOR('',#6445,1000.);
#3766=VECTOR('',#6446,1000.);
#3767=VECTOR('',#6449,1000.);
#3768=VECTOR('',#6450,1000.);
#3769=VECTOR('',#6451,1000.);
#3770=VECTOR('',#6454,1000.);
#3771=VECTOR('',#6455,1000.);
#3772=VECTOR('',#6466,1000.);
#3773=VECTOR('',#6469,1000.);
#3774=VECTOR('',#6472,1000.);
#3775=VECTOR('',#6475,1000.);
#3776=VECTOR('',#6480,1000.);
#3777=VECTOR('',#6483,1000.);
#3778=VECTOR('',#6496,1000.);
#3779=VECTOR('',#6497,1000.);
#3780=VECTOR('',#6498,1000.);
#3781=VECTOR('',#6501,1000.);
#3782=VECTOR('',#6502,1000.);
#3783=VECTOR('',#6503,1000.);
#3784=VECTOR('',#6504,1000.);
#3785=VECTOR('',#6507,1000.);
#3786=VECTOR('',#6508,1000.);
#3787=VECTOR('',#6509,1000.);
#3788=VECTOR('',#6510,1000.);
#3789=VECTOR('',#6513,1000.);
#3790=VECTOR('',#6516,1000.);
#3791=VECTOR('',#6517,1000.);
#3792=VECTOR('',#6526,1000.);
#3793=VECTOR('',#6527,1000.);
#3794=VECTOR('',#6528,1000.);
#3795=VECTOR('',#6529,1000.);
#3796=VECTOR('',#6532,1000.);
#3797=VECTOR('',#6533,1000.);
#3798=VECTOR('',#6534,1000.);
#3799=VECTOR('',#6537,1000.);
#3800=VECTOR('',#6538,1000.);
#3801=VECTOR('',#6539,1000.);
#3802=VECTOR('',#6542,1000.);
#3803=VECTOR('',#6543,1000.);
#3804=VECTOR('',#6570,1000.);
#3805=VECTOR('',#6571,1000.);
#3806=VECTOR('',#6572,1000.);
#3807=VECTOR('',#6573,1000.);
#3808=VECTOR('',#6574,1000.);
#3809=VECTOR('',#6575,1000.);
#3810=VECTOR('',#6576,1000.);
#3811=VECTOR('',#6577,1000.);
#3812=VECTOR('',#6578,1000.);
#3813=VECTOR('',#6579,1000.);
#3814=VECTOR('',#6580,1000.);
#3815=VECTOR('',#6581,1000.);
#3816=VECTOR('',#6588,1000.);
#3817=VECTOR('',#6589,1000.);
#3818=VECTOR('',#6590,1000.);
#3819=VECTOR('',#6591,1000.);
#3820=VECTOR('',#6592,1000.);
#3821=VECTOR('',#6593,1000.);
#3822=VECTOR('',#6594,1000.);
#3823=VECTOR('',#6595,1000.);
#3824=VECTOR('',#6596,1000.);
#3825=VECTOR('',#6597,1000.);
#3826=VECTOR('',#6598,1000.);
#3827=VECTOR('',#6599,1000.);
#3828=VECTOR('',#6602,1000.);
#3829=VECTOR('',#6603,1000.);
#3830=VECTOR('',#6606,1000.);
#3831=VECTOR('',#6607,1000.);
#3832=VECTOR('',#6610,1000.);
#3833=VECTOR('',#6613,1000.);
#3834=VECTOR('',#6616,1000.);
#3835=VECTOR('',#6617,1000.);
#3836=VECTOR('',#6624,1000.);
#3837=VECTOR('',#6627,1000.);
#3838=VECTOR('',#6628,1000.);
#3839=VECTOR('',#6631,1000.);
#3840=VECTOR('',#6680,1000.);
#3841=VECTOR('',#6681,1000.);
#3842=VECTOR('',#6682,1000.);
#3843=VECTOR('',#6683,1000.);
#3844=VECTOR('',#6684,1000.);
#3845=VECTOR('',#6685,1000.);
#3846=VECTOR('',#6686,1000.);
#3847=VECTOR('',#6687,1000.);
#3848=VECTOR('',#6690,1000.);
#3849=VECTOR('',#6691,1000.);
#3850=VECTOR('',#6692,1000.);
#3851=VECTOR('',#6695,1000.);
#3852=VECTOR('',#6696,1000.);
#3853=VECTOR('',#6697,1000.);
#3854=VECTOR('',#6700,1000.);
#3855=VECTOR('',#6701,1000.);
#3856=VECTOR('',#6708,1000.);
#3857=VECTOR('',#6709,1000.);
#3858=VECTOR('',#6710,1000.);
#3859=VECTOR('',#6713,1000.);
#3860=VECTOR('',#6714,1000.);
#3861=VECTOR('',#6715,1000.);
#3862=VECTOR('',#6718,1000.);
#3863=VECTOR('',#6719,1000.);
#3864=VECTOR('',#6728,1000.);
#3865=VECTOR('',#6729,1000.);
#3866=VECTOR('',#6730,1000.);
#3867=VECTOR('',#6731,1000.);
#3868=VECTOR('',#6732,1000.);
#3869=VECTOR('',#6733,1000.);
#3870=VECTOR('',#6734,1000.);
#3871=VECTOR('',#6735,1000.);
#3872=VECTOR('',#6738,1000.);
#3873=VECTOR('',#6739,1000.);
#3874=VECTOR('',#6740,1000.);
#3875=VECTOR('',#6743,1000.);
#3876=VECTOR('',#6744,1000.);
#3877=VECTOR('',#6745,1000.);
#3878=VECTOR('',#6748,1000.);
#3879=VECTOR('',#6749,1000.);
#3880=VECTOR('',#6756,1000.);
#3881=VECTOR('',#6757,1000.);
#3882=VECTOR('',#6758,1000.);
#3883=VECTOR('',#6761,1000.);
#3884=VECTOR('',#6762,1000.);
#3885=VECTOR('',#6763,1000.);
#3886=VECTOR('',#6766,1000.);
#3887=VECTOR('',#6767,1000.);
#3888=VECTOR('',#6784,1000.);
#3889=VECTOR('',#6785,1000.);
#3890=VECTOR('',#6786,1000.);
#3891=VECTOR('',#6787,1000.);
#3892=VECTOR('',#6788,1000.);
#3893=VECTOR('',#6789,1000.);
#3894=VECTOR('',#6792,1000.);
#3895=VECTOR('',#6793,1000.);
#3896=VECTOR('',#6794,1000.);
#3897=VECTOR('',#6797,1000.);
#3898=VECTOR('',#6798,1000.);
#3899=VECTOR('',#6799,1000.);
#3900=VECTOR('',#6800,1000.);
#3901=VECTOR('',#6801,1000.);
#3902=VECTOR('',#6802,1000.);
#3903=VECTOR('',#6803,1000.);
#3904=VECTOR('',#6804,1000.);
#3905=VECTOR('',#6805,1000.);
#3906=VECTOR('',#6808,1000.);
#3907=VECTOR('',#6809,1000.);
#3908=VECTOR('',#6810,1000.);
#3909=VECTOR('',#6813,1000.);
#3910=VECTOR('',#6814,1000.);
#3911=VECTOR('',#6815,1000.);
#3912=VECTOR('',#6818,1000.);
#3913=VECTOR('',#6819,1000.);
#3914=VECTOR('',#6820,1000.);
#3915=VECTOR('',#6821,1000.);
#3916=VECTOR('',#6822,1000.);
#3917=VECTOR('',#6823,1000.);
#3918=VECTOR('',#6824,1000.);
#3919=VECTOR('',#6825,1000.);
#3920=VECTOR('',#6826,1000.);
#3921=VECTOR('',#6827,1000.);
#3922=VECTOR('',#6828,1000.);
#3923=VECTOR('',#6829,1000.);
#3924=VECTOR('',#6832,1000.);
#3925=VECTOR('',#6833,1000.);
#3926=VECTOR('',#6834,1000.);
#3927=VECTOR('',#6835,1000.);
#3928=VECTOR('',#6838,1000.);
#3929=VECTOR('',#6839,1000.);
#3930=VECTOR('',#6840,1000.);
#3931=VECTOR('',#6841,1000.);
#3932=VECTOR('',#6842,1000.);
#3933=VECTOR('',#6843,1000.);
#3934=VECTOR('',#6848,1000.);
#3935=VECTOR('',#6849,1000.);
#3936=VECTOR('',#6850,1000.);
#3937=VECTOR('',#6855,1000.);
#3938=VECTOR('',#6856,1000.);
#3939=VECTOR('',#6857,1000.);
#3940=VECTOR('',#6860,1000.);
#3941=VECTOR('',#6861,1000.);
#3942=VECTOR('',#6866,1000.);
#3943=VECTOR('',#6867,1000.);
#3944=VECTOR('',#6868,1000.);
#3945=VECTOR('',#6873,1000.);
#3946=VECTOR('',#6874,1000.);
#3947=VECTOR('',#6875,1000.);
#3948=VECTOR('',#6878,1000.);
#3949=VECTOR('',#6879,1000.);
#3950=VECTOR('',#6882,1000.);
#3951=VECTOR('',#6883,1000.);
#3952=VECTOR('',#6884,1000.);
#3953=VECTOR('',#6885,1000.);
#3954=VECTOR('',#6886,1000.);
#3955=VECTOR('',#6887,1000.);
#3956=VECTOR('',#6890,1000.);
#3957=VECTOR('',#6891,1000.);
#3958=VECTOR('',#6892,1000.);
#3959=VECTOR('',#6895,1000.);
#3960=VECTOR('',#6896,1000.);
#3961=VECTOR('',#6897,1000.);
#3962=VECTOR('',#6898,1000.);
#3963=VECTOR('',#6899,1000.);
#3964=VECTOR('',#6900,1000.);
#3965=VECTOR('',#6901,1000.);
#3966=VECTOR('',#6902,1000.);
#3967=VECTOR('',#6903,1000.);
#3968=VECTOR('',#6906,1000.);
#3969=VECTOR('',#6907,1000.);
#3970=VECTOR('',#6908,1000.);
#3971=VECTOR('',#6911,1000.);
#3972=VECTOR('',#6912,1000.);
#3973=VECTOR('',#6913,1000.);
#3974=VECTOR('',#6916,1000.);
#3975=VECTOR('',#6917,1000.);
#3976=VECTOR('',#6918,1000.);
#3977=VECTOR('',#6919,1000.);
#3978=VECTOR('',#6920,1000.);
#3979=VECTOR('',#6921,1000.);
#3980=VECTOR('',#6922,1000.);
#3981=VECTOR('',#6923,1000.);
#3982=VECTOR('',#6924,1000.);
#3983=VECTOR('',#6925,1000.);
#3984=VECTOR('',#6926,1000.);
#3985=VECTOR('',#6927,1000.);
#3986=VECTOR('',#6930,1000.);
#3987=VECTOR('',#6931,1000.);
#3988=VECTOR('',#6932,1000.);
#3989=VECTOR('',#6933,1000.);
#3990=VECTOR('',#6936,1000.);
#3991=VECTOR('',#6937,1000.);
#3992=VECTOR('',#6938,1000.);
#3993=VECTOR('',#6939,1000.);
#3994=VECTOR('',#6940,1000.);
#3995=VECTOR('',#6941,1000.);
#3996=VECTOR('',#6946,1000.);
#3997=VECTOR('',#6947,1000.);
#3998=VECTOR('',#6948,1000.);
#3999=VECTOR('',#6953,1000.);
#4000=VECTOR('',#6954,1000.);
#4001=VECTOR('',#6955,1000.);
#4002=VECTOR('',#6958,1000.);
#4003=VECTOR('',#6959,1000.);
#4004=VECTOR('',#6964,1000.);
#4005=VECTOR('',#6965,1000.);
#4006=VECTOR('',#6966,1000.);
#4007=VECTOR('',#6971,1000.);
#4008=VECTOR('',#6972,1000.);
#4009=VECTOR('',#6973,1000.);
#4010=VECTOR('',#6976,1000.);
#4011=VECTOR('',#6977,1000.);
#4012=VECTOR('',#6980,1000.);
#4013=VECTOR('',#6981,1000.);
#4014=VECTOR('',#6982,1000.);
#4015=VECTOR('',#6983,1000.);
#4016=VECTOR('',#6984,1000.);
#4017=VECTOR('',#6985,1000.);
#4018=VECTOR('',#6986,1000.);
#4019=VECTOR('',#6987,1000.);
#4020=VECTOR('',#6990,1000.);
#4021=VECTOR('',#6991,1000.);
#4022=VECTOR('',#6992,1000.);
#4023=VECTOR('',#6995,1000.);
#4024=VECTOR('',#6996,1000.);
#4025=VECTOR('',#6997,1000.);
#4026=VECTOR('',#6998,1000.);
#4027=VECTOR('',#6999,1000.);
#4028=VECTOR('',#7000,1000.);
#4029=VECTOR('',#7001,1000.);
#4030=VECTOR('',#7004,1000.);
#4031=VECTOR('',#7005,1000.);
#4032=VECTOR('',#7006,1000.);
#4033=VECTOR('',#7007,1000.);
#4034=VECTOR('',#7008,1000.);
#4035=VECTOR('',#7009,1000.);
#4036=VECTOR('',#7010,1000.);
#4037=VECTOR('',#7011,1000.);
#4038=VECTOR('',#7012,1000.);
#4039=VECTOR('',#7015,1000.);
#4040=VECTOR('',#7016,1000.);
#4041=VECTOR('',#7017,1000.);
#4042=VECTOR('',#7020,1000.);
#4043=VECTOR('',#7021,1000.);
#4044=VECTOR('',#7022,1000.);
#4045=VECTOR('',#7023,1000.);
#4046=VECTOR('',#7024,1000.);
#4047=VECTOR('',#7025,1000.);
#4048=VECTOR('',#7028,1000.);
#4049=VECTOR('',#7029,1000.);
#4050=VECTOR('',#7030,1000.);
#4051=VECTOR('',#7031,1000.);
#4052=VECTOR('',#7034,1000.);
#4053=VECTOR('',#7035,1000.);
#4054=VECTOR('',#7036,1000.);
#4055=VECTOR('',#7037,1000.);
#4056=VECTOR('',#7038,1000.);
#4057=VECTOR('',#7039,1000.);
#4058=VECTOR('',#7042,1000.);
#4059=VECTOR('',#7043,1000.);
#4060=VECTOR('',#7044,1000.);
#4061=VECTOR('',#7049,1000.);
#4062=VECTOR('',#7050,1000.);
#4063=VECTOR('',#7051,1000.);
#4064=VECTOR('',#7054,1000.);
#4065=VECTOR('',#7057,1000.);
#4066=VECTOR('',#7058,1000.);
#4067=VECTOR('',#7061,1000.);
#4068=VECTOR('',#7062,1000.);
#4069=VECTOR('',#7063,1000.);
#4070=VECTOR('',#7066,1000.);
#4071=VECTOR('',#7067,1000.);
#4072=VECTOR('',#7068,1000.);
#4073=VECTOR('',#7069,1000.);
#4074=VECTOR('',#7070,1000.);
#4075=VECTOR('',#7071,1000.);
#4076=VECTOR('',#7074,1000.);
#4077=VECTOR('',#7075,1000.);
#4078=VECTOR('',#7076,1000.);
#4079=VECTOR('',#7079,1000.);
#4080=VECTOR('',#7080,1000.);
#4081=VECTOR('',#7081,1000.);
#4082=VECTOR('',#7082,1000.);
#4083=VECTOR('',#7083,1000.);
#4084=VECTOR('',#7084,1000.);
#4085=VECTOR('',#7085,1000.);
#4086=VECTOR('',#7086,1000.);
#4087=VECTOR('',#7087,1000.);
#4088=VECTOR('',#7090,1000.);
#4089=VECTOR('',#7091,1000.);
#4090=VECTOR('',#7092,1000.);
#4091=VECTOR('',#7095,1000.);
#4092=VECTOR('',#7096,1000.);
#4093=VECTOR('',#7097,1000.);
#4094=VECTOR('',#7100,1000.);
#4095=VECTOR('',#7101,1000.);
#4096=VECTOR('',#7102,1000.);
#4097=VECTOR('',#7103,1000.);
#4098=VECTOR('',#7104,1000.);
#4099=VECTOR('',#7105,1000.);
#4100=VECTOR('',#7106,1000.);
#4101=VECTOR('',#7107,1000.);
#4102=VECTOR('',#7108,1000.);
#4103=VECTOR('',#7109,1000.);
#4104=VECTOR('',#7110,1000.);
#4105=VECTOR('',#7111,1000.);
#4106=VECTOR('',#7114,1000.);
#4107=VECTOR('',#7115,1000.);
#4108=VECTOR('',#7116,1000.);
#4109=VECTOR('',#7117,1000.);
#4110=VECTOR('',#7120,1000.);
#4111=VECTOR('',#7121,1000.);
#4112=VECTOR('',#7122,1000.);
#4113=VECTOR('',#7123,1000.);
#4114=VECTOR('',#7124,1000.);
#4115=VECTOR('',#7125,1000.);
#4116=VECTOR('',#7130,1000.);
#4117=VECTOR('',#7131,1000.);
#4118=VECTOR('',#7132,1000.);
#4119=VECTOR('',#7135,1000.);
#4120=VECTOR('',#7136,1000.);
#4121=VECTOR('',#7137,1000.);
#4122=VECTOR('',#7142,1000.);
#4123=VECTOR('',#7143,1000.);
#4124=VECTOR('',#7144,1000.);
#4125=VECTOR('',#7149,1000.);
#4126=VECTOR('',#7150,1000.);
#4127=VECTOR('',#7151,1000.);
#4128=VECTOR('',#7154,1000.);
#4129=VECTOR('',#7155,1000.);
#4130=VECTOR('',#7158,1000.);
#4131=VECTOR('',#7159,1000.);
#4132=VECTOR('',#7160,1000.);
#4133=VECTOR('',#7161,1000.);
#4134=VECTOR('',#7162,1000.);
#4135=VECTOR('',#7163,1000.);
#4136=VECTOR('',#7164,1000.);
#4137=VECTOR('',#7165,1000.);
#4138=VECTOR('',#7170,1000.);
#4139=VECTOR('',#7171,1000.);
#4140=VECTOR('',#7172,1000.);
#4141=VECTOR('',#7173,1000.);
#4142=VECTOR('',#7174,1000.);
#4143=VECTOR('',#7175,1000.);
#4144=VECTOR('',#7176,1000.);
#4145=VECTOR('',#7177,1000.);
#4146=VECTOR('',#7192,1000.);
#4147=VECTOR('',#7193,1000.);
#4148=VECTOR('',#7194,1000.);
#4149=VECTOR('',#7195,1000.);
#4150=VECTOR('',#7200,1000.);
#4151=VECTOR('',#7201,1000.);
#4152=VECTOR('',#7208,1000.);
#4153=VECTOR('',#7211,1000.);
#4154=VECTOR('',#7222,1000.);
#4155=VECTOR('',#7223,1000.);
#4156=VECTOR('',#7224,1000.);
#4157=VECTOR('',#7225,1000.);
#4158=VECTOR('',#7230,1000.);
#4159=VECTOR('',#7231,1000.);
#4160=VECTOR('',#7238,1000.);
#4161=VECTOR('',#7241,1000.);
#4162=VECTOR('',#7252,1000.);
#4163=VECTOR('',#7253,1000.);
#4164=VECTOR('',#7254,1000.);
#4165=VECTOR('',#7255,1000.);
#4166=VECTOR('',#7258,1000.);
#4167=VECTOR('',#7259,1000.);
#4168=VECTOR('',#7262,1000.);
#4169=VECTOR('',#7263,1000.);
#4170=VECTOR('',#7270,1000.);
#4171=VECTOR('',#7275,1000.);
#4172=VECTOR('',#7278,1000.);
#4173=VECTOR('',#7283,1000.);
#4174=VECTOR('',#7294,1000.);
#4175=VECTOR('',#7295,1000.);
#4176=VECTOR('',#7296,1000.);
#4177=VECTOR('',#7297,1000.);
#4178=VECTOR('',#7300,1000.);
#4179=VECTOR('',#7303,1000.);
#4180=VECTOR('',#7304,1000.);
#4181=VECTOR('',#7311,1000.);
#4182=VECTOR('',#7316,1000.);
#4183=VECTOR('',#7319,1000.);
#4184=VECTOR('',#7322,1000.);
#4185=VECTOR('',#7323,1000.);
#4186=VECTOR('',#7324,1000.);
#4187=VECTOR('',#7325,1000.);
#4188=VECTOR('',#7328,1000.);
#4189=VECTOR('',#7329,1000.);
#4190=VECTOR('',#7330,1000.);
#4191=VECTOR('',#7331,1000.);
#4192=VECTOR('',#7334,1000.);
#4193=VECTOR('',#7337,1000.);
#4194=VECTOR('',#7370,1000.);
#4195=VECTOR('',#7371,1000.);
#4196=VECTOR('',#7372,1000.);
#4197=VECTOR('',#7373,1000.);
#4198=VECTOR('',#7376,1000.);
#4199=VECTOR('',#7377,1000.);
#4200=VECTOR('',#7378,1000.);
#4201=VECTOR('',#7379,1000.);
#4202=VECTOR('',#7382,1000.);
#4203=VECTOR('',#7385,1000.);
#4204=VECTOR('',#7418,1000.);
#4205=VECTOR('',#7419,1000.);
#4206=VECTOR('',#7420,1000.);
#4207=VECTOR('',#7421,1000.);
#4208=VECTOR('',#7424,1000.);
#4209=VECTOR('',#7425,1000.);
#4210=VECTOR('',#7426,1000.);
#4211=VECTOR('',#7427,1000.);
#4212=VECTOR('',#7430,1000.);
#4213=VECTOR('',#7433,1000.);
#4214=VECTOR('',#7466,1000.);
#4215=VECTOR('',#7467,1000.);
#4216=VECTOR('',#7468,1000.);
#4217=VECTOR('',#7469,1000.);
#4218=VECTOR('',#7472,1000.);
#4219=VECTOR('',#7473,1000.);
#4220=VECTOR('',#7474,1000.);
#4221=VECTOR('',#7475,1000.);
#4222=VECTOR('',#7478,1000.);
#4223=VECTOR('',#7481,1000.);
#4224=VECTOR('',#7516,1000.);
#4225=VECTOR('',#7517,1000.);
#4226=VECTOR('',#7518,1000.);
#4227=VECTOR('',#7519,1000.);
#4228=VECTOR('',#7522,1000.);
#4229=VECTOR('',#7523,1000.);
#4230=VECTOR('',#7524,1000.);
#4231=VECTOR('',#7525,1000.);
#4232=VECTOR('',#7528,1000.);
#4233=VECTOR('',#7529,1000.);
#4234=VECTOR('',#7530,1000.);
#4235=VECTOR('',#7531,1000.);
#4236=VECTOR('',#7534,1000.);
#4237=VECTOR('',#7535,1000.);
#4238=VECTOR('',#7536,1000.);
#4239=VECTOR('',#7537,1000.);
#4240=VECTOR('',#7538,1000.);
#4241=VECTOR('',#7539,1000.);
#4242=VECTOR('',#7540,1000.);
#4243=VECTOR('',#7541,1000.);
#4244=VECTOR('',#7542,1000.);
#4245=VECTOR('',#7545,1000.);
#4246=VECTOR('',#7546,1000.);
#4247=VECTOR('',#7547,1000.);
#4248=VECTOR('',#7550,1000.);
#4249=VECTOR('',#7551,1000.);
#4250=VECTOR('',#7552,1000.);
#4251=VECTOR('',#7553,1000.);
#4252=VECTOR('',#7554,1000.);
#4253=VECTOR('',#7555,1000.);
#4254=VECTOR('',#7556,1000.);
#4255=VECTOR('',#7557,1000.);
#4256=VECTOR('',#7564,1000.);
#4257=VECTOR('',#7565,1000.);
#4258=VECTOR('',#7590,1000.);
#4259=VECTOR('',#7599,1000.);
#4260=VECTOR('',#7640,1000.);
#4261=VECTOR('',#7643,1000.);
#4262=VECTOR('',#7646,1000.);
#4263=VECTOR('',#7649,1000.);
#4264=VECTOR('',#7654,1000.);
#4265=VECTOR('',#7657,1000.);
#4266=VECTOR('',#7670,1000.);
#4267=VECTOR('',#7671,1000.);
#4268=VECTOR('',#7672,1000.);
#4269=VECTOR('',#7675,1000.);
#4270=VECTOR('',#7676,1000.);
#4271=VECTOR('',#7677,1000.);
#4272=VECTOR('',#7678,1000.);
#4273=VECTOR('',#7681,1000.);
#4274=VECTOR('',#7682,1000.);
#4275=VECTOR('',#7683,1000.);
#4276=VECTOR('',#7684,1000.);
#4277=VECTOR('',#7687,1000.);
#4278=VECTOR('',#7690,1000.);
#4279=VECTOR('',#7691,1000.);
#4280=VECTOR('',#7700,1000.);
#4281=VECTOR('',#7701,1000.);
#4282=VECTOR('',#7702,1000.);
#4283=VECTOR('',#7703,1000.);
#4284=VECTOR('',#7704,1000.);
#4285=VECTOR('',#7705,1000.);
#4286=VECTOR('',#7706,1000.);
#4287=VECTOR('',#7707,1000.);
#4288=VECTOR('',#7710,1000.);
#4289=VECTOR('',#7711,1000.);
#4290=VECTOR('',#7712,1000.);
#4291=VECTOR('',#7715,1000.);
#4292=VECTOR('',#7716,1000.);
#4293=VECTOR('',#7717,1000.);
#4294=VECTOR('',#7720,1000.);
#4295=VECTOR('',#7721,1000.);
#4296=VECTOR('',#7728,1000.);
#4297=VECTOR('',#7729,1000.);
#4298=VECTOR('',#7730,1000.);
#4299=VECTOR('',#7733,1000.);
#4300=VECTOR('',#7734,1000.);
#4301=VECTOR('',#7735,1000.);
#4302=VECTOR('',#7738,1000.);
#4303=VECTOR('',#7739,1000.);
#4304=VECTOR('',#7790,1000.);
#4305=VECTOR('',#7793,1000.);
#4306=VECTOR('',#7796,1000.);
#4307=VECTOR('',#7799,1000.);
#4308=VECTOR('',#7804,1000.);
#4309=VECTOR('',#7807,1000.);
#4310=VECTOR('',#7820,1000.);
#4311=VECTOR('',#7821,1000.);
#4312=VECTOR('',#7822,1000.);
#4313=VECTOR('',#7825,1000.);
#4314=VECTOR('',#7826,1000.);
#4315=VECTOR('',#7827,1000.);
#4316=VECTOR('',#7828,1000.);
#4317=VECTOR('',#7831,1000.);
#4318=VECTOR('',#7832,1000.);
#4319=VECTOR('',#7833,1000.);
#4320=VECTOR('',#7834,1000.);
#4321=VECTOR('',#7837,1000.);
#4322=VECTOR('',#7840,1000.);
#4323=VECTOR('',#7841,1000.);
#4324=VECTOR('',#7860,1000.);
#4325=VECTOR('',#7863,1000.);
#4326=VECTOR('',#7866,1000.);
#4327=VECTOR('',#7869,1000.);
#4328=VECTOR('',#7874,1000.);
#4329=VECTOR('',#7877,1000.);
#4330=VECTOR('',#7890,1000.);
#4331=VECTOR('',#7891,1000.);
#4332=VECTOR('',#7892,1000.);
#4333=VECTOR('',#7895,1000.);
#4334=VECTOR('',#7896,1000.);
#4335=VECTOR('',#7897,1000.);
#4336=VECTOR('',#7898,1000.);
#4337=VECTOR('',#7901,1000.);
#4338=VECTOR('',#7902,1000.);
#4339=VECTOR('',#7903,1000.);
#4340=VECTOR('',#7904,1000.);
#4341=VECTOR('',#7907,1000.);
#4342=VECTOR('',#7910,1000.);
#4343=VECTOR('',#7911,1000.);
#4344=EDGE_LOOP('',(#396,#397,#398,#399));
#4345=EDGE_LOOP('',(#400,#401,#402,#403));
#4346=EDGE_LOOP('',(#404,#405,#406,#407));
#4347=EDGE_LOOP('',(#408,#409,#410,#411));
#4348=EDGE_LOOP('',(#412,#413,#414,#415));
#4349=EDGE_LOOP('',(#416,#417,#418,#419));
#4350=EDGE_LOOP('',(#420,#421,#422,#423));
#4351=EDGE_LOOP('',(#424,#425,#426,#427));
#4352=EDGE_LOOP('',(#428,#429,#430,#431));
#4353=EDGE_LOOP('',(#432,#433,#434,#435));
#4354=EDGE_LOOP('',(#436,#437,#438,#439));
#4355=EDGE_LOOP('',(#440,#441,#442,#443));
#4356=EDGE_LOOP('',(#444));
#4357=EDGE_LOOP('',(#445,#446,#447,#448,#449,#450,#451,#452));
#4358=EDGE_LOOP('',(#453,#454));
#4359=EDGE_LOOP('',(#455,#456));
#4360=EDGE_LOOP('',(#457));
#4361=EDGE_LOOP('',(#458));
#4362=EDGE_LOOP('',(#459));
#4363=EDGE_LOOP('',(#460));
#4364=EDGE_LOOP('',(#461));
#4365=EDGE_LOOP('',(#462,#463,#464,#465));
#4366=EDGE_LOOP('',(#466,#467,#468,#469,#470,#471,#472,#473));
#4367=EDGE_LOOP('',(#474,#475,#476,#477,#478,#479,#480,#481));
#4368=EDGE_LOOP('',(#482,#483,#484,#485));
#4369=EDGE_LOOP('',(#486,#487,#488,#489));
#4370=EDGE_LOOP('',(#490,#491,#492,#493));
#4371=EDGE_LOOP('',(#494,#495,#496,#497));
#4372=EDGE_LOOP('',(#498,#499,#500,#501));
#4373=EDGE_LOOP('',(#502,#503,#504,#505));
#4374=EDGE_LOOP('',(#506,#507,#508,#509));
#4375=EDGE_LOOP('',(#510,#511,#512,#513));
#4376=EDGE_LOOP('',(#514,#515,#516,#517));
#4377=EDGE_LOOP('',(#518,#519,#520,#521));
#4378=EDGE_LOOP('',(#522));
#4379=EDGE_LOOP('',(#523));
#4380=EDGE_LOOP('',(#524));
#4381=EDGE_LOOP('',(#525));
#4382=EDGE_LOOP('',(#526));
#4383=EDGE_LOOP('',(#527));
#4384=EDGE_LOOP('',(#528,#529,#530,#531,#532,#533,#534,#535,#536,#537,#538,
#539));
#4385=EDGE_LOOP('',(#540));
#4386=EDGE_LOOP('',(#541));
#4387=EDGE_LOOP('',(#542,#543,#544,#545,#546,#547,#548,#549,#550,#551,#552,
#553));
#4388=EDGE_LOOP('',(#554,#555,#556,#557));
#4389=EDGE_LOOP('',(#558,#559,#560,#561));
#4390=EDGE_LOOP('',(#562,#563,#564,#565));
#4391=EDGE_LOOP('',(#566,#567,#568,#569));
#4392=EDGE_LOOP('',(#570,#571,#572,#573));
#4393=EDGE_LOOP('',(#574,#575,#576,#577));
#4394=EDGE_LOOP('',(#578,#579,#580,#581));
#4395=EDGE_LOOP('',(#582,#583,#584,#585));
#4396=EDGE_LOOP('',(#586,#587,#588,#589));
#4397=EDGE_LOOP('',(#590,#591,#592,#593));
#4398=EDGE_LOOP('',(#594,#595,#596,#597));
#4399=EDGE_LOOP('',(#598,#599,#600,#601));
#4400=EDGE_LOOP('',(#602));
#4401=EDGE_LOOP('',(#603));
#4402=EDGE_LOOP('',(#604));
#4403=EDGE_LOOP('',(#605));
#4404=EDGE_LOOP('',(#606));
#4405=EDGE_LOOP('',(#607));
#4406=EDGE_LOOP('',(#608));
#4407=EDGE_LOOP('',(#609));
#4408=EDGE_LOOP('',(#610));
#4409=EDGE_LOOP('',(#611));
#4410=EDGE_LOOP('',(#612));
#4411=EDGE_LOOP('',(#613));
#4412=EDGE_LOOP('',(#614));
#4413=EDGE_LOOP('',(#615));
#4414=EDGE_LOOP('',(#616));
#4415=EDGE_LOOP('',(#617));
#4416=EDGE_LOOP('',(#618));
#4417=EDGE_LOOP('',(#619));
#4418=EDGE_LOOP('',(#620));
#4419=EDGE_LOOP('',(#621));
#4420=EDGE_LOOP('',(#622));
#4421=EDGE_LOOP('',(#623));
#4422=EDGE_LOOP('',(#624));
#4423=EDGE_LOOP('',(#625));
#4424=EDGE_LOOP('',(#626,#627,#628,#629));
#4425=EDGE_LOOP('',(#630,#631,#632,#633));
#4426=EDGE_LOOP('',(#634,#635,#636,#637));
#4427=EDGE_LOOP('',(#638,#639,#640,#641));
#4428=EDGE_LOOP('',(#642,#643,#644,#645));
#4429=EDGE_LOOP('',(#646,#647,#648,#649));
#4430=EDGE_LOOP('',(#650,#651,#652,#653));
#4431=EDGE_LOOP('',(#654,#655,#656,#657));
#4432=EDGE_LOOP('',(#658,#659,#660,#661));
#4433=EDGE_LOOP('',(#662,#663,#664,#665));
#4434=EDGE_LOOP('',(#666,#667,#668,#669));
#4435=EDGE_LOOP('',(#670,#671,#672,#673));
#4436=EDGE_LOOP('',(#674,#675,#676,#677));
#4437=EDGE_LOOP('',(#678,#679,#680,#681));
#4438=EDGE_LOOP('',(#682,#683,#684,#685));
#4439=EDGE_LOOP('',(#686,#687,#688,#689));
#4440=EDGE_LOOP('',(#690,#691,#692,#693));
#4441=EDGE_LOOP('',(#694,#695,#696,#697));
#4442=EDGE_LOOP('',(#698,#699,#700,#701));
#4443=EDGE_LOOP('',(#702,#703,#704,#705));
#4444=EDGE_LOOP('',(#706,#707,#708,#709));
#4445=EDGE_LOOP('',(#710,#711,#712,#713));
#4446=EDGE_LOOP('',(#714,#715,#716,#717));
#4447=EDGE_LOOP('',(#718,#719,#720,#721));
#4448=EDGE_LOOP('',(#722));
#4449=EDGE_LOOP('',(#723));
#4450=EDGE_LOOP('',(#724));
#4451=EDGE_LOOP('',(#725));
#4452=EDGE_LOOP('',(#726));
#4453=EDGE_LOOP('',(#727));
#4454=EDGE_LOOP('',(#728,#729,#730,#731,#732,#733,#734,#735,#736,#737,#738,
#739,#740,#741,#742,#743,#744,#745,#746,#747));
#4455=EDGE_LOOP('',(#748,#749,#750,#751,#752,#753,#754,#755,#756,#757,#758,
#759,#760,#761,#762,#763,#764,#765,#766,#767));
#4456=EDGE_LOOP('',(#768,#769,#770,#771));
#4457=EDGE_LOOP('',(#772,#773,#774,#775));
#4458=EDGE_LOOP('',(#776,#777,#778,#779));
#4459=EDGE_LOOP('',(#780,#781,#782,#783,#784,#785));
#4460=EDGE_LOOP('',(#786,#787,#788,#789,#790,#791));
#4461=EDGE_LOOP('',(#792,#793,#794,#795));
#4462=EDGE_LOOP('',(#796,#797,#798,#799,#800,#801));
#4463=EDGE_LOOP('',(#802,#803,#804,#805,#806,#807));
#4464=EDGE_LOOP('',(#808,#809,#810,#811));
#4465=EDGE_LOOP('',(#812,#813,#814,#815,#816,#817,#818,#819,#820,#821,#822,
#823,#824,#825,#826,#827,#828,#829,#830,#831));
#4466=EDGE_LOOP('',(#832,#833,#834,#835,#836,#837,#838,#839,#840,#841,#842,
#843,#844,#845,#846,#847,#848,#849,#850,#851));
#4467=EDGE_LOOP('',(#852,#853,#854,#855));
#4468=EDGE_LOOP('',(#856,#857,#858,#859));
#4469=EDGE_LOOP('',(#860,#861,#862,#863));
#4470=EDGE_LOOP('',(#864,#865,#866,#867,#868,#869));
#4471=EDGE_LOOP('',(#870,#871,#872,#873,#874,#875));
#4472=EDGE_LOOP('',(#876,#877,#878,#879));
#4473=EDGE_LOOP('',(#880,#881,#882,#883,#884,#885));
#4474=EDGE_LOOP('',(#886,#887,#888,#889,#890,#891));
#4475=EDGE_LOOP('',(#892,#893,#894,#895));
#4476=EDGE_LOOP('',(#896,#897,#898,#899,#900,#901,#902,#903,#904,#905,#906,
#907,#908,#909,#910,#911,#912,#913,#914,#915));
#4477=EDGE_LOOP('',(#916,#917,#918,#919,#920,#921,#922,#923,#924,#925,#926,
#927,#928,#929,#930,#931,#932,#933,#934,#935));
#4478=EDGE_LOOP('',(#936,#937,#938,#939));
#4479=EDGE_LOOP('',(#940,#941,#942,#943));
#4480=EDGE_LOOP('',(#944,#945,#946,#947));
#4481=EDGE_LOOP('',(#948,#949,#950,#951,#952,#953));
#4482=EDGE_LOOP('',(#954,#955,#956,#957));
#4483=EDGE_LOOP('',(#958,#959,#960,#961,#962,#963));
#4484=EDGE_LOOP('',(#964,#965,#966,#967));
#4485=EDGE_LOOP('',(#968,#969,#970,#971,#972,#973,#974,#975,#976,#977,#978,
#979,#980,#981,#982,#983,#984,#985,#986,#987));
#4486=EDGE_LOOP('',(#988,#989,#990,#991,#992,#993,#994,#995,#996,#997,#998,
#999,#1000,#1001,#1002,#1003,#1004,#1005,#1006,#1007));
#4487=EDGE_LOOP('',(#1008,#1009,#1010,#1011));
#4488=EDGE_LOOP('',(#1012,#1013,#1014,#1015));
#4489=EDGE_LOOP('',(#1016,#1017,#1018,#1019));
#4490=EDGE_LOOP('',(#1020,#1021,#1022,#1023,#1024,#1025));
#4491=EDGE_LOOP('',(#1026,#1027,#1028,#1029));
#4492=EDGE_LOOP('',(#1030,#1031,#1032,#1033,#1034,#1035));
#4493=EDGE_LOOP('',(#1036,#1037,#1038,#1039,#1040,#1041));
#4494=EDGE_LOOP('',(#1042,#1043,#1044,#1045));
#4495=EDGE_LOOP('',(#1046,#1047,#1048,#1049));
#4496=EDGE_LOOP('',(#1050,#1051,#1052,#1053));
#4497=EDGE_LOOP('',(#1054));
#4498=EDGE_LOOP('',(#1055,#1056,#1057,#1058));
#4499=EDGE_LOOP('',(#1059,#1060,#1061,#1062));
#4500=EDGE_LOOP('',(#1063));
#4501=EDGE_LOOP('',(#1064));
#4502=EDGE_LOOP('',(#1065));
#4503=EDGE_LOOP('',(#1066,#1067,#1068,#1069));
#4504=EDGE_LOOP('',(#1070));
#4505=EDGE_LOOP('',(#1071,#1072,#1073,#1074));
#4506=EDGE_LOOP('',(#1075,#1076,#1077,#1078));
#4507=EDGE_LOOP('',(#1079));
#4508=EDGE_LOOP('',(#1080,#1081,#1082,#1083));
#4509=EDGE_LOOP('',(#1084));
#4510=EDGE_LOOP('',(#1085));
#4511=EDGE_LOOP('',(#1086));
#4512=EDGE_LOOP('',(#1087));
#4513=EDGE_LOOP('',(#1088));
#4514=EDGE_LOOP('',(#1089));
#4515=EDGE_LOOP('',(#1090));
#4516=EDGE_LOOP('',(#1091));
#4517=EDGE_LOOP('',(#1092,#1093,#1094,#1095));
#4518=EDGE_LOOP('',(#1096,#1097,#1098,#1099,#1100,#1101,#1102,#1103));
#4519=EDGE_LOOP('',(#1104,#1105,#1106,#1107,#1108,#1109,#1110,#1111));
#4520=EDGE_LOOP('',(#1112,#1113,#1114,#1115));
#4521=EDGE_LOOP('',(#1116,#1117,#1118,#1119));
#4522=EDGE_LOOP('',(#1120,#1121,#1122,#1123));
#4523=EDGE_LOOP('',(#1124,#1125,#1126,#1127));
#4524=EDGE_LOOP('',(#1128));
#4525=EDGE_LOOP('',(#1129));
#4526=EDGE_LOOP('',(#1130));
#4527=EDGE_LOOP('',(#1131));
#4528=EDGE_LOOP('',(#1132,#1133,#1134,#1135));
#4529=EDGE_LOOP('',(#1136,#1137,#1138,#1139,#1140,#1141,#1142,#1143));
#4530=EDGE_LOOP('',(#1144,#1145,#1146,#1147,#1148,#1149,#1150,#1151));
#4531=EDGE_LOOP('',(#1152,#1153,#1154,#1155));
#4532=EDGE_LOOP('',(#1156,#1157,#1158,#1159));
#4533=EDGE_LOOP('',(#1160,#1161,#1162,#1163));
#4534=EDGE_LOOP('',(#1164,#1165,#1166,#1167));
#4535=EDGE_LOOP('',(#1168));
#4536=EDGE_LOOP('',(#1169));
#4537=EDGE_LOOP('',(#1170));
#4538=EDGE_LOOP('',(#1171));
#4539=EDGE_LOOP('',(#1172,#1173,#1174,#1175));
#4540=EDGE_LOOP('',(#1176,#1177,#1178,#1179,#1180,#1181,#1182,#1183));
#4541=EDGE_LOOP('',(#1184,#1185,#1186,#1187,#1188,#1189,#1190,#1191));
#4542=EDGE_LOOP('',(#1192,#1193,#1194,#1195));
#4543=EDGE_LOOP('',(#1196,#1197,#1198,#1199));
#4544=EDGE_LOOP('',(#1200,#1201,#1202,#1203,#1204,#1205));
#4545=EDGE_LOOP('',(#1206,#1207,#1208,#1209));
#4546=EDGE_LOOP('',(#1210,#1211,#1212,#1213,#1214,#1215));
#4547=EDGE_LOOP('',(#1216,#1217,#1218,#1219));
#4548=EDGE_LOOP('',(#1220));
#4549=EDGE_LOOP('',(#1221));
#4550=EDGE_LOOP('',(#1222));
#4551=EDGE_LOOP('',(#1223));
#4552=EDGE_LOOP('',(#1224,#1225,#1226,#1227));
#4553=EDGE_LOOP('',(#1228,#1229,#1230,#1231,#1232,#1233,#1234,#1235));
#4554=EDGE_LOOP('',(#1236,#1237,#1238,#1239,#1240,#1241,#1242,#1243));
#4555=EDGE_LOOP('',(#1244,#1245,#1246,#1247));
#4556=EDGE_LOOP('',(#1248,#1249,#1250,#1251));
#4557=EDGE_LOOP('',(#1252,#1253,#1254,#1255,#1256,#1257));
#4558=EDGE_LOOP('',(#1258,#1259,#1260,#1261));
#4559=EDGE_LOOP('',(#1262,#1263,#1264,#1265));
#4560=EDGE_LOOP('',(#1266,#1267,#1268,#1269,#1270,#1271,#1272,#1273,#1274,
#1275,#1276,#1277));
#4561=EDGE_LOOP('',(#1278,#1279,#1280,#1281,#1282,#1283,#1284,#1285,#1286,
#1287,#1288,#1289));
#4562=EDGE_LOOP('',(#1290,#1291,#1292,#1293));
#4563=EDGE_LOOP('',(#1294,#1295,#1296,#1297));
#4564=EDGE_LOOP('',(#1298,#1299,#1300,#1301));
#4565=EDGE_LOOP('',(#1302,#1303,#1304,#1305));
#4566=EDGE_LOOP('',(#1306,#1307,#1308,#1309));
#4567=EDGE_LOOP('',(#1310,#1311));
#4568=EDGE_LOOP('',(#1312,#1313,#1314,#1315));
#4569=EDGE_LOOP('',(#1316,#1317));
#4570=EDGE_LOOP('',(#1318,#1319));
#4571=EDGE_LOOP('',(#1320,#1321,#1322,#1323));
#4572=EDGE_LOOP('',(#1324,#1325));
#4573=EDGE_LOOP('',(#1326,#1327,#1328,#1329));
#4574=EDGE_LOOP('',(#1330));
#4575=EDGE_LOOP('',(#1331));
#4576=EDGE_LOOP('',(#1332,#1333,#1334,#1335,#1336,#1337,#1338,#1339,#1340,
#1341,#1342,#1343));
#4577=EDGE_LOOP('',(#1344,#1345,#1346,#1347,#1348,#1349,#1350,#1351,#1352,
#1353,#1354,#1355));
#4578=EDGE_LOOP('',(#1356,#1357,#1358,#1359));
#4579=EDGE_LOOP('',(#1360,#1361,#1362,#1363));
#4580=EDGE_LOOP('',(#1364,#1365,#1366,#1367));
#4581=EDGE_LOOP('',(#1368,#1369,#1370,#1371));
#4582=EDGE_LOOP('',(#1372,#1373,#1374,#1375));
#4583=EDGE_LOOP('',(#1376,#1377));
#4584=EDGE_LOOP('',(#1378,#1379,#1380,#1381));
#4585=EDGE_LOOP('',(#1382,#1383));
#4586=EDGE_LOOP('',(#1384,#1385));
#4587=EDGE_LOOP('',(#1386,#1387,#1388,#1389));
#4588=EDGE_LOOP('',(#1390,#1391));
#4589=EDGE_LOOP('',(#1392,#1393,#1394,#1395));
#4590=EDGE_LOOP('',(#1396));
#4591=EDGE_LOOP('',(#1397));
#4592=EDGE_LOOP('',(#1398,#1399,#1400,#1401,#1402,#1403,#1404,#1405,#1406,
#1407,#1408,#1409));
#4593=EDGE_LOOP('',(#1410,#1411,#1412,#1413,#1414,#1415,#1416,#1417,#1418,
#1419,#1420,#1421));
#4594=EDGE_LOOP('',(#1422,#1423,#1424,#1425));
#4595=EDGE_LOOP('',(#1426,#1427,#1428,#1429));
#4596=EDGE_LOOP('',(#1430,#1431,#1432,#1433));
#4597=EDGE_LOOP('',(#1434,#1435,#1436,#1437));
#4598=EDGE_LOOP('',(#1438,#1439,#1440,#1441));
#4599=EDGE_LOOP('',(#1442,#1443));
#4600=EDGE_LOOP('',(#1444,#1445,#1446,#1447));
#4601=EDGE_LOOP('',(#1448,#1449));
#4602=EDGE_LOOP('',(#1450,#1451));
#4603=EDGE_LOOP('',(#1452,#1453,#1454,#1455));
#4604=EDGE_LOOP('',(#1456,#1457));
#4605=EDGE_LOOP('',(#1458,#1459,#1460,#1461));
#4606=EDGE_LOOP('',(#1462));
#4607=EDGE_LOOP('',(#1463));
#4608=EDGE_LOOP('',(#1464,#1465,#1466,#1467,#1468,#1469,#1470,#1471,#1472,
#1473,#1474,#1475));
#4609=EDGE_LOOP('',(#1476,#1477,#1478,#1479,#1480,#1481,#1482,#1483,#1484,
#1485,#1486,#1487));
#4610=EDGE_LOOP('',(#1488,#1489,#1490,#1491));
#4611=EDGE_LOOP('',(#1492,#1493,#1494,#1495));
#4612=EDGE_LOOP('',(#1496,#1497,#1498,#1499));
#4613=EDGE_LOOP('',(#1500,#1501,#1502,#1503));
#4614=EDGE_LOOP('',(#1504,#1505,#1506,#1507));
#4615=EDGE_LOOP('',(#1508,#1509));
#4616=EDGE_LOOP('',(#1510,#1511,#1512,#1513));
#4617=EDGE_LOOP('',(#1514,#1515));
#4618=EDGE_LOOP('',(#1516,#1517));
#4619=EDGE_LOOP('',(#1518,#1519,#1520,#1521));
#4620=EDGE_LOOP('',(#1522,#1523));
#4621=EDGE_LOOP('',(#1524,#1525,#1526,#1527));
#4622=EDGE_LOOP('',(#1528));
#4623=EDGE_LOOP('',(#1529));
#4624=EDGE_LOOP('',(#1530,#1531,#1532,#1533));
#4625=EDGE_LOOP('',(#1534,#1535,#1536,#1537));
#4626=EDGE_LOOP('',(#1538,#1539,#1540,#1541));
#4627=EDGE_LOOP('',(#1542,#1543,#1544,#1545,#1546,#1547,#1548,#1549,#1550,
#1551,#1552,#1553));
#4628=EDGE_LOOP('',(#1554,#1555,#1556,#1557));
#4629=EDGE_LOOP('',(#1558,#1559,#1560,#1561,#1562,#1563,#1564,#1565,#1566,
#1567,#1568,#1569));
#4630=EDGE_LOOP('',(#1570,#1571,#1572,#1573));
#4631=EDGE_LOOP('',(#1574,#1575,#1576,#1577));
#4632=EDGE_LOOP('',(#1578,#1579,#1580,#1581));
#4633=EDGE_LOOP('',(#1582));
#4634=EDGE_LOOP('',(#1583));
#4635=EDGE_LOOP('',(#1584));
#4636=EDGE_LOOP('',(#1585,#1586,#1587,#1588));
#4637=EDGE_LOOP('',(#1589));
#4638=EDGE_LOOP('',(#1590));
#4639=EDGE_LOOP('',(#1591));
#4640=EDGE_LOOP('',(#1592,#1593,#1594,#1595));
#4641=EDGE_LOOP('',(#1596));
#4642=EDGE_LOOP('',(#1597));
#4643=EDGE_LOOP('',(#1598));
#4644=EDGE_LOOP('',(#1599,#1600,#1601,#1602));
#4645=EDGE_LOOP('',(#1603));
#4646=EDGE_LOOP('',(#1604));
#4647=EDGE_LOOP('',(#1605));
#4648=EDGE_LOOP('',(#1606,#1607,#1608,#1609));
#4649=EDGE_LOOP('',(#1610,#1611,#1612,#1613));
#4650=EDGE_LOOP('',(#1614));
#4651=EDGE_LOOP('',(#1615));
#4652=EDGE_LOOP('',(#1616));
#4653=EDGE_LOOP('',(#1617));
#4654=EDGE_LOOP('',(#1618));
#4655=EDGE_LOOP('',(#1619));
#4656=EDGE_LOOP('',(#1620));
#4657=EDGE_LOOP('',(#1621));
#4658=EDGE_LOOP('',(#1622));
#4659=EDGE_LOOP('',(#1623));
#4660=EDGE_LOOP('',(#1624));
#4661=EDGE_LOOP('',(#1625));
#4662=EDGE_LOOP('',(#1626));
#4663=EDGE_LOOP('',(#1627));
#4664=EDGE_LOOP('',(#1628));
#4665=EDGE_LOOP('',(#1629));
#4666=EDGE_LOOP('',(#1630));
#4667=EDGE_LOOP('',(#1631));
#4668=EDGE_LOOP('',(#1632));
#4669=EDGE_LOOP('',(#1633));
#4670=EDGE_LOOP('',(#1634));
#4671=EDGE_LOOP('',(#1635,#1636,#1637,#1638,#1639,#1640,#1641,#1642));
#4672=EDGE_LOOP('',(#1643,#1644));
#4673=EDGE_LOOP('',(#1645,#1646));
#4674=EDGE_LOOP('',(#1647));
#4675=EDGE_LOOP('',(#1648));
#4676=EDGE_LOOP('',(#1649));
#4677=EDGE_LOOP('',(#1650));
#4678=EDGE_LOOP('',(#1651));
#4679=EDGE_LOOP('',(#1652,#1653,#1654,#1655));
#4680=EDGE_LOOP('',(#1656,#1657,#1658,#1659,#1660,#1661,#1662,#1663));
#4681=EDGE_LOOP('',(#1664,#1665,#1666,#1667,#1668,#1669,#1670,#1671));
#4682=EDGE_LOOP('',(#1672,#1673,#1674,#1675));
#4683=EDGE_LOOP('',(#1676,#1677,#1678,#1679));
#4684=EDGE_LOOP('',(#1680,#1681,#1682,#1683));
#4685=EDGE_LOOP('',(#1684,#1685,#1686,#1687));
#4686=EDGE_LOOP('',(#1688,#1689,#1690,#1691));
#4687=EDGE_LOOP('',(#1692,#1693,#1694,#1695));
#4688=EDGE_LOOP('',(#1696,#1697,#1698,#1699));
#4689=EDGE_LOOP('',(#1700,#1701,#1702,#1703));
#4690=EDGE_LOOP('',(#1704,#1705,#1706,#1707));
#4691=EDGE_LOOP('',(#1708,#1709,#1710,#1711));
#4692=EDGE_LOOP('',(#1712,#1713,#1714,#1715));
#4693=EDGE_LOOP('',(#1716,#1717,#1718,#1719));
#4694=EDGE_LOOP('',(#1720,#1721,#1722,#1723));
#4695=EDGE_LOOP('',(#1724,#1725,#1726,#1727));
#4696=EDGE_LOOP('',(#1728,#1729,#1730,#1731));
#4697=EDGE_LOOP('',(#1732,#1733,#1734,#1735));
#4698=EDGE_LOOP('',(#1736));
#4699=EDGE_LOOP('',(#1737));
#4700=EDGE_LOOP('',(#1738));
#4701=EDGE_LOOP('',(#1739));
#4702=EDGE_LOOP('',(#1740));
#4703=EDGE_LOOP('',(#1741));
#4704=EDGE_LOOP('',(#1742));
#4705=EDGE_LOOP('',(#1743));
#4706=EDGE_LOOP('',(#1744));
#4707=EDGE_LOOP('',(#1745,#1746,#1747,#1748,#1749,#1750,#1751,#1752));
#4708=EDGE_LOOP('',(#1753,#1754));
#4709=EDGE_LOOP('',(#1755,#1756));
#4710=EDGE_LOOP('',(#1757));
#4711=EDGE_LOOP('',(#1758));
#4712=EDGE_LOOP('',(#1759));
#4713=EDGE_LOOP('',(#1760));
#4714=EDGE_LOOP('',(#1761));
#4715=EDGE_LOOP('',(#1762,#1763,#1764,#1765));
#4716=EDGE_LOOP('',(#1766,#1767,#1768,#1769,#1770,#1771,#1772,#1773));
#4717=EDGE_LOOP('',(#1774,#1775,#1776,#1777,#1778,#1779,#1780,#1781));
#4718=EDGE_LOOP('',(#1782,#1783,#1784,#1785));
#4719=EDGE_LOOP('',(#1786,#1787,#1788,#1789));
#4720=EDGE_LOOP('',(#1790,#1791,#1792,#1793));
#4721=EDGE_LOOP('',(#1794,#1795,#1796,#1797));
#4722=EDGE_LOOP('',(#1798));
#4723=EDGE_LOOP('',(#1799,#1800,#1801,#1802,#1803,#1804,#1805,#1806));
#4724=EDGE_LOOP('',(#1807,#1808));
#4725=EDGE_LOOP('',(#1809,#1810));
#4726=EDGE_LOOP('',(#1811));
#4727=EDGE_LOOP('',(#1812));
#4728=EDGE_LOOP('',(#1813));
#4729=EDGE_LOOP('',(#1814));
#4730=EDGE_LOOP('',(#1815));
#4731=EDGE_LOOP('',(#1816,#1817,#1818,#1819));
#4732=EDGE_LOOP('',(#1820,#1821,#1822,#1823,#1824,#1825,#1826,#1827));
#4733=EDGE_LOOP('',(#1828,#1829,#1830,#1831,#1832,#1833,#1834,#1835));
#4734=EDGE_LOOP('',(#1836,#1837,#1838,#1839));
#4735=EDGE_LOOP('',(#1840,#1841,#1842,#1843));
#4736=EDGE_LOOP('',(#1844,#1845,#1846,#1847));
#4737=EDGE_LOOP('',(#1848,#1849,#1850,#1851));
#4738=EDGE_LOOP('',(#1852));
#4739=EDGE_LOOP('',(#1853));
#4740=EDGE_LOOP('',(#1854));
#4741=EDGE_LOOP('',(#1855));
#4742=EDGE_LOOP('',(#1856));
#4743=EDGE_LOOP('',(#1857));
#4744=EDGE_LOOP('',(#1858));
#4745=EDGE_LOOP('',(#1859));
#4746=EDGE_LOOP('',(#1860));
#4747=EDGE_LOOP('',(#1861));
#4748=EDGE_LOOP('',(#1862));
#4749=EDGE_LOOP('',(#1863));
#4750=EDGE_LOOP('',(#1864));
#4751=EDGE_LOOP('',(#1865));
#4752=EDGE_LOOP('',(#1866));
#4753=EDGE_LOOP('',(#1867));
#4754=EDGE_LOOP('',(#1868));
#4755=EDGE_LOOP('',(#1869));
#4756=EDGE_LOOP('',(#1870));
#4757=EDGE_LOOP('',(#1871));
#4758=EDGE_LOOP('',(#1872));
#4759=EDGE_LOOP('',(#1873));
#4760=EDGE_LOOP('',(#1874));
#4761=EDGE_LOOP('',(#1875));
#4762=EDGE_LOOP('',(#1876));
#4763=EDGE_LOOP('',(#1877));
#4764=EDGE_LOOP('',(#1878));
#4765=EDGE_LOOP('',(#1879));
#4766=EDGE_LOOP('',(#1880));
#4767=EDGE_LOOP('',(#1881));
#4768=EDGE_LOOP('',(#1882));
#4769=EDGE_LOOP('',(#1883));
#4770=FACE_BOUND('',#4344,.T.);
#4771=FACE_BOUND('',#4345,.T.);
#4772=FACE_BOUND('',#4346,.T.);
#4773=FACE_BOUND('',#4347,.T.);
#4774=FACE_BOUND('',#4348,.T.);
#4775=FACE_BOUND('',#4349,.T.);
#4776=FACE_BOUND('',#4350,.T.);
#4777=FACE_BOUND('',#4351,.T.);
#4778=FACE_BOUND('',#4352,.T.);
#4779=FACE_BOUND('',#4353,.T.);
#4780=FACE_BOUND('',#4354,.T.);
#4781=FACE_BOUND('',#4355,.T.);
#4782=FACE_BOUND('',#4356,.T.);
#4783=FACE_BOUND('',#4357,.T.);
#4784=FACE_BOUND('',#4358,.T.);
#4785=FACE_BOUND('',#4359,.T.);
#4786=FACE_BOUND('',#4360,.T.);
#4787=FACE_BOUND('',#4361,.T.);
#4788=FACE_BOUND('',#4362,.T.);
#4789=FACE_BOUND('',#4363,.T.);
#4790=FACE_BOUND('',#4364,.T.);
#4791=FACE_BOUND('',#4365,.T.);
#4792=FACE_BOUND('',#4366,.T.);
#4793=FACE_BOUND('',#4367,.T.);
#4794=FACE_BOUND('',#4368,.T.);
#4795=FACE_BOUND('',#4369,.T.);
#4796=FACE_BOUND('',#4370,.T.);
#4797=FACE_BOUND('',#4371,.T.);
#4798=FACE_BOUND('',#4372,.T.);
#4799=FACE_BOUND('',#4373,.T.);
#4800=FACE_BOUND('',#4374,.T.);
#4801=FACE_BOUND('',#4375,.T.);
#4802=FACE_BOUND('',#4376,.T.);
#4803=FACE_BOUND('',#4377,.T.);
#4804=FACE_BOUND('',#4378,.T.);
#4805=FACE_BOUND('',#4379,.T.);
#4806=FACE_BOUND('',#4380,.T.);
#4807=FACE_BOUND('',#4381,.T.);
#4808=FACE_BOUND('',#4382,.T.);
#4809=FACE_BOUND('',#4383,.T.);
#4810=FACE_BOUND('',#4384,.T.);
#4811=FACE_BOUND('',#4385,.T.);
#4812=FACE_BOUND('',#4386,.T.);
#4813=FACE_BOUND('',#4387,.T.);
#4814=FACE_BOUND('',#4388,.T.);
#4815=FACE_BOUND('',#4389,.T.);
#4816=FACE_BOUND('',#4390,.T.);
#4817=FACE_BOUND('',#4391,.T.);
#4818=FACE_BOUND('',#4392,.T.);
#4819=FACE_BOUND('',#4393,.T.);
#4820=FACE_BOUND('',#4394,.T.);
#4821=FACE_BOUND('',#4395,.T.);
#4822=FACE_BOUND('',#4396,.T.);
#4823=FACE_BOUND('',#4397,.T.);
#4824=FACE_BOUND('',#4398,.T.);
#4825=FACE_BOUND('',#4399,.T.);
#4826=FACE_BOUND('',#4400,.T.);
#4827=FACE_BOUND('',#4401,.T.);
#4828=FACE_BOUND('',#4402,.T.);
#4829=FACE_BOUND('',#4403,.T.);
#4830=FACE_BOUND('',#4404,.T.);
#4831=FACE_BOUND('',#4405,.T.);
#4832=FACE_BOUND('',#4406,.T.);
#4833=FACE_BOUND('',#4407,.T.);
#4834=FACE_BOUND('',#4408,.T.);
#4835=FACE_BOUND('',#4409,.T.);
#4836=FACE_BOUND('',#4410,.T.);
#4837=FACE_BOUND('',#4411,.T.);
#4838=FACE_BOUND('',#4412,.T.);
#4839=FACE_BOUND('',#4413,.T.);
#4840=FACE_BOUND('',#4414,.T.);
#4841=FACE_BOUND('',#4415,.T.);
#4842=FACE_BOUND('',#4416,.T.);
#4843=FACE_BOUND('',#4417,.T.);
#4844=FACE_BOUND('',#4418,.T.);
#4845=FACE_BOUND('',#4419,.T.);
#4846=FACE_BOUND('',#4420,.T.);
#4847=FACE_BOUND('',#4421,.T.);
#4848=FACE_BOUND('',#4422,.T.);
#4849=FACE_BOUND('',#4423,.T.);
#4850=FACE_BOUND('',#4424,.T.);
#4851=FACE_BOUND('',#4425,.T.);
#4852=FACE_BOUND('',#4426,.T.);
#4853=FACE_BOUND('',#4427,.T.);
#4854=FACE_BOUND('',#4428,.T.);
#4855=FACE_BOUND('',#4429,.T.);
#4856=FACE_BOUND('',#4430,.T.);
#4857=FACE_BOUND('',#4431,.T.);
#4858=FACE_BOUND('',#4432,.T.);
#4859=FACE_BOUND('',#4433,.T.);
#4860=FACE_BOUND('',#4434,.T.);
#4861=FACE_BOUND('',#4435,.T.);
#4862=FACE_BOUND('',#4436,.T.);
#4863=FACE_BOUND('',#4437,.T.);
#4864=FACE_BOUND('',#4438,.T.);
#4865=FACE_BOUND('',#4439,.T.);
#4866=FACE_BOUND('',#4440,.T.);
#4867=FACE_BOUND('',#4441,.T.);
#4868=FACE_BOUND('',#4442,.T.);
#4869=FACE_BOUND('',#4443,.T.);
#4870=FACE_BOUND('',#4444,.T.);
#4871=FACE_BOUND('',#4445,.T.);
#4872=FACE_BOUND('',#4446,.T.);
#4873=FACE_BOUND('',#4447,.T.);
#4874=FACE_BOUND('',#4448,.T.);
#4875=FACE_BOUND('',#4449,.T.);
#4876=FACE_BOUND('',#4450,.T.);
#4877=FACE_BOUND('',#4451,.T.);
#4878=FACE_BOUND('',#4452,.T.);
#4879=FACE_BOUND('',#4453,.T.);
#4880=FACE_BOUND('',#4454,.T.);
#4881=FACE_BOUND('',#4455,.T.);
#4882=FACE_BOUND('',#4456,.T.);
#4883=FACE_BOUND('',#4457,.T.);
#4884=FACE_BOUND('',#4458,.T.);
#4885=FACE_BOUND('',#4459,.T.);
#4886=FACE_BOUND('',#4460,.T.);
#4887=FACE_BOUND('',#4461,.T.);
#4888=FACE_BOUND('',#4462,.T.);
#4889=FACE_BOUND('',#4463,.T.);
#4890=FACE_BOUND('',#4464,.T.);
#4891=FACE_BOUND('',#4465,.T.);
#4892=FACE_BOUND('',#4466,.T.);
#4893=FACE_BOUND('',#4467,.T.);
#4894=FACE_BOUND('',#4468,.T.);
#4895=FACE_BOUND('',#4469,.T.);
#4896=FACE_BOUND('',#4470,.T.);
#4897=FACE_BOUND('',#4471,.T.);
#4898=FACE_BOUND('',#4472,.T.);
#4899=FACE_BOUND('',#4473,.T.);
#4900=FACE_BOUND('',#4474,.T.);
#4901=FACE_BOUND('',#4475,.T.);
#4902=FACE_BOUND('',#4476,.T.);
#4903=FACE_BOUND('',#4477,.T.);
#4904=FACE_BOUND('',#4478,.T.);
#4905=FACE_BOUND('',#4479,.T.);
#4906=FACE_BOUND('',#4480,.T.);
#4907=FACE_BOUND('',#4481,.T.);
#4908=FACE_BOUND('',#4482,.T.);
#4909=FACE_BOUND('',#4483,.T.);
#4910=FACE_BOUND('',#4484,.T.);
#4911=FACE_BOUND('',#4485,.T.);
#4912=FACE_BOUND('',#4486,.T.);
#4913=FACE_BOUND('',#4487,.T.);
#4914=FACE_BOUND('',#4488,.T.);
#4915=FACE_BOUND('',#4489,.T.);
#4916=FACE_BOUND('',#4490,.T.);
#4917=FACE_BOUND('',#4491,.T.);
#4918=FACE_BOUND('',#4492,.T.);
#4919=FACE_BOUND('',#4493,.T.);
#4920=FACE_BOUND('',#4494,.T.);
#4921=FACE_BOUND('',#4495,.T.);
#4922=FACE_BOUND('',#4496,.T.);
#4923=FACE_BOUND('',#4497,.T.);
#4924=FACE_BOUND('',#4498,.T.);
#4925=FACE_BOUND('',#4499,.T.);
#4926=FACE_BOUND('',#4500,.T.);
#4927=FACE_BOUND('',#4501,.T.);
#4928=FACE_BOUND('',#4502,.T.);
#4929=FACE_BOUND('',#4503,.T.);
#4930=FACE_BOUND('',#4504,.T.);
#4931=FACE_BOUND('',#4505,.T.);
#4932=FACE_BOUND('',#4506,.T.);
#4933=FACE_BOUND('',#4507,.T.);
#4934=FACE_BOUND('',#4508,.T.);
#4935=FACE_BOUND('',#4509,.T.);
#4936=FACE_BOUND('',#4510,.T.);
#4937=FACE_BOUND('',#4511,.T.);
#4938=FACE_BOUND('',#4512,.T.);
#4939=FACE_BOUND('',#4513,.T.);
#4940=FACE_BOUND('',#4514,.T.);
#4941=FACE_BOUND('',#4515,.T.);
#4942=FACE_BOUND('',#4516,.T.);
#4943=FACE_BOUND('',#4517,.T.);
#4944=FACE_BOUND('',#4518,.T.);
#4945=FACE_BOUND('',#4519,.T.);
#4946=FACE_BOUND('',#4520,.T.);
#4947=FACE_BOUND('',#4521,.T.);
#4948=FACE_BOUND('',#4522,.T.);
#4949=FACE_BOUND('',#4523,.T.);
#4950=FACE_BOUND('',#4524,.T.);
#4951=FACE_BOUND('',#4525,.T.);
#4952=FACE_BOUND('',#4526,.T.);
#4953=FACE_BOUND('',#4527,.T.);
#4954=FACE_BOUND('',#4528,.T.);
#4955=FACE_BOUND('',#4529,.T.);
#4956=FACE_BOUND('',#4530,.T.);
#4957=FACE_BOUND('',#4531,.T.);
#4958=FACE_BOUND('',#4532,.T.);
#4959=FACE_BOUND('',#4533,.T.);
#4960=FACE_BOUND('',#4534,.T.);
#4961=FACE_BOUND('',#4535,.T.);
#4962=FACE_BOUND('',#4536,.T.);
#4963=FACE_BOUND('',#4537,.T.);
#4964=FACE_BOUND('',#4538,.T.);
#4965=FACE_BOUND('',#4539,.T.);
#4966=FACE_BOUND('',#4540,.T.);
#4967=FACE_BOUND('',#4541,.T.);
#4968=FACE_BOUND('',#4542,.T.);
#4969=FACE_BOUND('',#4543,.T.);
#4970=FACE_BOUND('',#4544,.T.);
#4971=FACE_BOUND('',#4545,.T.);
#4972=FACE_BOUND('',#4546,.T.);
#4973=FACE_BOUND('',#4547,.T.);
#4974=FACE_BOUND('',#4548,.T.);
#4975=FACE_BOUND('',#4549,.T.);
#4976=FACE_BOUND('',#4550,.T.);
#4977=FACE_BOUND('',#4551,.T.);
#4978=FACE_BOUND('',#4552,.T.);
#4979=FACE_BOUND('',#4553,.T.);
#4980=FACE_BOUND('',#4554,.T.);
#4981=FACE_BOUND('',#4555,.T.);
#4982=FACE_BOUND('',#4556,.T.);
#4983=FACE_BOUND('',#4557,.T.);
#4984=FACE_BOUND('',#4558,.T.);
#4985=FACE_BOUND('',#4559,.T.);
#4986=FACE_BOUND('',#4560,.T.);
#4987=FACE_BOUND('',#4561,.T.);
#4988=FACE_BOUND('',#4562,.T.);
#4989=FACE_BOUND('',#4563,.T.);
#4990=FACE_BOUND('',#4564,.T.);
#4991=FACE_BOUND('',#4565,.T.);
#4992=FACE_BOUND('',#4566,.T.);
#4993=FACE_BOUND('',#4567,.T.);
#4994=FACE_BOUND('',#4568,.T.);
#4995=FACE_BOUND('',#4569,.T.);
#4996=FACE_BOUND('',#4570,.T.);
#4997=FACE_BOUND('',#4571,.T.);
#4998=FACE_BOUND('',#4572,.T.);
#4999=FACE_BOUND('',#4573,.T.);
#5000=FACE_BOUND('',#4574,.T.);
#5001=FACE_BOUND('',#4575,.T.);
#5002=FACE_BOUND('',#4576,.T.);
#5003=FACE_BOUND('',#4577,.T.);
#5004=FACE_BOUND('',#4578,.T.);
#5005=FACE_BOUND('',#4579,.T.);
#5006=FACE_BOUND('',#4580,.T.);
#5007=FACE_BOUND('',#4581,.T.);
#5008=FACE_BOUND('',#4582,.T.);
#5009=FACE_BOUND('',#4583,.T.);
#5010=FACE_BOUND('',#4584,.T.);
#5011=FACE_BOUND('',#4585,.T.);
#5012=FACE_BOUND('',#4586,.T.);
#5013=FACE_BOUND('',#4587,.T.);
#5014=FACE_BOUND('',#4588,.T.);
#5015=FACE_BOUND('',#4589,.T.);
#5016=FACE_BOUND('',#4590,.T.);
#5017=FACE_BOUND('',#4591,.T.);
#5018=FACE_BOUND('',#4592,.T.);
#5019=FACE_BOUND('',#4593,.T.);
#5020=FACE_BOUND('',#4594,.T.);
#5021=FACE_BOUND('',#4595,.T.);
#5022=FACE_BOUND('',#4596,.T.);
#5023=FACE_BOUND('',#4597,.T.);
#5024=FACE_BOUND('',#4598,.T.);
#5025=FACE_BOUND('',#4599,.T.);
#5026=FACE_BOUND('',#4600,.T.);
#5027=FACE_BOUND('',#4601,.T.);
#5028=FACE_BOUND('',#4602,.T.);
#5029=FACE_BOUND('',#4603,.T.);
#5030=FACE_BOUND('',#4604,.T.);
#5031=FACE_BOUND('',#4605,.T.);
#5032=FACE_BOUND('',#4606,.T.);
#5033=FACE_BOUND('',#4607,.T.);
#5034=FACE_BOUND('',#4608,.T.);
#5035=FACE_BOUND('',#4609,.T.);
#5036=FACE_BOUND('',#4610,.T.);
#5037=FACE_BOUND('',#4611,.T.);
#5038=FACE_BOUND('',#4612,.T.);
#5039=FACE_BOUND('',#4613,.T.);
#5040=FACE_BOUND('',#4614,.T.);
#5041=FACE_BOUND('',#4615,.T.);
#5042=FACE_BOUND('',#4616,.T.);
#5043=FACE_BOUND('',#4617,.T.);
#5044=FACE_BOUND('',#4618,.T.);
#5045=FACE_BOUND('',#4619,.T.);
#5046=FACE_BOUND('',#4620,.T.);
#5047=FACE_BOUND('',#4621,.T.);
#5048=FACE_BOUND('',#4622,.T.);
#5049=FACE_BOUND('',#4623,.T.);
#5050=FACE_BOUND('',#4624,.T.);
#5051=FACE_BOUND('',#4625,.T.);
#5052=FACE_BOUND('',#4626,.T.);
#5053=FACE_BOUND('',#4627,.T.);
#5054=FACE_BOUND('',#4628,.T.);
#5055=FACE_BOUND('',#4629,.T.);
#5056=FACE_BOUND('',#4630,.T.);
#5057=FACE_BOUND('',#4631,.T.);
#5058=FACE_BOUND('',#4632,.T.);
#5059=FACE_BOUND('',#4633,.T.);
#5060=FACE_BOUND('',#4634,.T.);
#5061=FACE_BOUND('',#4635,.T.);
#5062=FACE_BOUND('',#4636,.T.);
#5063=FACE_BOUND('',#4637,.T.);
#5064=FACE_BOUND('',#4638,.T.);
#5065=FACE_BOUND('',#4639,.T.);
#5066=FACE_BOUND('',#4640,.T.);
#5067=FACE_BOUND('',#4641,.T.);
#5068=FACE_BOUND('',#4642,.T.);
#5069=FACE_BOUND('',#4643,.T.);
#5070=FACE_BOUND('',#4644,.T.);
#5071=FACE_BOUND('',#4645,.T.);
#5072=FACE_BOUND('',#4646,.T.);
#5073=FACE_BOUND('',#4647,.T.);
#5074=FACE_BOUND('',#4648,.T.);
#5075=FACE_BOUND('',#4649,.T.);
#5076=FACE_BOUND('',#4650,.T.);
#5077=FACE_BOUND('',#4651,.T.);
#5078=FACE_BOUND('',#4652,.T.);
#5079=FACE_BOUND('',#4653,.T.);
#5080=FACE_BOUND('',#4654,.T.);
#5081=FACE_BOUND('',#4655,.T.);
#5082=FACE_BOUND('',#4656,.T.);
#5083=FACE_BOUND('',#4657,.T.);
#5084=FACE_BOUND('',#4658,.T.);
#5085=FACE_BOUND('',#4659,.T.);
#5086=FACE_BOUND('',#4660,.T.);
#5087=FACE_BOUND('',#4661,.T.);
#5088=FACE_BOUND('',#4662,.T.);
#5089=FACE_BOUND('',#4663,.T.);
#5090=FACE_BOUND('',#4664,.T.);
#5091=FACE_BOUND('',#4665,.T.);
#5092=FACE_BOUND('',#4666,.T.);
#5093=FACE_BOUND('',#4667,.T.);
#5094=FACE_BOUND('',#4668,.T.);
#5095=FACE_BOUND('',#4669,.T.);
#5096=FACE_BOUND('',#4670,.T.);
#5097=FACE_BOUND('',#4671,.T.);
#5098=FACE_BOUND('',#4672,.T.);
#5099=FACE_BOUND('',#4673,.T.);
#5100=FACE_BOUND('',#4674,.T.);
#5101=FACE_BOUND('',#4675,.T.);
#5102=FACE_BOUND('',#4676,.T.);
#5103=FACE_BOUND('',#4677,.T.);
#5104=FACE_BOUND('',#4678,.T.);
#5105=FACE_BOUND('',#4679,.T.);
#5106=FACE_BOUND('',#4680,.T.);
#5107=FACE_BOUND('',#4681,.T.);
#5108=FACE_BOUND('',#4682,.T.);
#5109=FACE_BOUND('',#4683,.T.);
#5110=FACE_BOUND('',#4684,.T.);
#5111=FACE_BOUND('',#4685,.T.);
#5112=FACE_BOUND('',#4686,.T.);
#5113=FACE_BOUND('',#4687,.T.);
#5114=FACE_BOUND('',#4688,.T.);
#5115=FACE_BOUND('',#4689,.T.);
#5116=FACE_BOUND('',#4690,.T.);
#5117=FACE_BOUND('',#4691,.T.);
#5118=FACE_BOUND('',#4692,.T.);
#5119=FACE_BOUND('',#4693,.T.);
#5120=FACE_BOUND('',#4694,.T.);
#5121=FACE_BOUND('',#4695,.T.);
#5122=FACE_BOUND('',#4696,.T.);
#5123=FACE_BOUND('',#4697,.T.);
#5124=FACE_BOUND('',#4698,.T.);
#5125=FACE_BOUND('',#4699,.T.);
#5126=FACE_BOUND('',#4700,.T.);
#5127=FACE_BOUND('',#4701,.T.);
#5128=FACE_BOUND('',#4702,.T.);
#5129=FACE_BOUND('',#4703,.T.);
#5130=FACE_BOUND('',#4704,.T.);
#5131=FACE_BOUND('',#4705,.T.);
#5132=FACE_BOUND('',#4706,.T.);
#5133=FACE_BOUND('',#4707,.T.);
#5134=FACE_BOUND('',#4708,.T.);
#5135=FACE_BOUND('',#4709,.T.);
#5136=FACE_BOUND('',#4710,.T.);
#5137=FACE_BOUND('',#4711,.T.);
#5138=FACE_BOUND('',#4712,.T.);
#5139=FACE_BOUND('',#4713,.T.);
#5140=FACE_BOUND('',#4714,.T.);
#5141=FACE_BOUND('',#4715,.T.);
#5142=FACE_BOUND('',#4716,.T.);
#5143=FACE_BOUND('',#4717,.T.);
#5144=FACE_BOUND('',#4718,.T.);
#5145=FACE_BOUND('',#4719,.T.);
#5146=FACE_BOUND('',#4720,.T.);
#5147=FACE_BOUND('',#4721,.T.);
#5148=FACE_BOUND('',#4722,.T.);
#5149=FACE_BOUND('',#4723,.T.);
#5150=FACE_BOUND('',#4724,.T.);
#5151=FACE_BOUND('',#4725,.T.);
#5152=FACE_BOUND('',#4726,.T.);
#5153=FACE_BOUND('',#4727,.T.);
#5154=FACE_BOUND('',#4728,.T.);
#5155=FACE_BOUND('',#4729,.T.);
#5156=FACE_BOUND('',#4730,.T.);
#5157=FACE_BOUND('',#4731,.T.);
#5158=FACE_BOUND('',#4732,.T.);
#5159=FACE_BOUND('',#4733,.T.);
#5160=FACE_BOUND('',#4734,.T.);
#5161=FACE_BOUND('',#4735,.T.);
#5162=FACE_BOUND('',#4736,.T.);
#5163=FACE_BOUND('',#4737,.T.);
#5164=FACE_BOUND('',#4738,.T.);
#5165=FACE_BOUND('',#4739,.T.);
#5166=FACE_BOUND('',#4740,.T.);
#5167=FACE_BOUND('',#4741,.T.);
#5168=FACE_BOUND('',#4742,.T.);
#5169=FACE_BOUND('',#4743,.T.);
#5170=FACE_BOUND('',#4744,.T.);
#5171=FACE_BOUND('',#4745,.T.);
#5172=FACE_BOUND('',#4746,.T.);
#5173=FACE_BOUND('',#4747,.T.);
#5174=FACE_BOUND('',#4748,.T.);
#5175=FACE_BOUND('',#4749,.T.);
#5176=FACE_BOUND('',#4750,.T.);
#5177=FACE_BOUND('',#4751,.T.);
#5178=FACE_BOUND('',#4752,.T.);
#5179=FACE_BOUND('',#4753,.T.);
#5180=FACE_BOUND('',#4754,.T.);
#5181=FACE_BOUND('',#4755,.T.);
#5182=FACE_BOUND('',#4756,.T.);
#5183=FACE_BOUND('',#4757,.T.);
#5184=FACE_BOUND('',#4758,.T.);
#5185=FACE_BOUND('',#4759,.T.);
#5186=FACE_BOUND('',#4760,.T.);
#5187=FACE_BOUND('',#4761,.T.);
#5188=FACE_BOUND('',#4762,.T.);
#5189=FACE_BOUND('',#4763,.T.);
#5190=FACE_BOUND('',#4764,.T.);
#5191=FACE_BOUND('',#4765,.T.);
#5192=FACE_BOUND('',#4766,.T.);
#5193=FACE_BOUND('',#4767,.T.);
#5194=FACE_BOUND('',#4768,.T.);
#5195=FACE_BOUND('',#4769,.T.);
#5196=PLANE('',#5942);
#5197=PLANE('',#5943);
#5198=PLANE('',#5944);
#5199=PLANE('',#5945);
#5200=PLANE('',#5946);
#5201=PLANE('',#5947);
#5202=PLANE('',#5948);
#5203=PLANE('',#5949);
#5204=PLANE('',#5950);
#5205=PLANE('',#5951);
#5206=PLANE('',#5952);
#5207=PLANE('',#5960);
#5208=PLANE('',#5961);
#5209=PLANE('',#5962);
#5210=PLANE('',#5966);
#5211=PLANE('',#5967);
#5212=PLANE('',#5968);
#5213=PLANE('',#5969);
#5214=PLANE('',#5970);
#5215=PLANE('',#5971);
#5216=PLANE('',#5972);
#5217=PLANE('',#5973);
#5218=PLANE('',#5975);
#5219=PLANE('',#5976);
#5220=PLANE('',#5977);
#5221=PLANE('',#5978);
#5222=PLANE('',#5979);
#5223=PLANE('',#5980);
#5224=PLANE('',#5985);
#5225=PLANE('',#5986);
#5226=PLANE('',#5989);
#5227=PLANE('',#5992);
#5228=PLANE('',#5995);
#5229=PLANE('',#5996);
#5230=PLANE('',#5997);
#5231=PLANE('',#5998);
#5232=PLANE('',#5999);
#5233=PLANE('',#6000);
#5234=PLANE('',#6001);
#5235=PLANE('',#6002);
#5236=PLANE('',#6003);
#5237=PLANE('',#6004);
#5238=PLANE('',#6005);
#5239=PLANE('',#6006);
#5240=PLANE('',#6013);
#5241=PLANE('',#6018);
#5242=PLANE('',#6028);
#5243=PLANE('',#6029);
#5244=PLANE('',#6030);
#5245=PLANE('',#6031);
#5246=PLANE('',#6032);
#5247=PLANE('',#6033);
#5248=PLANE('',#6034);
#5249=PLANE('',#6035);
#5250=PLANE('',#6036);
#5251=PLANE('',#6037);
#5252=PLANE('',#6038);
#5253=PLANE('',#6040);
#5254=PLANE('',#6041);
#5255=PLANE('',#6042);
#5256=PLANE('',#6043);
#5257=PLANE('',#6044);
#5258=PLANE('',#6045);
#5259=PLANE('',#6046);
#5260=PLANE('',#6047);
#5261=PLANE('',#6048);
#5262=PLANE('',#6049);
#5263=PLANE('',#6050);
#5264=PLANE('',#6056);
#5265=PLANE('',#6059);
#5266=PLANE('',#6062);
#5267=PLANE('',#6063);
#5268=PLANE('',#6064);
#5269=PLANE('',#6066);
#5270=PLANE('',#6068);
#5271=PLANE('',#6069);
#5272=PLANE('',#6071);
#5273=PLANE('',#6073);
#5274=PLANE('',#6074);
#5275=PLANE('',#6077);
#5276=PLANE('',#6080);
#5277=PLANE('',#6081);
#5278=PLANE('',#6082);
#5279=PLANE('',#6084);
#5280=PLANE('',#6086);
#5281=PLANE('',#6087);
#5282=PLANE('',#6089);
#5283=PLANE('',#6091);
#5284=PLANE('',#6092);
#5285=PLANE('',#6095);
#5286=PLANE('',#6098);
#5287=PLANE('',#6099);
#5288=PLANE('',#6100);
#5289=PLANE('',#6102);
#5290=PLANE('',#6103);
#5291=PLANE('',#6105);
#5292=PLANE('',#6106);
#5293=PLANE('',#6109);
#5294=PLANE('',#6112);
#5295=PLANE('',#6113);
#5296=PLANE('',#6114);
#5297=PLANE('',#6116);
#5298=PLANE('',#6117);
#5299=PLANE('',#6119);
#5300=PLANE('',#6121);
#5301=PLANE('',#6125);
#5302=PLANE('',#6126);
#5303=PLANE('',#6129);
#5304=PLANE('',#6131);
#5305=PLANE('',#6132);
#5306=PLANE('',#6133);
#5307=PLANE('',#6134);
#5308=PLANE('',#6135);
#5309=PLANE('',#6136);
#5310=PLANE('',#6137);
#5311=PLANE('',#6140);
#5312=PLANE('',#6142);
#5313=PLANE('',#6143);
#5314=PLANE('',#6144);
#5315=PLANE('',#6145);
#5316=PLANE('',#6146);
#5317=PLANE('',#6147);
#5318=PLANE('',#6148);
#5319=PLANE('',#6151);
#5320=PLANE('',#6153);
#5321=PLANE('',#6154);
#5322=PLANE('',#6155);
#5323=PLANE('',#6156);
#5324=PLANE('',#6157);
#5325=PLANE('',#6158);
#5326=PLANE('',#6160);
#5327=PLANE('',#6161);
#5328=PLANE('',#6163);
#5329=PLANE('',#6166);
#5330=PLANE('',#6168);
#5331=PLANE('',#6169);
#5332=PLANE('',#6170);
#5333=PLANE('',#6171);
#5334=PLANE('',#6172);
#5335=PLANE('',#6173);
#5336=PLANE('',#6175);
#5337=PLANE('',#6176);
#5338=PLANE('',#6177);
#5339=PLANE('',#6178);
#5340=PLANE('',#6179);
#5341=PLANE('',#6180);
#5342=PLANE('',#6181);
#5343=PLANE('',#6182);
#5344=PLANE('',#6185);
#5345=PLANE('',#6188);
#5346=PLANE('',#6189);
#5347=PLANE('',#6192);
#5348=PLANE('',#6196);
#5349=PLANE('',#6197);
#5350=PLANE('',#6198);
#5351=PLANE('',#6199);
#5352=PLANE('',#6200);
#5353=PLANE('',#6201);
#5354=PLANE('',#6204);
#5355=PLANE('',#6207);
#5356=PLANE('',#6208);
#5357=PLANE('',#6211);
#5358=PLANE('',#6215);
#5359=PLANE('',#6216);
#5360=PLANE('',#6217);
#5361=PLANE('',#6218);
#5362=PLANE('',#6219);
#5363=PLANE('',#6220);
#5364=PLANE('',#6223);
#5365=PLANE('',#6226);
#5366=PLANE('',#6227);
#5367=PLANE('',#6230);
#5368=PLANE('',#6234);
#5369=PLANE('',#6235);
#5370=PLANE('',#6236);
#5371=PLANE('',#6237);
#5372=PLANE('',#6238);
#5373=PLANE('',#6239);
#5374=PLANE('',#6242);
#5375=PLANE('',#6245);
#5376=PLANE('',#6246);
#5377=PLANE('',#6249);
#5378=PLANE('',#6254);
#5379=PLANE('',#6255);
#5380=PLANE('',#6256);
#5381=PLANE('',#6257);
#5382=PLANE('',#6258);
#5383=PLANE('',#6259);
#5384=PLANE('',#6260);
#5385=PLANE('',#6261);
#5386=PLANE('',#6262);
#5387=PLANE('',#6263);
#5388=PLANE('',#6267);
#5389=PLANE('',#6271);
#5390=PLANE('',#6275);
#5391=PLANE('',#6279);
#5392=PLANE('',#6291);
#5393=PLANE('',#6293);
#5394=PLANE('',#6303);
#5395=PLANE('',#6304);
#5396=PLANE('',#6305);
#5397=PLANE('',#6309);
#5398=PLANE('',#6310);
#5399=PLANE('',#6311);
#5400=PLANE('',#6312);
#5401=PLANE('',#6313);
#5402=PLANE('',#6314);
#5403=PLANE('',#6315);
#5404=PLANE('',#6316);
#5405=PLANE('',#6318);
#5406=PLANE('',#6319);
#5407=PLANE('',#6320);
#5408=PLANE('',#6321);
#5409=PLANE('',#6322);
#5410=PLANE('',#6323);
#5411=PLANE('',#6324);
#5412=PLANE('',#6325);
#5413=PLANE('',#6326);
#5414=PLANE('',#6327);
#5415=PLANE('',#6328);
#5416=PLANE('',#6342);
#5417=PLANE('',#6344);
#5418=PLANE('',#6356);
#5419=PLANE('',#6357);
#5420=PLANE('',#6358);
#5421=PLANE('',#6362);
#5422=PLANE('',#6363);
#5423=PLANE('',#6364);
#5424=PLANE('',#6365);
#5425=PLANE('',#6366);
#5426=PLANE('',#6367);
#5427=PLANE('',#6368);
#5428=PLANE('',#6369);
#5429=PLANE('',#6381);
#5430=PLANE('',#6382);
#5431=PLANE('',#6383);
#5432=PLANE('',#6387);
#5433=PLANE('',#6388);
#5434=PLANE('',#6389);
#5435=PLANE('',#6390);
#5436=PLANE('',#6391);
#5437=PLANE('',#6392);
#5438=PLANE('',#6393);
#5439=PLANE('',#6394);
#5440=PLANE('',#6403);
#5441=PLANE('',#6404);
#5442=ADVANCED_FACE('',(#4770,#4771),#5196,.T.);
#5443=ADVANCED_FACE('',(#4772),#5197,.T.);
#5444=ADVANCED_FACE('',(#4773),#5198,.T.);
#5445=ADVANCED_FACE('',(#4774),#5199,.T.);
#5446=ADVANCED_FACE('',(#4775),#5200,.T.);
#5447=ADVANCED_FACE('',(#4776),#5201,.F.);
#5448=ADVANCED_FACE('',(#4777),#5202,.T.);
#5449=ADVANCED_FACE('',(#4778),#5203,.T.);
#5450=ADVANCED_FACE('',(#4779),#5204,.F.);
#5451=ADVANCED_FACE('',(#4780),#5205,.F.);
#5452=ADVANCED_FACE('',(#4781),#5206,.T.);
#5453=ADVANCED_FACE('',(#4782,#4783),#158,.T.);
#5454=ADVANCED_FACE('',(#4784),#5207,.T.);
#5455=ADVANCED_FACE('',(#4785),#5208,.T.);
#5456=ADVANCED_FACE('',(#4786,#4787),#5209,.F.);
#5457=ADVANCED_FACE('',(#4788,#4789),#159,.F.);
#5458=ADVANCED_FACE('',(#4790),#5210,.F.);
#5459=ADVANCED_FACE('',(#4791),#5211,.T.);
#5460=ADVANCED_FACE('',(#4792),#5212,.F.);
#5461=ADVANCED_FACE('',(#4793),#5213,.T.);
#5462=ADVANCED_FACE('',(#4794),#5214,.T.);
#5463=ADVANCED_FACE('',(#4795),#5215,.F.);
#5464=ADVANCED_FACE('',(#4796),#5216,.T.);
#5465=ADVANCED_FACE('',(#4797),#5217,.F.);
#5466=ADVANCED_FACE('',(#4798),#5218,.T.);
#5467=ADVANCED_FACE('',(#4799),#5219,.T.);
#5468=ADVANCED_FACE('',(#4800),#5220,.T.);
#5469=ADVANCED_FACE('',(#4801),#5221,.T.);
#5470=ADVANCED_FACE('',(#4802),#5222,.F.);
#5471=ADVANCED_FACE('',(#4803),#5223,.T.);
#5472=ADVANCED_FACE('',(#4804,#4805),#160,.T.);
#5473=ADVANCED_FACE('',(#4806),#5224,.T.);
#5474=ADVANCED_FACE('',(#4807),#5225,.F.);
#5475=ADVANCED_FACE('',(#4808,#4809,#4810),#5226,.T.);
#5476=ADVANCED_FACE('',(#4811,#4812,#4813),#5227,.F.);
#5477=ADVANCED_FACE('',(#4814),#5228,.T.);
#5478=ADVANCED_FACE('',(#4815),#5229,.F.);
#5479=ADVANCED_FACE('',(#4816),#5230,.F.);
#5480=ADVANCED_FACE('',(#4817),#5231,.F.);
#5481=ADVANCED_FACE('',(#4818),#5232,.T.);
#5482=ADVANCED_FACE('',(#4819),#5233,.T.);
#5483=ADVANCED_FACE('',(#4820),#5234,.F.);
#5484=ADVANCED_FACE('',(#4821),#5235,.T.);
#5485=ADVANCED_FACE('',(#4822),#5236,.F.);
#5486=ADVANCED_FACE('',(#4823),#5237,.T.);
#5487=ADVANCED_FACE('',(#4824),#5238,.T.);
#5488=ADVANCED_FACE('',(#4825),#5239,.F.);
#5489=ADVANCED_FACE('',(#4826,#4827),#161,.F.);
#5490=ADVANCED_FACE('',(#4828,#4829),#162,.F.);
#5491=ADVANCED_FACE('',(#4830,#4831),#163,.T.);
#5492=ADVANCED_FACE('',(#4832,#4833,#4834,#4835,#4836),#5240,.F.);
#5493=ADVANCED_FACE('',(#4837,#4838,#4839,#4840,#4841),#5241,.T.);
#5494=ADVANCED_FACE('',(#4842,#4843),#164,.F.);
#5495=ADVANCED_FACE('',(#4844,#4845),#165,.F.);
#5496=ADVANCED_FACE('',(#4846,#4847),#166,.F.);
#5497=ADVANCED_FACE('',(#4848,#4849),#167,.F.);
#5498=ADVANCED_FACE('',(#4850,#4851),#5242,.T.);
#5499=ADVANCED_FACE('',(#4852),#5243,.T.);
#5500=ADVANCED_FACE('',(#4853),#5244,.T.);
#5501=ADVANCED_FACE('',(#4854),#5245,.T.);
#5502=ADVANCED_FACE('',(#4855),#5246,.T.);
#5503=ADVANCED_FACE('',(#4856),#5247,.F.);
#5504=ADVANCED_FACE('',(#4857),#5248,.T.);
#5505=ADVANCED_FACE('',(#4858),#5249,.T.);
#5506=ADVANCED_FACE('',(#4859),#5250,.F.);
#5507=ADVANCED_FACE('',(#4860),#5251,.F.);
#5508=ADVANCED_FACE('',(#4861),#5252,.T.);
#5509=ADVANCED_FACE('',(#4862,#4863),#5253,.T.);
#5510=ADVANCED_FACE('',(#4864),#5254,.T.);
#5511=ADVANCED_FACE('',(#4865),#5255,.T.);
#5512=ADVANCED_FACE('',(#4866),#5256,.T.);
#5513=ADVANCED_FACE('',(#4867),#5257,.T.);
#5514=ADVANCED_FACE('',(#4868),#5258,.F.);
#5515=ADVANCED_FACE('',(#4869),#5259,.T.);
#5516=ADVANCED_FACE('',(#4870),#5260,.T.);
#5517=ADVANCED_FACE('',(#4871),#5261,.F.);
#5518=ADVANCED_FACE('',(#4872),#5262,.F.);
#5519=ADVANCED_FACE('',(#4873),#5263,.T.);
#5520=ADVANCED_FACE('',(#4874,#4875,#4876,#4877,#4878,#4879),#168,.T.);
#5521=ADVANCED_FACE('',(#4880),#5264,.T.);
#5522=ADVANCED_FACE('',(#4881),#5265,.F.);
#5523=ADVANCED_FACE('',(#4882),#5266,.T.);
#5524=ADVANCED_FACE('',(#4883,#4884),#5267,.F.);
#5525=ADVANCED_FACE('',(#4885),#5268,.T.);
#5526=ADVANCED_FACE('',(#4886),#5269,.T.);
#5527=ADVANCED_FACE('',(#4887),#5270,.T.);
#5528=ADVANCED_FACE('',(#4888),#5271,.T.);
#5529=ADVANCED_FACE('',(#4889),#5272,.T.);
#5530=ADVANCED_FACE('',(#4890),#5273,.F.);
#5531=ADVANCED_FACE('',(#4891),#5274,.T.);
#5532=ADVANCED_FACE('',(#4892),#5275,.F.);
#5533=ADVANCED_FACE('',(#4893),#5276,.T.);
#5534=ADVANCED_FACE('',(#4894,#4895),#5277,.F.);
#5535=ADVANCED_FACE('',(#4896),#5278,.T.);
#5536=ADVANCED_FACE('',(#4897),#5279,.T.);
#5537=ADVANCED_FACE('',(#4898),#5280,.T.);
#5538=ADVANCED_FACE('',(#4899),#5281,.T.);
#5539=ADVANCED_FACE('',(#4900),#5282,.T.);
#5540=ADVANCED_FACE('',(#4901),#5283,.F.);
#5541=ADVANCED_FACE('',(#4902),#5284,.T.);
#5542=ADVANCED_FACE('',(#4903),#5285,.F.);
#5543=ADVANCED_FACE('',(#4904),#5286,.T.);
#5544=ADVANCED_FACE('',(#4905,#4906),#5287,.F.);
#5545=ADVANCED_FACE('',(#4907),#5288,.T.);
#5546=ADVANCED_FACE('',(#4908),#5289,.T.);
#5547=ADVANCED_FACE('',(#4909),#5290,.T.);
#5548=ADVANCED_FACE('',(#4910),#5291,.F.);
#5549=ADVANCED_FACE('',(#4911),#5292,.T.);
#5550=ADVANCED_FACE('',(#4912),#5293,.F.);
#5551=ADVANCED_FACE('',(#4913),#5294,.T.);
#5552=ADVANCED_FACE('',(#4914,#4915),#5295,.F.);
#5553=ADVANCED_FACE('',(#4916),#5296,.T.);
#5554=ADVANCED_FACE('',(#4917),#5297,.T.);
#5555=ADVANCED_FACE('',(#4918),#5298,.T.);
#5556=ADVANCED_FACE('',(#4919),#5299,.T.);
#5557=ADVANCED_FACE('',(#4920),#5300,.F.);
#5558=ADVANCED_FACE('',(#4921,#4922,#4923,#4924,#4925,#4926,#4927,#4928,
#4929,#4930,#4931,#4932,#4933,#4934),#169,.F.);
#5559=ADVANCED_FACE('',(#4935,#4936),#5301,.T.);
#5560=ADVANCED_FACE('',(#4937,#4938),#5302,.F.);
#5561=ADVANCED_FACE('',(#4939,#4940),#170,.T.);
#5562=ADVANCED_FACE('',(#4941,#4942),#5303,.F.);
#5563=ADVANCED_FACE('',(#4943),#5304,.T.);
#5564=ADVANCED_FACE('',(#4944),#5305,.F.);
#5565=ADVANCED_FACE('',(#4945),#5306,.T.);
#5566=ADVANCED_FACE('',(#4946),#5307,.T.);
#5567=ADVANCED_FACE('',(#4947),#5308,.F.);
#5568=ADVANCED_FACE('',(#4948),#5309,.T.);
#5569=ADVANCED_FACE('',(#4949),#5310,.F.);
#5570=ADVANCED_FACE('',(#4950,#4951),#171,.T.);
#5571=ADVANCED_FACE('',(#4952,#4953),#5311,.F.);
#5572=ADVANCED_FACE('',(#4954),#5312,.T.);
#5573=ADVANCED_FACE('',(#4955),#5313,.F.);
#5574=ADVANCED_FACE('',(#4956),#5314,.T.);
#5575=ADVANCED_FACE('',(#4957),#5315,.T.);
#5576=ADVANCED_FACE('',(#4958),#5316,.F.);
#5577=ADVANCED_FACE('',(#4959),#5317,.T.);
#5578=ADVANCED_FACE('',(#4960),#5318,.F.);
#5579=ADVANCED_FACE('',(#4961,#4962),#172,.T.);
#5580=ADVANCED_FACE('',(#4963,#4964),#5319,.F.);
#5581=ADVANCED_FACE('',(#4965),#5320,.T.);
#5582=ADVANCED_FACE('',(#4966),#5321,.F.);
#5583=ADVANCED_FACE('',(#4967),#5322,.T.);
#5584=ADVANCED_FACE('',(#4968),#5323,.T.);
#5585=ADVANCED_FACE('',(#4969),#5324,.F.);
#5586=ADVANCED_FACE('',(#4970),#5325,.T.);
#5587=ADVANCED_FACE('',(#4971),#5326,.T.);
#5588=ADVANCED_FACE('',(#4972),#5327,.T.);
#5589=ADVANCED_FACE('',(#4973),#5328,.F.);
#5590=ADVANCED_FACE('',(#4974,#4975),#173,.T.);
#5591=ADVANCED_FACE('',(#4976,#4977),#5329,.F.);
#5592=ADVANCED_FACE('',(#4978),#5330,.T.);
#5593=ADVANCED_FACE('',(#4979),#5331,.F.);
#5594=ADVANCED_FACE('',(#4980),#5332,.T.);
#5595=ADVANCED_FACE('',(#4981),#5333,.T.);
#5596=ADVANCED_FACE('',(#4982),#5334,.F.);
#5597=ADVANCED_FACE('',(#4983),#5335,.T.);
#5598=ADVANCED_FACE('',(#4984),#5336,.T.);
#5599=ADVANCED_FACE('',(#4985),#5337,.F.);
#5600=ADVANCED_FACE('',(#4986),#5338,.F.);
#5601=ADVANCED_FACE('',(#4987),#5339,.T.);
#5602=ADVANCED_FACE('',(#4988),#5340,.T.);
#5603=ADVANCED_FACE('',(#4989),#5341,.F.);
#5604=ADVANCED_FACE('',(#4990),#5342,.T.);
#5605=ADVANCED_FACE('',(#4991),#5343,.T.);
#5606=ADVANCED_FACE('',(#4992),#174,.F.);
#5607=ADVANCED_FACE('',(#4993),#5344,.F.);
#5608=ADVANCED_FACE('',(#4994),#175,.F.);
#5609=ADVANCED_FACE('',(#4995),#5345,.F.);
#5610=ADVANCED_FACE('',(#4996),#5346,.F.);
#5611=ADVANCED_FACE('',(#4997),#176,.F.);
#5612=ADVANCED_FACE('',(#4998),#5347,.F.);
#5613=ADVANCED_FACE('',(#4999),#177,.F.);
#5614=ADVANCED_FACE('',(#5000,#5001),#178,.F.);
#5615=ADVANCED_FACE('',(#5002),#5348,.F.);
#5616=ADVANCED_FACE('',(#5003),#5349,.T.);
#5617=ADVANCED_FACE('',(#5004),#5350,.T.);
#5618=ADVANCED_FACE('',(#5005),#5351,.F.);
#5619=ADVANCED_FACE('',(#5006),#5352,.T.);
#5620=ADVANCED_FACE('',(#5007),#5353,.T.);
#5621=ADVANCED_FACE('',(#5008),#179,.F.);
#5622=ADVANCED_FACE('',(#5009),#5354,.F.);
#5623=ADVANCED_FACE('',(#5010),#180,.F.);
#5624=ADVANCED_FACE('',(#5011),#5355,.F.);
#5625=ADVANCED_FACE('',(#5012),#5356,.F.);
#5626=ADVANCED_FACE('',(#5013),#181,.F.);
#5627=ADVANCED_FACE('',(#5014),#5357,.F.);
#5628=ADVANCED_FACE('',(#5015),#182,.F.);
#5629=ADVANCED_FACE('',(#5016,#5017),#183,.F.);
#5630=ADVANCED_FACE('',(#5018),#5358,.F.);
#5631=ADVANCED_FACE('',(#5019),#5359,.T.);
#5632=ADVANCED_FACE('',(#5020),#5360,.T.);
#5633=ADVANCED_FACE('',(#5021),#5361,.F.);
#5634=ADVANCED_FACE('',(#5022),#5362,.T.);
#5635=ADVANCED_FACE('',(#5023),#5363,.T.);
#5636=ADVANCED_FACE('',(#5024),#184,.F.);
#5637=ADVANCED_FACE('',(#5025),#5364,.F.);
#5638=ADVANCED_FACE('',(#5026),#185,.F.);
#5639=ADVANCED_FACE('',(#5027),#5365,.F.);
#5640=ADVANCED_FACE('',(#5028),#5366,.F.);
#5641=ADVANCED_FACE('',(#5029),#186,.F.);
#5642=ADVANCED_FACE('',(#5030),#5367,.F.);
#5643=ADVANCED_FACE('',(#5031),#187,.F.);
#5644=ADVANCED_FACE('',(#5032,#5033),#188,.F.);
#5645=ADVANCED_FACE('',(#5034),#5368,.F.);
#5646=ADVANCED_FACE('',(#5035),#5369,.T.);
#5647=ADVANCED_FACE('',(#5036),#5370,.T.);
#5648=ADVANCED_FACE('',(#5037),#5371,.F.);
#5649=ADVANCED_FACE('',(#5038),#5372,.T.);
#5650=ADVANCED_FACE('',(#5039),#5373,.T.);
#5651=ADVANCED_FACE('',(#5040),#189,.F.);
#5652=ADVANCED_FACE('',(#5041),#5374,.F.);
#5653=ADVANCED_FACE('',(#5042),#190,.F.);
#5654=ADVANCED_FACE('',(#5043),#5375,.F.);
#5655=ADVANCED_FACE('',(#5044),#5376,.F.);
#5656=ADVANCED_FACE('',(#5045),#191,.F.);
#5657=ADVANCED_FACE('',(#5046),#5377,.F.);
#5658=ADVANCED_FACE('',(#5047),#192,.F.);
#5659=ADVANCED_FACE('',(#5048,#5049),#193,.F.);
#5660=ADVANCED_FACE('',(#5050),#5378,.T.);
#5661=ADVANCED_FACE('',(#5051),#5379,.T.);
#5662=ADVANCED_FACE('',(#5052),#5380,.T.);
#5663=ADVANCED_FACE('',(#5053),#5381,.T.);
#5664=ADVANCED_FACE('',(#5054),#5382,.T.);
#5665=ADVANCED_FACE('',(#5055),#5383,.T.);
#5666=ADVANCED_FACE('',(#5056),#5384,.F.);
#5667=ADVANCED_FACE('',(#5057),#5385,.T.);
#5668=ADVANCED_FACE('',(#5058),#5386,.T.);
#5669=ADVANCED_FACE('',(#5059,#5060,#5061,#5062),#5387,.T.);
#5670=ADVANCED_FACE('',(#5063,#5064,#5065,#5066),#5388,.F.);
#5671=ADVANCED_FACE('',(#5067,#5068,#5069,#5070),#5389,.F.);
#5672=ADVANCED_FACE('',(#5071,#5072,#5073,#5074),#5390,.T.);
#5673=ADVANCED_FACE('',(#5075),#5391,.T.);
#5674=ADVANCED_FACE('',(#5076,#5077),#194,.F.);
#5675=ADVANCED_FACE('',(#5078,#5079),#195,.F.);
#5676=ADVANCED_FACE('',(#5080,#5081),#196,.F.);
#5677=ADVANCED_FACE('',(#5082,#5083),#197,.F.);
#5678=ADVANCED_FACE('',(#5084,#5085),#198,.F.);
#5679=ADVANCED_FACE('',(#5086,#5087),#199,.F.);
#5680=ADVANCED_FACE('',(#5088,#5089),#200,.T.);
#5681=ADVANCED_FACE('',(#5090,#5091),#5392,.F.);
#5682=ADVANCED_FACE('',(#5092,#5093),#5393,.T.);
#5683=ADVANCED_FACE('',(#5094,#5095),#201,.F.);
#5684=ADVANCED_FACE('',(#5096,#5097),#202,.T.);
#5685=ADVANCED_FACE('',(#5098),#5394,.T.);
#5686=ADVANCED_FACE('',(#5099),#5395,.T.);
#5687=ADVANCED_FACE('',(#5100,#5101),#5396,.F.);
#5688=ADVANCED_FACE('',(#5102,#5103),#203,.F.);
#5689=ADVANCED_FACE('',(#5104),#5397,.F.);
#5690=ADVANCED_FACE('',(#5105),#5398,.T.);
#5691=ADVANCED_FACE('',(#5106),#5399,.F.);
#5692=ADVANCED_FACE('',(#5107),#5400,.T.);
#5693=ADVANCED_FACE('',(#5108),#5401,.T.);
#5694=ADVANCED_FACE('',(#5109),#5402,.F.);
#5695=ADVANCED_FACE('',(#5110),#5403,.T.);
#5696=ADVANCED_FACE('',(#5111),#5404,.F.);
#5697=ADVANCED_FACE('',(#5112,#5113),#5405,.T.);
#5698=ADVANCED_FACE('',(#5114),#5406,.T.);
#5699=ADVANCED_FACE('',(#5115),#5407,.T.);
#5700=ADVANCED_FACE('',(#5116),#5408,.T.);
#5701=ADVANCED_FACE('',(#5117),#5409,.T.);
#5702=ADVANCED_FACE('',(#5118),#5410,.F.);
#5703=ADVANCED_FACE('',(#5119),#5411,.T.);
#5704=ADVANCED_FACE('',(#5120),#5412,.T.);
#5705=ADVANCED_FACE('',(#5121),#5413,.F.);
#5706=ADVANCED_FACE('',(#5122),#5414,.F.);
#5707=ADVANCED_FACE('',(#5123),#5415,.T.);
#5708=ADVANCED_FACE('',(#5124,#5125),#204,.T.);
#5709=ADVANCED_FACE('',(#5126,#5127),#5416,.T.);
#5710=ADVANCED_FACE('',(#5128,#5129),#5417,.F.);
#5711=ADVANCED_FACE('',(#5130,#5131),#205,.F.);
#5712=ADVANCED_FACE('',(#5132,#5133),#206,.T.);
#5713=ADVANCED_FACE('',(#5134),#5418,.T.);
#5714=ADVANCED_FACE('',(#5135),#5419,.T.);
#5715=ADVANCED_FACE('',(#5136,#5137),#5420,.F.);
#5716=ADVANCED_FACE('',(#5138,#5139),#207,.F.);
#5717=ADVANCED_FACE('',(#5140),#5421,.F.);
#5718=ADVANCED_FACE('',(#5141),#5422,.T.);
#5719=ADVANCED_FACE('',(#5142),#5423,.F.);
#5720=ADVANCED_FACE('',(#5143),#5424,.T.);
#5721=ADVANCED_FACE('',(#5144),#5425,.T.);
#5722=ADVANCED_FACE('',(#5145),#5426,.F.);
#5723=ADVANCED_FACE('',(#5146),#5427,.T.);
#5724=ADVANCED_FACE('',(#5147),#5428,.F.);
#5725=ADVANCED_FACE('',(#5148,#5149),#208,.T.);
#5726=ADVANCED_FACE('',(#5150),#5429,.T.);
#5727=ADVANCED_FACE('',(#5151),#5430,.T.);
#5728=ADVANCED_FACE('',(#5152,#5153),#5431,.F.);
#5729=ADVANCED_FACE('',(#5154,#5155),#209,.F.);
#5730=ADVANCED_FACE('',(#5156),#5432,.F.);
#5731=ADVANCED_FACE('',(#5157),#5433,.T.);
#5732=ADVANCED_FACE('',(#5158),#5434,.F.);
#5733=ADVANCED_FACE('',(#5159),#5435,.T.);
#5734=ADVANCED_FACE('',(#5160),#5436,.T.);
#5735=ADVANCED_FACE('',(#5161),#5437,.F.);
#5736=ADVANCED_FACE('',(#5162),#5438,.T.);
#5737=ADVANCED_FACE('',(#5163),#5439,.F.);
#5738=ADVANCED_FACE('',(#5164,#5165,#5166,#5167,#5168,#5169,#5170,#5171),
#210,.F.);
#5739=ADVANCED_FACE('',(#5172,#5173,#5174,#5175,#5176,#5177,#5178,#5179),
#211,.T.);
#5740=ADVANCED_FACE('',(#5180,#5181),#5440,.T.);
#5741=ADVANCED_FACE('',(#5182,#5183),#5441,.F.);
#5742=ADVANCED_FACE('',(#5184,#5185),#212,.F.);
#5743=ADVANCED_FACE('',(#5186,#5187),#213,.F.);
#5744=ADVANCED_FACE('',(#5188,#5189),#214,.F.);
#5745=ADVANCED_FACE('',(#5190,#5191),#215,.F.);
#5746=ADVANCED_FACE('',(#5192,#5193),#216,.F.);
#5747=ADVANCED_FACE('',(#5194,#5195),#217,.F.);
#5748=CLOSED_SHELL('',(#5442,#5443,#5444,#5445,#5446,#5447,#5448,#5449,
#5450,#5451,#5452));
#5749=CLOSED_SHELL('',(#5453,#5454,#5455,#5456,#5457,#5458,#5459,#5460,
#5461,#5462,#5463,#5464,#5465));
#5750=CLOSED_SHELL('',(#5466,#5467,#5468,#5469,#5470,#5471));
#5751=CLOSED_SHELL('',(#5472,#5473,#5474));
#5752=CLOSED_SHELL('',(#5475,#5476,#5477,#5478,#5479,#5480,#5481,#5482,
#5483,#5484,#5485,#5486,#5487,#5488,#5489,#5490));
#5753=CLOSED_SHELL('',(#5491,#5492,#5493,#5494,#5495,#5496,#5497));
#5754=CLOSED_SHELL('',(#5498,#5499,#5500,#5501,#5502,#5503,#5504,#5505,
#5506,#5507,#5508));
#5755=CLOSED_SHELL('',(#5509,#5510,#5511,#5512,#5513,#5514,#5515,#5516,
#5517,#5518,#5519));
#5756=CLOSED_SHELL('',(#5520,#5521,#5522,#5523,#5524,#5525,#5526,#5527,
#5528,#5529,#5530,#5531,#5532,#5533,#5534,#5535,#5536,#5537,#5538,#5539,
#5540,#5541,#5542,#5543,#5544,#5545,#5546,#5547,#5548,#5549,#5550,#5551,
#5552,#5553,#5554,#5555,#5556,#5557,#5558,#5559,#5560,#5561,#5562,#5563,
#5564,#5565,#5566,#5567,#5568,#5569,#5570,#5571,#5572,#5573,#5574,#5575,
#5576,#5577,#5578,#5579,#5580,#5581,#5582,#5583,#5584,#5585,#5586,#5587,
#5588,#5589,#5590,#5591,#5592,#5593,#5594,#5595,#5596,#5597,#5598,#5599,
#5600,#5601,#5602,#5603,#5604,#5605,#5606,#5607,#5608,#5609,#5610,#5611,
#5612,#5613,#5614,#5615,#5616,#5617,#5618,#5619,#5620,#5621,#5622,#5623,
#5624,#5625,#5626,#5627,#5628,#5629,#5630,#5631,#5632,#5633,#5634,#5635,
#5636,#5637,#5638,#5639,#5640,#5641,#5642,#5643,#5644,#5645,#5646,#5647,
#5648,#5649,#5650,#5651,#5652,#5653,#5654,#5655,#5656,#5657,#5658,#5659));
#5757=CLOSED_SHELL('',(#5660,#5661,#5662,#5663,#5664,#5665,#5666,#5667,
#5668,#5669,#5670,#5671,#5672,#5673,#5674,#5675,#5676,#5677,#5678,#5679));
#5758=CLOSED_SHELL('',(#5680,#5681,#5682,#5683));
#5759=CLOSED_SHELL('',(#5684,#5685,#5686,#5687,#5688,#5689,#5690,#5691,
#5692,#5693,#5694,#5695,#5696));
#5760=CLOSED_SHELL('',(#5697,#5698,#5699,#5700,#5701,#5702,#5703,#5704,
#5705,#5706,#5707));
#5761=CLOSED_SHELL('',(#5708,#5709,#5710,#5711));
#5762=CLOSED_SHELL('',(#5712,#5713,#5714,#5715,#5716,#5717,#5718,#5719,
#5720,#5721,#5722,#5723,#5724));
#5763=CLOSED_SHELL('',(#5725,#5726,#5727,#5728,#5729,#5730,#5731,#5732,
#5733,#5734,#5735,#5736,#5737));
#5764=CLOSED_SHELL('',(#5738,#5739,#5740,#5741,#5742,#5743,#5744,#5745,
#5746,#5747));
#5765=STYLED_ITEM('',(#5782),#5888);
#5766=STYLED_ITEM('',(#5783),#5889);
#5767=STYLED_ITEM('',(#5784),#5890);
#5768=STYLED_ITEM('',(#5785),#5891);
#5769=STYLED_ITEM('',(#5786),#5892);
#5770=STYLED_ITEM('',(#5787),#5893);
#5771=STYLED_ITEM('',(#5788),#5894);
#5772=STYLED_ITEM('',(#5789),#5895);
#5773=STYLED_ITEM('',(#5790),#5896);
#5774=STYLED_ITEM('',(#5791),#5897);
#5775=STYLED_ITEM('',(#5792),#5898);
#5776=STYLED_ITEM('',(#5793),#5899);
#5777=STYLED_ITEM('',(#5794),#5900);
#5778=STYLED_ITEM('',(#5795),#5901);
#5779=STYLED_ITEM('',(#5796),#5902);
#5780=STYLED_ITEM('',(#5797),#5903);
#5781=STYLED_ITEM('',(#5798),#5904);
#5782=PRESENTATION_STYLE_ASSIGNMENT((#5799));
#5783=PRESENTATION_STYLE_ASSIGNMENT((#5800));
#5784=PRESENTATION_STYLE_ASSIGNMENT((#5801));
#5785=PRESENTATION_STYLE_ASSIGNMENT((#5802));
#5786=PRESENTATION_STYLE_ASSIGNMENT((#5803));
#5787=PRESENTATION_STYLE_ASSIGNMENT((#5804));
#5788=PRESENTATION_STYLE_ASSIGNMENT((#5805));
#5789=PRESENTATION_STYLE_ASSIGNMENT((#5806));
#5790=PRESENTATION_STYLE_ASSIGNMENT((#5807));
#5791=PRESENTATION_STYLE_ASSIGNMENT((#5808));
#5792=PRESENTATION_STYLE_ASSIGNMENT((#5809));
#5793=PRESENTATION_STYLE_ASSIGNMENT((#5810));
#5794=PRESENTATION_STYLE_ASSIGNMENT((#5811));
#5795=PRESENTATION_STYLE_ASSIGNMENT((#5812));
#5796=PRESENTATION_STYLE_ASSIGNMENT((#5813));
#5797=PRESENTATION_STYLE_ASSIGNMENT((#5814));
#5798=PRESENTATION_STYLE_ASSIGNMENT((#5815));
#5799=SURFACE_STYLE_USAGE(.BOTH.,#5816);
#5800=SURFACE_STYLE_USAGE(.BOTH.,#5817);
#5801=SURFACE_STYLE_USAGE(.BOTH.,#5818);
#5802=SURFACE_STYLE_USAGE(.BOTH.,#5819);
#5803=SURFACE_STYLE_USAGE(.BOTH.,#5820);
#5804=SURFACE_STYLE_USAGE(.BOTH.,#5821);
#5805=SURFACE_STYLE_USAGE(.BOTH.,#5822);
#5806=SURFACE_STYLE_USAGE(.BOTH.,#5823);
#5807=SURFACE_STYLE_USAGE(.BOTH.,#5824);
#5808=SURFACE_STYLE_USAGE(.BOTH.,#5825);
#5809=SURFACE_STYLE_USAGE(.BOTH.,#5826);
#5810=SURFACE_STYLE_USAGE(.BOTH.,#5827);
#5811=SURFACE_STYLE_USAGE(.BOTH.,#5828);
#5812=SURFACE_STYLE_USAGE(.BOTH.,#5829);
#5813=SURFACE_STYLE_USAGE(.BOTH.,#5830);
#5814=SURFACE_STYLE_USAGE(.BOTH.,#5831);
#5815=SURFACE_STYLE_USAGE(.BOTH.,#5832);
#5816=SURFACE_SIDE_STYLE('',(#5833));
#5817=SURFACE_SIDE_STYLE('',(#5834));
#5818=SURFACE_SIDE_STYLE('',(#5835));
#5819=SURFACE_SIDE_STYLE('',(#5836));
#5820=SURFACE_SIDE_STYLE('',(#5837));
#5821=SURFACE_SIDE_STYLE('',(#5838));
#5822=SURFACE_SIDE_STYLE('',(#5839));
#5823=SURFACE_SIDE_STYLE('',(#5840));
#5824=SURFACE_SIDE_STYLE('',(#5841));
#5825=SURFACE_SIDE_STYLE('',(#5842));
#5826=SURFACE_SIDE_STYLE('',(#5843));
#5827=SURFACE_SIDE_STYLE('',(#5844));
#5828=SURFACE_SIDE_STYLE('',(#5845));
#5829=SURFACE_SIDE_STYLE('',(#5846));
#5830=SURFACE_SIDE_STYLE('',(#5847));
#5831=SURFACE_SIDE_STYLE('',(#5848));
#5832=SURFACE_SIDE_STYLE('',(#5849));
#5833=SURFACE_STYLE_FILL_AREA(#5850);
#5834=SURFACE_STYLE_FILL_AREA(#5851);
#5835=SURFACE_STYLE_FILL_AREA(#5852);
#5836=SURFACE_STYLE_FILL_AREA(#5853);
#5837=SURFACE_STYLE_FILL_AREA(#5854);
#5838=SURFACE_STYLE_FILL_AREA(#5855);
#5839=SURFACE_STYLE_FILL_AREA(#5856);
#5840=SURFACE_STYLE_FILL_AREA(#5857);
#5841=SURFACE_STYLE_FILL_AREA(#5858);
#5842=SURFACE_STYLE_FILL_AREA(#5859);
#5843=SURFACE_STYLE_FILL_AREA(#5860);
#5844=SURFACE_STYLE_FILL_AREA(#5861);
#5845=SURFACE_STYLE_FILL_AREA(#5862);
#5846=SURFACE_STYLE_FILL_AREA(#5863);
#5847=SURFACE_STYLE_FILL_AREA(#5864);
#5848=SURFACE_STYLE_FILL_AREA(#5865);
#5849=SURFACE_STYLE_FILL_AREA(#5866);
#5850=FILL_AREA_STYLE('',(#5867));
#5851=FILL_AREA_STYLE('',(#5868));
#5852=FILL_AREA_STYLE('',(#5869));
#5853=FILL_AREA_STYLE('',(#5870));
#5854=FILL_AREA_STYLE('',(#5871));
#5855=FILL_AREA_STYLE('',(#5872));
#5856=FILL_AREA_STYLE('',(#5873));
#5857=FILL_AREA_STYLE('',(#5874));
#5858=FILL_AREA_STYLE('',(#5875));
#5859=FILL_AREA_STYLE('',(#5876));
#5860=FILL_AREA_STYLE('',(#5877));
#5861=FILL_AREA_STYLE('',(#5878));
#5862=FILL_AREA_STYLE('',(#5879));
#5863=FILL_AREA_STYLE('',(#5880));
#5864=FILL_AREA_STYLE('',(#5881));
#5865=FILL_AREA_STYLE('',(#5882));
#5866=FILL_AREA_STYLE('',(#5883));
#5867=FILL_AREA_STYLE_COLOUR('',#5884);
#5868=FILL_AREA_STYLE_COLOUR('',#5885);
#5869=FILL_AREA_STYLE_COLOUR('',#5885);
#5870=FILL_AREA_STYLE_COLOUR('',#5884);
#5871=FILL_AREA_STYLE_COLOUR('',#5886);
#5872=FILL_AREA_STYLE_COLOUR('',#5886);
#5873=FILL_AREA_STYLE_COLOUR('',#5887);
#5874=FILL_AREA_STYLE_COLOUR('',#5887);
#5875=FILL_AREA_STYLE_COLOUR('',#5886);
#5876=FILL_AREA_STYLE_COLOUR('',#5886);
#5877=FILL_AREA_STYLE_COLOUR('',#5886);
#5878=FILL_AREA_STYLE_COLOUR('',#5887);
#5879=FILL_AREA_STYLE_COLOUR('',#5887);
#5880=FILL_AREA_STYLE_COLOUR('',#5886);
#5881=FILL_AREA_STYLE_COLOUR('',#5887);
#5882=FILL_AREA_STYLE_COLOUR('',#5887);
#5883=FILL_AREA_STYLE_COLOUR('',#5886);
#5884=COLOUR_RGB('',0.647058823529412,0.647058823529412,0.647058823529412);
#5885=COLOUR_RGB('',0.231372549019608,0.380392156862745,0.705882352941177);
#5886=COLOUR_RGB('',0.615686274509804,0.811764705882353,0.929411764705882);
#5887=COLOUR_RGB('',0.768627450980392,0.886274509803922,0.952941176470588);
#5888=MANIFOLD_SOLID_BREP('Canard panel 0 (+X)',#5748);
#5889=MANIFOLD_SOLID_BREP('Canard shaft 0 (+X)',#5749);
#5890=MANIFOLD_SOLID_BREP('Servo lower boss (keep-out)',#5750);
#5891=MANIFOLD_SOLID_BREP('Servo output spline (15T, 4 mm)',#5751);
#5892=MANIFOLD_SOLID_BREP('Servo retainer bar (8 off)',#5752);
#5893=MANIFOLD_SOLID_BREP('Aft gas seal (G-10, dia 74.8 x 4.8)',#5753);
#5894=MANIFOLD_SOLID_BREP('Canard panel 1 (+Y)',#5754);
#5895=MANIFOLD_SOLID_BREP('Canard panel 2 (-X)',#5755);
#5896=MANIFOLD_SOLID_BREP('Canard bay (printed, PETG-CF)',#5756);
#5897=MANIFOLD_SOLID_BREP('Servo case + flange (KST X08 Plus)',#5757);
#5898=MANIFOLD_SOLID_BREP('Hinge bearing (iglidur G, 6/8 x 6 plain)',#5758);
#5899=MANIFOLD_SOLID_BREP('Canard shaft 2 (-X)',#5759);
#5900=MANIFOLD_SOLID_BREP('Canard panel 3 (-Y)',#5760);
#5901=MANIFOLD_SOLID_BREP('Pass-through plate (G-10, dia 74.8 x 2.4)',#5761);
#5902=MANIFOLD_SOLID_BREP('Canard shaft 1 (+Y)',#5762);
#5903=MANIFOLD_SOLID_BREP('Canard shaft 3 (-Y)',#5763);
#5904=MANIFOLD_SOLID_BREP('Canard module tube',#5764);
#5905=SHAPE_DEFINITION_REPRESENTATION(#9833,#5923);
#5906=SHAPE_DEFINITION_REPRESENTATION(#9834,#5924);
#5907=SHAPE_DEFINITION_REPRESENTATION(#9836,#5925);
#5908=SHAPE_DEFINITION_REPRESENTATION(#9838,#5926);
#5909=SHAPE_DEFINITION_REPRESENTATION(#9840,#5927);
#5910=SHAPE_DEFINITION_REPRESENTATION(#9843,#5928);
#5911=SHAPE_DEFINITION_REPRESENTATION(#9845,#5929);
#5912=SHAPE_DEFINITION_REPRESENTATION(#9847,#5930);
#5913=SHAPE_DEFINITION_REPRESENTATION(#9849,#5931);
#5914=SHAPE_DEFINITION_REPRESENTATION(#9852,#5932);
#5915=SHAPE_DEFINITION_REPRESENTATION(#9854,#5933);
#5916=SHAPE_DEFINITION_REPRESENTATION(#9857,#5934);
#5917=SHAPE_DEFINITION_REPRESENTATION(#9859,#5935);
#5918=SHAPE_DEFINITION_REPRESENTATION(#9861,#5936);
#5919=SHAPE_DEFINITION_REPRESENTATION(#9872,#5937);
#5920=SHAPE_DEFINITION_REPRESENTATION(#9876,#5938);
#5921=SHAPE_DEFINITION_REPRESENTATION(#9882,#5939);
#5922=SHAPE_DEFINITION_REPRESENTATION(#9885,#5940);
#5923=SHAPE_REPRESENTATION('Assembly 1',(#5941,#5953,#5974,#5981,#5987,
#5988,#6009,#6027,#6039,#6051,#6052,#6253,#6286,#6287,#6296,#6317,#6329,
#6330,#6331,#6332,#6333,#6334,#6335,#6336,#6337,#6338,#6347,#6348,#6349,
#6370,#6371,#6372,#6373,#6374,#6395,#6396,#6411),#9794);
#5924=SHAPE_REPRESENTATION('Canard panel 0 (+X)',(#5941),#9795);
#5925=SHAPE_REPRESENTATION('Canard shaft 0 (+X)',(#5941),#9796);
#5926=SHAPE_REPRESENTATION('Servo lower boss (keep-out)',(#5941),#9797);
#5927=SHAPE_REPRESENTATION('Servo output spline (15T, 4 mm)',(#5941),#9798);
#5928=SHAPE_REPRESENTATION('Servo retainer bar (8 off)',(#5941),#9799);
#5929=SHAPE_REPRESENTATION('Aft gas seal (G-10, dia 74.8 x 4.8)',(#5941),
#9800);
#5930=SHAPE_REPRESENTATION('Canard panel 1 (+Y)',(#5941),#9801);
#5931=SHAPE_REPRESENTATION('Canard panel 2 (-X)',(#5941),#9802);
#5932=SHAPE_REPRESENTATION('Canard bay (printed, PETG-CF)',(#5941),#9803);
#5933=SHAPE_REPRESENTATION('Servo case + flange (KST X08 Plus)',(#5941),
#9804);
#5934=SHAPE_REPRESENTATION('Hinge bearing (iglidur G, 6/8 x 6 plain)',(#5941),
#9805);
#5935=SHAPE_REPRESENTATION('Canard shaft 2 (-X)',(#5941),#9806);
#5936=SHAPE_REPRESENTATION('Canard panel 3 (-Y)',(#5941),#9807);
#5937=SHAPE_REPRESENTATION('Pass-through plate (G-10, dia 74.8 x 2.4)',
(#5941),#9808);
#5938=SHAPE_REPRESENTATION('Canard shaft 1 (+Y)',(#5941),#9809);
#5939=SHAPE_REPRESENTATION('Canard shaft 3 (-Y)',(#5941),#9810);
#5940=SHAPE_REPRESENTATION('Canard module tube',(#5941),#9811);
#5941=AXIS2_PLACEMENT_3D('',#7950,#6412,#6413);
#5942=AXIS2_PLACEMENT_3D('',#7951,#6414,#6415);
#5943=AXIS2_PLACEMENT_3D('',#7968,#6424,#6425);
#5944=AXIS2_PLACEMENT_3D('',#7974,#6429,#6430);
#5945=AXIS2_PLACEMENT_3D('',#7980,#6434,#6435);
#5946=AXIS2_PLACEMENT_3D('',#7983,#6438,#6439);
#5947=AXIS2_PLACEMENT_3D('',#7984,#6440,#6441);
#5948=AXIS2_PLACEMENT_3D('',#7985,#6442,#6443);
#5949=AXIS2_PLACEMENT_3D('',#7991,#6447,#6448);
#5950=AXIS2_PLACEMENT_3D('',#7997,#6452,#6453);
#5951=AXIS2_PLACEMENT_3D('',#8000,#6456,#6457);
#5952=AXIS2_PLACEMENT_3D('',#8001,#6458,#6459);
#5953=AXIS2_PLACEMENT_3D('',#8002,#6460,#6461);
#5954=AXIS2_PLACEMENT_3D('',#8003,#6462,#6463);
#5955=AXIS2_PLACEMENT_3D('',#8004,#6464,#6465);
#5956=AXIS2_PLACEMENT_3D('',#8009,#6467,#6468);
#5957=AXIS2_PLACEMENT_3D('',#8013,#6470,#6471);
#5958=AXIS2_PLACEMENT_3D('',#8017,#6473,#6474);
#5959=AXIS2_PLACEMENT_3D('',#8021,#6476,#6477);
#5960=AXIS2_PLACEMENT_3D('',#8022,#6478,#6479);
#5961=AXIS2_PLACEMENT_3D('',#8024,#6481,#6482);
#5962=AXIS2_PLACEMENT_3D('',#8026,#6484,#6485);
#5963=AXIS2_PLACEMENT_3D('',#8027,#6486,#6487);
#5964=AXIS2_PLACEMENT_3D('',#8029,#6488,#6489);
#5965=AXIS2_PLACEMENT_3D('',#8030,#6490,#6491);
#5966=AXIS2_PLACEMENT_3D('',#8032,#6492,#6493);
#5967=AXIS2_PLACEMENT_3D('',#8033,#6494,#6495);
#5968=AXIS2_PLACEMENT_3D('',#8039,#6499,#6500);
#5969=AXIS2_PLACEMENT_3D('',#8047,#6505,#6506);
#5970=AXIS2_PLACEMENT_3D('',#8055,#6511,#6512);
#5971=AXIS2_PLACEMENT_3D('',#8057,#6514,#6515);
#5972=AXIS2_PLACEMENT_3D('',#8060,#6518,#6519);
#5973=AXIS2_PLACEMENT_3D('',#8061,#6520,#6521);
#5974=AXIS2_PLACEMENT_3D('',#8062,#6522,#6523);
#5975=AXIS2_PLACEMENT_3D('',#8063,#6524,#6525);
#5976=AXIS2_PLACEMENT_3D('',#8072,#6530,#6531);
#5977=AXIS2_PLACEMENT_3D('',#8078,#6535,#6536);
#5978=AXIS2_PLACEMENT_3D('',#8084,#6540,#6541);
#5979=AXIS2_PLACEMENT_3D('',#8087,#6544,#6545);
#5980=AXIS2_PLACEMENT_3D('',#8088,#6546,#6547);
#5981=AXIS2_PLACEMENT_3D('',#8089,#6548,#6549);
#5982=AXIS2_PLACEMENT_3D('',#8090,#6550,#6551);
#5983=AXIS2_PLACEMENT_3D('',#8091,#6552,#6553);
#5984=AXIS2_PLACEMENT_3D('',#8093,#6554,#6555);
#5985=AXIS2_PLACEMENT_3D('',#8095,#6556,#6557);
#5986=AXIS2_PLACEMENT_3D('',#8096,#6558,#6559);
#5987=AXIS2_PLACEMENT_3D('',#8097,#6560,#6561);
#5988=AXIS2_PLACEMENT_3D('',#8098,#6562,#6563);
#5989=AXIS2_PLACEMENT_3D('',#8099,#6564,#6565);
#5990=AXIS2_PLACEMENT_3D('',#8100,#6566,#6567);
#5991=AXIS2_PLACEMENT_3D('',#8102,#6568,#6569);
#5992=AXIS2_PLACEMENT_3D('',#8128,#6582,#6583);
#5993=AXIS2_PLACEMENT_3D('',#8129,#6584,#6585);
#5994=AXIS2_PLACEMENT_3D('',#8131,#6586,#6587);
#5995=AXIS2_PLACEMENT_3D('',#8157,#6600,#6601);
#5996=AXIS2_PLACEMENT_3D('',#8160,#6604,#6605);
#5997=AXIS2_PLACEMENT_3D('',#8163,#6608,#6609);
#5998=AXIS2_PLACEMENT_3D('',#8165,#6611,#6612);
#5999=AXIS2_PLACEMENT_3D('',#8167,#6614,#6615);
#6000=AXIS2_PLACEMENT_3D('',#8170,#6618,#6619);
#6001=AXIS2_PLACEMENT_3D('',#8171,#6620,#6621);
#6002=AXIS2_PLACEMENT_3D('',#8172,#6622,#6623);
#6003=AXIS2_PLACEMENT_3D('',#8174,#6625,#6626);
#6004=AXIS2_PLACEMENT_3D('',#8177,#6629,#6630);
#6005=AXIS2_PLACEMENT_3D('',#8179,#6632,#6633);
#6006=AXIS2_PLACEMENT_3D('',#8180,#6634,#6635);
#6007=AXIS2_PLACEMENT_3D('',#8181,#6636,#6637);
#6008=AXIS2_PLACEMENT_3D('',#8182,#6638,#6639);
#6009=AXIS2_PLACEMENT_3D('',#8183,#6640,#6641);
#6010=AXIS2_PLACEMENT_3D('',#8184,#6642,#6643);
#6011=AXIS2_PLACEMENT_3D('',#8185,#6644,#6645);
#6012=AXIS2_PLACEMENT_3D('',#8187,#6646,#6647);
#6013=AXIS2_PLACEMENT_3D('',#8189,#6648,#6649);
#6014=AXIS2_PLACEMENT_3D('',#8190,#6650,#6651);
#6015=AXIS2_PLACEMENT_3D('',#8192,#6652,#6653);
#6016=AXIS2_PLACEMENT_3D('',#8194,#6654,#6655);
#6017=AXIS2_PLACEMENT_3D('',#8196,#6656,#6657);
#6018=AXIS2_PLACEMENT_3D('',#8198,#6658,#6659);
#6019=AXIS2_PLACEMENT_3D('',#8199,#6660,#6661);
#6020=AXIS2_PLACEMENT_3D('',#8201,#6662,#6663);
#6021=AXIS2_PLACEMENT_3D('',#8203,#6664,#6665);
#6022=AXIS2_PLACEMENT_3D('',#8205,#6666,#6667);
#6023=AXIS2_PLACEMENT_3D('',#8207,#6668,#6669);
#6024=AXIS2_PLACEMENT_3D('',#8208,#6670,#6671);
#6025=AXIS2_PLACEMENT_3D('',#8209,#6672,#6673);
#6026=AXIS2_PLACEMENT_3D('',#8210,#6674,#6675);
#6027=AXIS2_PLACEMENT_3D('',#8211,#6676,#6677);
#6028=AXIS2_PLACEMENT_3D('',#8212,#6678,#6679);
#6029=AXIS2_PLACEMENT_3D('',#8229,#6688,#6689);
#6030=AXIS2_PLACEMENT_3D('',#8235,#6693,#6694);
#6031=AXIS2_PLACEMENT_3D('',#8241,#6698,#6699);
#6032=AXIS2_PLACEMENT_3D('',#8244,#6702,#6703);
#6033=AXIS2_PLACEMENT_3D('',#8245,#6704,#6705);
#6034=AXIS2_PLACEMENT_3D('',#8246,#6706,#6707);
#6035=AXIS2_PLACEMENT_3D('',#8252,#6711,#6712);
#6036=AXIS2_PLACEMENT_3D('',#8258,#6716,#6717);
#6037=AXIS2_PLACEMENT_3D('',#8261,#6720,#6721);
#6038=AXIS2_PLACEMENT_3D('',#8262,#6722,#6723);
#6039=AXIS2_PLACEMENT_3D('',#8263,#6724,#6725);
#6040=AXIS2_PLACEMENT_3D('',#8264,#6726,#6727);
#6041=AXIS2_PLACEMENT_3D('',#8281,#6736,#6737);
#6042=AXIS2_PLACEMENT_3D('',#8287,#6741,#6742);
#6043=AXIS2_PLACEMENT_3D('',#8293,#6746,#6747);
#6044=AXIS2_PLACEMENT_3D('',#8296,#6750,#6751);
#6045=AXIS2_PLACEMENT_3D('',#8297,#6752,#6753);
#6046=AXIS2_PLACEMENT_3D('',#8298,#6754,#6755);
#6047=AXIS2_PLACEMENT_3D('',#8304,#6759,#6760);
#6048=AXIS2_PLACEMENT_3D('',#8310,#6764,#6765);
#6049=AXIS2_PLACEMENT_3D('',#8313,#6768,#6769);
#6050=AXIS2_PLACEMENT_3D('',#8314,#6770,#6771);
#6051=AXIS2_PLACEMENT_3D('',#8315,#6772,#6773);
#6052=AXIS2_PLACEMENT_3D('',#8316,#6774,#6775);
#6053=AXIS2_PLACEMENT_3D('',#8317,#6776,#6777);
#6054=AXIS2_PLACEMENT_3D('',#8318,#6778,#6779);
#6055=AXIS2_PLACEMENT_3D('',#8320,#6780,#6781);
#6056=AXIS2_PLACEMENT_3D('',#8370,#6782,#6783);
#6057=AXIS2_PLACEMENT_3D('',#8384,#6790,#6791);
#6058=AXIS2_PLACEMENT_3D('',#8392,#6795,#6796);
#6059=AXIS2_PLACEMENT_3D('',#8411,#6806,#6807);
#6060=AXIS2_PLACEMENT_3D('',#8419,#6811,#6812);
#6061=AXIS2_PLACEMENT_3D('',#8427,#6816,#6817);
#6062=AXIS2_PLACEMENT_3D('',#8452,#6830,#6831);
#6063=AXIS2_PLACEMENT_3D('',#8461,#6836,#6837);
#6064=AXIS2_PLACEMENT_3D('',#8472,#6844,#6845);
#6065=AXIS2_PLACEMENT_3D('',#8473,#6846,#6847);
#6066=AXIS2_PLACEMENT_3D('',#8479,#6851,#6852);
#6067=AXIS2_PLACEMENT_3D('',#8480,#6853,#6854);
#6068=AXIS2_PLACEMENT_3D('',#8486,#6858,#6859);
#6069=AXIS2_PLACEMENT_3D('',#8489,#6862,#6863);
#6070=AXIS2_PLACEMENT_3D('',#8490,#6864,#6865);
#6071=AXIS2_PLACEMENT_3D('',#8496,#6869,#6870);
#6072=AXIS2_PLACEMENT_3D('',#8497,#6871,#6872);
#6073=AXIS2_PLACEMENT_3D('',#8503,#6876,#6877);
#6074=AXIS2_PLACEMENT_3D('',#8506,#6880,#6881);
#6075=AXIS2_PLACEMENT_3D('',#8520,#6888,#6889);
#6076=AXIS2_PLACEMENT_3D('',#8528,#6893,#6894);
#6077=AXIS2_PLACEMENT_3D('',#8547,#6904,#6905);
#6078=AXIS2_PLACEMENT_3D('',#8555,#6909,#6910);
#6079=AXIS2_PLACEMENT_3D('',#8563,#6914,#6915);
#6080=AXIS2_PLACEMENT_3D('',#8588,#6928,#6929);
#6081=AXIS2_PLACEMENT_3D('',#8597,#6934,#6935);
#6082=AXIS2_PLACEMENT_3D('',#8608,#6942,#6943);
#6083=AXIS2_PLACEMENT_3D('',#8609,#6944,#6945);
#6084=AXIS2_PLACEMENT_3D('',#8615,#6949,#6950);
#6085=AXIS2_PLACEMENT_3D('',#8616,#6951,#6952);
#6086=AXIS2_PLACEMENT_3D('',#8622,#6956,#6957);
#6087=AXIS2_PLACEMENT_3D('',#8625,#6960,#6961);
#6088=AXIS2_PLACEMENT_3D('',#8626,#6962,#6963);
#6089=AXIS2_PLACEMENT_3D('',#8632,#6967,#6968);
#6090=AXIS2_PLACEMENT_3D('',#8633,#6969,#6970);
#6091=AXIS2_PLACEMENT_3D('',#8639,#6974,#6975);
#6092=AXIS2_PLACEMENT_3D('',#8642,#6978,#6979);
#6093=AXIS2_PLACEMENT_3D('',#8660,#6988,#6989);
#6094=AXIS2_PLACEMENT_3D('',#8668,#6993,#6994);
#6095=AXIS2_PLACEMENT_3D('',#8683,#7002,#7003);
#6096=AXIS2_PLACEMENT_3D('',#8703,#7013,#7014);
#6097=AXIS2_PLACEMENT_3D('',#8711,#7018,#7019);
#6098=AXIS2_PLACEMENT_3D('',#8724,#7026,#7027);
#6099=AXIS2_PLACEMENT_3D('',#8733,#7032,#7033);
#6100=AXIS2_PLACEMENT_3D('',#8744,#7040,#7041);
#6101=AXIS2_PLACEMENT_3D('',#8750,#7045,#7046);
#6102=AXIS2_PLACEMENT_3D('',#8751,#7047,#7048);
#6103=AXIS2_PLACEMENT_3D('',#8757,#7052,#7053);
#6104=AXIS2_PLACEMENT_3D('',#8760,#7055,#7056);
#6105=AXIS2_PLACEMENT_3D('',#8764,#7059,#7060);
#6106=AXIS2_PLACEMENT_3D('',#8770,#7064,#7065);
#6107=AXIS2_PLACEMENT_3D('',#8784,#7072,#7073);
#6108=AXIS2_PLACEMENT_3D('',#8792,#7077,#7078);
#6109=AXIS2_PLACEMENT_3D('',#8811,#7088,#7089);
#6110=AXIS2_PLACEMENT_3D('',#8819,#7093,#7094);
#6111=AXIS2_PLACEMENT_3D('',#8827,#7098,#7099);
#6112=AXIS2_PLACEMENT_3D('',#8852,#7112,#7113);
#6113=AXIS2_PLACEMENT_3D('',#8861,#7118,#7119);
#6114=AXIS2_PLACEMENT_3D('',#8872,#7126,#7127);
#6115=AXIS2_PLACEMENT_3D('',#8873,#7128,#7129);
#6116=AXIS2_PLACEMENT_3D('',#8879,#7133,#7134);
#6117=AXIS2_PLACEMENT_3D('',#8885,#7138,#7139);
#6118=AXIS2_PLACEMENT_3D('',#8886,#7140,#7141);
#6119=AXIS2_PLACEMENT_3D('',#8892,#7145,#7146);
#6120=AXIS2_PLACEMENT_3D('',#8893,#7147,#7148);
#6121=AXIS2_PLACEMENT_3D('',#8899,#7152,#7153);
#6122=AXIS2_PLACEMENT_3D('',#8902,#7156,#7157);
#6123=AXIS2_PLACEMENT_3D('',#8951,#7166,#7167);
#6124=AXIS2_PLACEMENT_3D('',#8953,#7168,#7169);
#6125=AXIS2_PLACEMENT_3D('',#9003,#7178,#7179);
#6126=AXIS2_PLACEMENT_3D('',#9004,#7180,#7181);
#6127=AXIS2_PLACEMENT_3D('',#9005,#7182,#7183);
#6128=AXIS2_PLACEMENT_3D('',#9006,#7184,#7185);
#6129=AXIS2_PLACEMENT_3D('',#9008,#7186,#7187);
#6130=AXIS2_PLACEMENT_3D('',#9009,#7188,#7189);
#6131=AXIS2_PLACEMENT_3D('',#9011,#7190,#7191);
#6132=AXIS2_PLACEMENT_3D('',#9020,#7196,#7197);
#6133=AXIS2_PLACEMENT_3D('',#9021,#7198,#7199);
#6134=AXIS2_PLACEMENT_3D('',#9024,#7202,#7203);
#6135=AXIS2_PLACEMENT_3D('',#9025,#7204,#7205);
#6136=AXIS2_PLACEMENT_3D('',#9026,#7206,#7207);
#6137=AXIS2_PLACEMENT_3D('',#9028,#7209,#7210);
#6138=AXIS2_PLACEMENT_3D('',#9030,#7212,#7213);
#6139=AXIS2_PLACEMENT_3D('',#9031,#7214,#7215);
#6140=AXIS2_PLACEMENT_3D('',#9033,#7216,#7217);
#6141=AXIS2_PLACEMENT_3D('',#9034,#7218,#7219);
#6142=AXIS2_PLACEMENT_3D('',#9036,#7220,#7221);
#6143=AXIS2_PLACEMENT_3D('',#9045,#7226,#7227);
#6144=AXIS2_PLACEMENT_3D('',#9046,#7228,#7229);
#6145=AXIS2_PLACEMENT_3D('',#9049,#7232,#7233);
#6146=AXIS2_PLACEMENT_3D('',#9050,#7234,#7235);
#6147=AXIS2_PLACEMENT_3D('',#9051,#7236,#7237);
#6148=AXIS2_PLACEMENT_3D('',#9053,#7239,#7240);
#6149=AXIS2_PLACEMENT_3D('',#9055,#7242,#7243);
#6150=AXIS2_PLACEMENT_3D('',#9056,#7244,#7245);
#6151=AXIS2_PLACEMENT_3D('',#9058,#7246,#7247);
#6152=AXIS2_PLACEMENT_3D('',#9059,#7248,#7249);
#6153=AXIS2_PLACEMENT_3D('',#9061,#7250,#7251);
#6154=AXIS2_PLACEMENT_3D('',#9070,#7256,#7257);
#6155=AXIS2_PLACEMENT_3D('',#9073,#7260,#7261);
#6156=AXIS2_PLACEMENT_3D('',#9076,#7264,#7265);
#6157=AXIS2_PLACEMENT_3D('',#9077,#7266,#7267);
#6158=AXIS2_PLACEMENT_3D('',#9078,#7268,#7269);
#6159=AXIS2_PLACEMENT_3D('',#9080,#7271,#7272);
#6160=AXIS2_PLACEMENT_3D('',#9081,#7273,#7274);
#6161=AXIS2_PLACEMENT_3D('',#9083,#7276,#7277);
#6162=AXIS2_PLACEMENT_3D('',#9085,#7279,#7280);
#6163=AXIS2_PLACEMENT_3D('',#9086,#7281,#7282);
#6164=AXIS2_PLACEMENT_3D('',#9088,#7284,#7285);
#6165=AXIS2_PLACEMENT_3D('',#9089,#7286,#7287);
#6166=AXIS2_PLACEMENT_3D('',#9091,#7288,#7289);
#6167=AXIS2_PLACEMENT_3D('',#9092,#7290,#7291);
#6168=AXIS2_PLACEMENT_3D('',#9094,#7292,#7293);
#6169=AXIS2_PLACEMENT_3D('',#9103,#7298,#7299);
#6170=AXIS2_PLACEMENT_3D('',#9105,#7301,#7302);
#6171=AXIS2_PLACEMENT_3D('',#9108,#7305,#7306);
#6172=AXIS2_PLACEMENT_3D('',#9109,#7307,#7308);
#6173=AXIS2_PLACEMENT_3D('',#9110,#7309,#7310);
#6174=AXIS2_PLACEMENT_3D('',#9112,#7312,#7313);
#6175=AXIS2_PLACEMENT_3D('',#9113,#7314,#7315);
#6176=AXIS2_PLACEMENT_3D('',#9115,#7317,#7318);
#6177=AXIS2_PLACEMENT_3D('',#9117,#7320,#7321);
#6178=AXIS2_PLACEMENT_3D('',#9124,#7326,#7327);
#6179=AXIS2_PLACEMENT_3D('',#9131,#7332,#7333);
#6180=AXIS2_PLACEMENT_3D('',#9133,#7335,#7336);
#6181=AXIS2_PLACEMENT_3D('',#9135,#7338,#7339);
#6182=AXIS2_PLACEMENT_3D('',#9136,#7340,#7341);
#6183=AXIS2_PLACEMENT_3D('',#9137,#7342,#7343);
#6184=AXIS2_PLACEMENT_3D('',#9138,#7344,#7345);
#6185=AXIS2_PLACEMENT_3D('',#9139,#7346,#7347);
#6186=AXIS2_PLACEMENT_3D('',#9140,#7348,#7349);
#6187=AXIS2_PLACEMENT_3D('',#9141,#7350,#7351);
#6188=AXIS2_PLACEMENT_3D('',#9142,#7352,#7353);
#6189=AXIS2_PLACEMENT_3D('',#9143,#7354,#7355);
#6190=AXIS2_PLACEMENT_3D('',#9144,#7356,#7357);
#6191=AXIS2_PLACEMENT_3D('',#9145,#7358,#7359);
#6192=AXIS2_PLACEMENT_3D('',#9146,#7360,#7361);
#6193=AXIS2_PLACEMENT_3D('',#9147,#7362,#7363);
#6194=AXIS2_PLACEMENT_3D('',#9148,#7364,#7365);
#6195=AXIS2_PLACEMENT_3D('',#9149,#7366,#7367);
#6196=AXIS2_PLACEMENT_3D('',#9150,#7368,#7369);
#6197=AXIS2_PLACEMENT_3D('',#9157,#7374,#7375);
#6198=AXIS2_PLACEMENT_3D('',#9164,#7380,#7381);
#6199=AXIS2_PLACEMENT_3D('',#9166,#7383,#7384);
#6200=AXIS2_PLACEMENT_3D('',#9168,#7386,#7387);
#6201=AXIS2_PLACEMENT_3D('',#9169,#7388,#7389);
#6202=AXIS2_PLACEMENT_3D('',#9170,#7390,#7391);
#6203=AXIS2_PLACEMENT_3D('',#9171,#7392,#7393);
#6204=AXIS2_PLACEMENT_3D('',#9172,#7394,#7395);
#6205=AXIS2_PLACEMENT_3D('',#9173,#7396,#7397);
#6206=AXIS2_PLACEMENT_3D('',#9174,#7398,#7399);
#6207=AXIS2_PLACEMENT_3D('',#9175,#7400,#7401);
#6208=AXIS2_PLACEMENT_3D('',#9176,#7402,#7403);
#6209=AXIS2_PLACEMENT_3D('',#9177,#7404,#7405);
#6210=AXIS2_PLACEMENT_3D('',#9178,#7406,#7407);
#6211=AXIS2_PLACEMENT_3D('',#9179,#7408,#7409);
#6212=AXIS2_PLACEMENT_3D('',#9180,#7410,#7411);
#6213=AXIS2_PLACEMENT_3D('',#9181,#7412,#7413);
#6214=AXIS2_PLACEMENT_3D('',#9182,#7414,#7415);
#6215=AXIS2_PLACEMENT_3D('',#9183,#7416,#7417);
#6216=AXIS2_PLACEMENT_3D('',#9190,#7422,#7423);
#6217=AXIS2_PLACEMENT_3D('',#9197,#7428,#7429);
#6218=AXIS2_PLACEMENT_3D('',#9199,#7431,#7432);
#6219=AXIS2_PLACEMENT_3D('',#9201,#7434,#7435);
#6220=AXIS2_PLACEMENT_3D('',#9202,#7436,#7437);
#6221=AXIS2_PLACEMENT_3D('',#9203,#7438,#7439);
#6222=AXIS2_PLACEMENT_3D('',#9204,#7440,#7441);
#6223=AXIS2_PLACEMENT_3D('',#9205,#7442,#7443);
#6224=AXIS2_PLACEMENT_3D('',#9206,#7444,#7445);
#6225=AXIS2_PLACEMENT_3D('',#9207,#7446,#7447);
#6226=AXIS2_PLACEMENT_3D('',#9208,#7448,#7449);
#6227=AXIS2_PLACEMENT_3D('',#9209,#7450,#7451);
#6228=AXIS2_PLACEMENT_3D('',#9210,#7452,#7453);
#6229=AXIS2_PLACEMENT_3D('',#9211,#7454,#7455);
#6230=AXIS2_PLACEMENT_3D('',#9212,#7456,#7457);
#6231=AXIS2_PLACEMENT_3D('',#9213,#7458,#7459);
#6232=AXIS2_PLACEMENT_3D('',#9214,#7460,#7461);
#6233=AXIS2_PLACEMENT_3D('',#9215,#7462,#7463);
#6234=AXIS2_PLACEMENT_3D('',#9216,#7464,#7465);
#6235=AXIS2_PLACEMENT_3D('',#9223,#7470,#7471);
#6236=AXIS2_PLACEMENT_3D('',#9230,#7476,#7477);
#6237=AXIS2_PLACEMENT_3D('',#9232,#7479,#7480);
#6238=AXIS2_PLACEMENT_3D('',#9234,#7482,#7483);
#6239=AXIS2_PLACEMENT_3D('',#9235,#7484,#7485);
#6240=AXIS2_PLACEMENT_3D('',#9236,#7486,#7487);
#6241=AXIS2_PLACEMENT_3D('',#9237,#7488,#7489);
#6242=AXIS2_PLACEMENT_3D('',#9238,#7490,#7491);
#6243=AXIS2_PLACEMENT_3D('',#9239,#7492,#7493);
#6244=AXIS2_PLACEMENT_3D('',#9240,#7494,#7495);
#6245=AXIS2_PLACEMENT_3D('',#9241,#7496,#7497);
#6246=AXIS2_PLACEMENT_3D('',#9242,#7498,#7499);
#6247=AXIS2_PLACEMENT_3D('',#9243,#7500,#7501);
#6248=AXIS2_PLACEMENT_3D('',#9244,#7502,#7503);
#6249=AXIS2_PLACEMENT_3D('',#9245,#7504,#7505);
#6250=AXIS2_PLACEMENT_3D('',#9246,#7506,#7507);
#6251=AXIS2_PLACEMENT_3D('',#9247,#7508,#7509);
#6252=AXIS2_PLACEMENT_3D('',#9248,#7510,#7511);
#6253=AXIS2_PLACEMENT_3D('',#9249,#7512,#7513);
#6254=AXIS2_PLACEMENT_3D('',#9250,#7514,#7515);
#6255=AXIS2_PLACEMENT_3D('',#9259,#7520,#7521);
#6256=AXIS2_PLACEMENT_3D('',#9268,#7526,#7527);
#6257=AXIS2_PLACEMENT_3D('',#9277,#7532,#7533);
#6258=AXIS2_PLACEMENT_3D('',#9293,#7543,#7544);
#6259=AXIS2_PLACEMENT_3D('',#9299,#7548,#7549);
#6260=AXIS2_PLACEMENT_3D('',#9312,#7558,#7559);
#6261=AXIS2_PLACEMENT_3D('',#9313,#7560,#7561);
#6262=AXIS2_PLACEMENT_3D('',#9314,#7562,#7563);
#6263=AXIS2_PLACEMENT_3D('',#9317,#7566,#7567);
#6264=AXIS2_PLACEMENT_3D('',#9318,#7568,#7569);
#6265=AXIS2_PLACEMENT_3D('',#9320,#7570,#7571);
#6266=AXIS2_PLACEMENT_3D('',#9322,#7572,#7573);
#6267=AXIS2_PLACEMENT_3D('',#9324,#7574,#7575);
#6268=AXIS2_PLACEMENT_3D('',#9325,#7576,#7577);
#6269=AXIS2_PLACEMENT_3D('',#9327,#7578,#7579);
#6270=AXIS2_PLACEMENT_3D('',#9329,#7580,#7581);
#6271=AXIS2_PLACEMENT_3D('',#9331,#7582,#7583);
#6272=AXIS2_PLACEMENT_3D('',#9332,#7584,#7585);
#6273=AXIS2_PLACEMENT_3D('',#9334,#7586,#7587);
#6274=AXIS2_PLACEMENT_3D('',#9336,#7588,#7589);
#6275=AXIS2_PLACEMENT_3D('',#9339,#7591,#7592);
#6276=AXIS2_PLACEMENT_3D('',#9340,#7593,#7594);
#6277=AXIS2_PLACEMENT_3D('',#9342,#7595,#7596);
#6278=AXIS2_PLACEMENT_3D('',#9344,#7597,#7598);
#6279=AXIS2_PLACEMENT_3D('',#9347,#7600,#7601);
#6280=AXIS2_PLACEMENT_3D('',#9348,#7602,#7603);
#6281=AXIS2_PLACEMENT_3D('',#9349,#7604,#7605);
#6282=AXIS2_PLACEMENT_3D('',#9350,#7606,#7607);
#6283=AXIS2_PLACEMENT_3D('',#9351,#7608,#7609);
#6284=AXIS2_PLACEMENT_3D('',#9352,#7610,#7611);
#6285=AXIS2_PLACEMENT_3D('',#9353,#7612,#7613);
#6286=AXIS2_PLACEMENT_3D('',#9354,#7614,#7615);
#6287=AXIS2_PLACEMENT_3D('',#9355,#7616,#7617);
#6288=AXIS2_PLACEMENT_3D('',#9356,#7618,#7619);
#6289=AXIS2_PLACEMENT_3D('',#9357,#7620,#7621);
#6290=AXIS2_PLACEMENT_3D('',#9359,#7622,#7623);
#6291=AXIS2_PLACEMENT_3D('',#9361,#7624,#7625);
#6292=AXIS2_PLACEMENT_3D('',#9362,#7626,#7627);
#6293=AXIS2_PLACEMENT_3D('',#9364,#7628,#7629);
#6294=AXIS2_PLACEMENT_3D('',#9365,#7630,#7631);
#6295=AXIS2_PLACEMENT_3D('',#9367,#7632,#7633);
#6296=AXIS2_PLACEMENT_3D('',#9368,#7634,#7635);
#6297=AXIS2_PLACEMENT_3D('',#9369,#7636,#7637);
#6298=AXIS2_PLACEMENT_3D('',#9370,#7638,#7639);
#6299=AXIS2_PLACEMENT_3D('',#9375,#7641,#7642);
#6300=AXIS2_PLACEMENT_3D('',#9379,#7644,#7645);
#6301=AXIS2_PLACEMENT_3D('',#9383,#7647,#7648);
#6302=AXIS2_PLACEMENT_3D('',#9387,#7650,#7651);
#6303=AXIS2_PLACEMENT_3D('',#9388,#7652,#7653);
#6304=AXIS2_PLACEMENT_3D('',#9390,#7655,#7656);
#6305=AXIS2_PLACEMENT_3D('',#9392,#7658,#7659);
#6306=AXIS2_PLACEMENT_3D('',#9393,#7660,#7661);
#6307=AXIS2_PLACEMENT_3D('',#9395,#7662,#7663);
#6308=AXIS2_PLACEMENT_3D('',#9396,#7664,#7665);
#6309=AXIS2_PLACEMENT_3D('',#9398,#7666,#7667);
#6310=AXIS2_PLACEMENT_3D('',#9399,#7668,#7669);
#6311=AXIS2_PLACEMENT_3D('',#9405,#7673,#7674);
#6312=AXIS2_PLACEMENT_3D('',#9413,#7679,#7680);
#6313=AXIS2_PLACEMENT_3D('',#9421,#7685,#7686);
#6314=AXIS2_PLACEMENT_3D('',#9423,#7688,#7689);
#6315=AXIS2_PLACEMENT_3D('',#9426,#7692,#7693);
#6316=AXIS2_PLACEMENT_3D('',#9427,#7694,#7695);
#6317=AXIS2_PLACEMENT_3D('',#9428,#7696,#7697);
#6318=AXIS2_PLACEMENT_3D('',#9429,#7698,#7699);
#6319=AXIS2_PLACEMENT_3D('',#9446,#7708,#7709);
#6320=AXIS2_PLACEMENT_3D('',#9452,#7713,#7714);
#6321=AXIS2_PLACEMENT_3D('',#9458,#7718,#7719);
#6322=AXIS2_PLACEMENT_3D('',#9461,#7722,#7723);
#6323=AXIS2_PLACEMENT_3D('',#9462,#7724,#7725);
#6324=AXIS2_PLACEMENT_3D('',#9463,#7726,#7727);
#6325=AXIS2_PLACEMENT_3D('',#9469,#7731,#7732);
#6326=AXIS2_PLACEMENT_3D('',#9475,#7736,#7737);
#6327=AXIS2_PLACEMENT_3D('',#9478,#7740,#7741);
#6328=AXIS2_PLACEMENT_3D('',#9479,#7742,#7743);
#6329=AXIS2_PLACEMENT_3D('',#9480,#7744,#7745);
#6330=AXIS2_PLACEMENT_3D('',#9481,#7746,#7747);
#6331=AXIS2_PLACEMENT_3D('',#9482,#7748,#7749);
#6332=AXIS2_PLACEMENT_3D('',#9483,#7750,#7751);
#6333=AXIS2_PLACEMENT_3D('',#9484,#7752,#7753);
#6334=AXIS2_PLACEMENT_3D('',#9485,#7754,#7755);
#6335=AXIS2_PLACEMENT_3D('',#9486,#7756,#7757);
#6336=AXIS2_PLACEMENT_3D('',#9487,#7758,#7759);
#6337=AXIS2_PLACEMENT_3D('',#9488,#7760,#7761);
#6338=AXIS2_PLACEMENT_3D('',#9489,#7762,#7763);
#6339=AXIS2_PLACEMENT_3D('',#9490,#7764,#7765);
#6340=AXIS2_PLACEMENT_3D('',#9491,#7766,#7767);
#6341=AXIS2_PLACEMENT_3D('',#9493,#7768,#7769);
#6342=AXIS2_PLACEMENT_3D('',#9495,#7770,#7771);
#6343=AXIS2_PLACEMENT_3D('',#9496,#7772,#7773);
#6344=AXIS2_PLACEMENT_3D('',#9498,#7774,#7775);
#6345=AXIS2_PLACEMENT_3D('',#9499,#7776,#7777);
#6346=AXIS2_PLACEMENT_3D('',#9501,#7778,#7779);
#6347=AXIS2_PLACEMENT_3D('',#9502,#7780,#7781);
#6348=AXIS2_PLACEMENT_3D('',#9503,#7782,#7783);
#6349=AXIS2_PLACEMENT_3D('',#9504,#7784,#7785);
#6350=AXIS2_PLACEMENT_3D('',#9505,#7786,#7787);
#6351=AXIS2_PLACEMENT_3D('',#9506,#7788,#7789);
#6352=AXIS2_PLACEMENT_3D('',#9511,#7791,#7792);
#6353=AXIS2_PLACEMENT_3D('',#9515,#7794,#7795);
#6354=AXIS2_PLACEMENT_3D('',#9519,#7797,#7798);
#6355=AXIS2_PLACEMENT_3D('',#9523,#7800,#7801);
#6356=AXIS2_PLACEMENT_3D('',#9524,#7802,#7803);
#6357=AXIS2_PLACEMENT_3D('',#9526,#7805,#7806);
#6358=AXIS2_PLACEMENT_3D('',#9528,#7808,#7809);
#6359=AXIS2_PLACEMENT_3D('',#9529,#7810,#7811);
#6360=AXIS2_PLACEMENT_3D('',#9531,#7812,#7813);
#6361=AXIS2_PLACEMENT_3D('',#9532,#7814,#7815);
#6362=AXIS2_PLACEMENT_3D('',#9534,#7816,#7817);
#6363=AXIS2_PLACEMENT_3D('',#9535,#7818,#7819);
#6364=AXIS2_PLACEMENT_3D('',#9541,#7823,#7824);
#6365=AXIS2_PLACEMENT_3D('',#9549,#7829,#7830);
#6366=AXIS2_PLACEMENT_3D('',#9557,#7835,#7836);
#6367=AXIS2_PLACEMENT_3D('',#9559,#7838,#7839);
#6368=AXIS2_PLACEMENT_3D('',#9562,#7842,#7843);
#6369=AXIS2_PLACEMENT_3D('',#9563,#7844,#7845);
#6370=AXIS2_PLACEMENT_3D('',#9564,#7846,#7847);
#6371=AXIS2_PLACEMENT_3D('',#9565,#7848,#7849);
#6372=AXIS2_PLACEMENT_3D('',#9566,#7850,#7851);
#6373=AXIS2_PLACEMENT_3D('',#9567,#7852,#7853);
#6374=AXIS2_PLACEMENT_3D('',#9568,#7854,#7855);
#6375=AXIS2_PLACEMENT_3D('',#9569,#7856,#7857);
#6376=AXIS2_PLACEMENT_3D('',#9570,#7858,#7859);
#6377=AXIS2_PLACEMENT_3D('',#9575,#7861,#7862);
#6378=AXIS2_PLACEMENT_3D('',#9579,#7864,#7865);
#6379=AXIS2_PLACEMENT_3D('',#9583,#7867,#7868);
#6380=AXIS2_PLACEMENT_3D('',#9587,#7870,#7871);
#6381=AXIS2_PLACEMENT_3D('',#9588,#7872,#7873);
#6382=AXIS2_PLACEMENT_3D('',#9590,#7875,#7876);
#6383=AXIS2_PLACEMENT_3D('',#9592,#7878,#7879);
#6384=AXIS2_PLACEMENT_3D('',#9593,#7880,#7881);
#6385=AXIS2_PLACEMENT_3D('',#9595,#7882,#7883);
#6386=AXIS2_PLACEMENT_3D('',#9596,#7884,#7885);
#6387=AXIS2_PLACEMENT_3D('',#9598,#7886,#7887);
#6388=AXIS2_PLACEMENT_3D('',#9599,#7888,#7889);
#6389=AXIS2_PLACEMENT_3D('',#9605,#7893,#7894);
#6390=AXIS2_PLACEMENT_3D('',#9613,#7899,#7900);
#6391=AXIS2_PLACEMENT_3D('',#9621,#7905,#7906);
#6392=AXIS2_PLACEMENT_3D('',#9623,#7908,#7909);
#6393=AXIS2_PLACEMENT_3D('',#9626,#7912,#7913);
#6394=AXIS2_PLACEMENT_3D('',#9627,#7914,#7915);
#6395=AXIS2_PLACEMENT_3D('',#9628,#7916,#7917);
#6396=AXIS2_PLACEMENT_3D('',#9629,#7918,#7919);
#6397=AXIS2_PLACEMENT_3D('',#9630,#7920,#7921);
#6398=AXIS2_PLACEMENT_3D('',#9667,#7922,#7923);
#6399=AXIS2_PLACEMENT_3D('',#9669,#7924,#7925);
#6400=AXIS2_PLACEMENT_3D('',#9707,#7926,#7927);
#6401=AXIS2_PLACEMENT_3D('',#9732,#7928,#7929);
#6402=AXIS2_PLACEMENT_3D('',#9734,#7930,#7931);
#6403=AXIS2_PLACEMENT_3D('',#9784,#7932,#7933);
#6404=AXIS2_PLACEMENT_3D('',#9785,#7934,#7935);
#6405=AXIS2_PLACEMENT_3D('',#9786,#7936,#7937);
#6406=AXIS2_PLACEMENT_3D('',#9787,#7938,#7939);
#6407=AXIS2_PLACEMENT_3D('',#9788,#7940,#7941);
#6408=AXIS2_PLACEMENT_3D('',#9789,#7942,#7943);
#6409=AXIS2_PLACEMENT_3D('',#9790,#7944,#7945);
#6410=AXIS2_PLACEMENT_3D('',#9791,#7946,#7947);
#6411=AXIS2_PLACEMENT_3D('',#9792,#7948,#7949);
#6412=DIRECTION('',(0.,0.,1.));
#6413=DIRECTION('',(1.,0.,0.));
#6414=DIRECTION('',(-1.,0.,-2.05627319718691E-16));
#6415=DIRECTION('',(-2.05627319718691E-16,0.,1.));
#6416=DIRECTION('',(0.,1.,0.));
#6417=DIRECTION('',(2.05627319718691E-16,0.,-1.));
#6418=DIRECTION('',(0.,1.,0.));
#6419=DIRECTION('',(2.05627319718691E-16,0.,-1.));
#6420=DIRECTION('',(-2.05627319718691E-16,0.,1.));
#6421=DIRECTION('',(0.,1.,0.));
#6422=DIRECTION('',(-2.05627319718691E-16,0.,1.));
#6423=DIRECTION('',(0.,1.,0.));
#6424=DIRECTION('',(0.581640147937611,0.,-0.813446211071829));
#6425=DIRECTION('',(-0.813446211071829,0.,-0.581640147937611));
#6426=DIRECTION('',(-0.813446211071828,0.,-0.581640147937611));
#6427=DIRECTION('',(0.,1.,0.));
#6428=DIRECTION('',(-0.813446211071828,0.,-0.581640147937611));
#6429=DIRECTION('',(1.,0.,0.));
#6430=DIRECTION('',(0.,0.,-1.));
#6431=DIRECTION('',(0.,0.,-1.));
#6432=DIRECTION('',(0.,1.,0.));
#6433=DIRECTION('',(0.,0.,-1.));
#6434=DIRECTION('',(-0.109942973796212,0.,0.993937896708263));
#6435=DIRECTION('',(0.993937896708263,0.,0.109942973796212));
#6436=DIRECTION('',(0.993937896708263,0.,0.109942973796212));
#6437=DIRECTION('',(0.993937896708263,0.,0.109942973796212));
#6438=DIRECTION('',(0.,-1.,0.));
#6439=DIRECTION('',(1.,0.,0.));
#6440=DIRECTION('',(0.,-1.,0.));
#6441=DIRECTION('',(1.,0.,0.));
#6442=DIRECTION('',(0.,1.,0.));
#6443=DIRECTION('',(0.,0.,1.));
#6444=DIRECTION('',(1.,0.,0.));
#6445=DIRECTION('',(0.,0.,-1.));
#6446=DIRECTION('',(1.,0.,0.));
#6447=DIRECTION('',(-1.,0.,0.));
#6448=DIRECTION('',(0.,0.,1.));
#6449=DIRECTION('',(0.,1.,0.));
#6450=DIRECTION('',(0.,1.,0.));
#6451=DIRECTION('',(0.,0.,-1.));
#6452=DIRECTION('',(0.,1.,0.));
#6453=DIRECTION('',(0.,0.,1.));
#6454=DIRECTION('',(1.,0.,0.));
#6455=DIRECTION('',(1.,0.,0.));
#6456=DIRECTION('',(0.,0.,1.));
#6457=DIRECTION('',(1.,0.,0.));
#6458=DIRECTION('',(0.,0.,1.));
#6459=DIRECTION('',(1.,0.,0.));
#6460=DIRECTION('',(0.,0.,1.));
#6461=DIRECTION('',(1.,0.,0.));
#6462=DIRECTION('',(-1.,0.,0.));
#6463=DIRECTION('',(0.,0.,1.));
#6464=DIRECTION('',(1.,0.,0.));
#6465=DIRECTION('',(0.,0.,-1.));
#6466=DIRECTION('',(-1.,0.,0.));
#6467=DIRECTION('',(1.,0.,0.));
#6468=DIRECTION('',(0.,0.,-1.));
#6469=DIRECTION('',(-1.,0.,0.));
#6470=DIRECTION('',(-1.,0.,0.));
#6471=DIRECTION('',(0.,0.,1.));
#6472=DIRECTION('',(-1.,0.,0.));
#6473=DIRECTION('',(1.,0.,0.));
#6474=DIRECTION('',(0.,0.,-1.));
#6475=DIRECTION('',(-1.,0.,0.));
#6476=DIRECTION('',(-1.,0.,0.));
#6477=DIRECTION('',(0.,0.,1.));
#6478=DIRECTION('',(1.,0.,0.));
#6479=DIRECTION('',(0.,1.,0.));
#6480=DIRECTION('',(0.,0.,1.));
#6481=DIRECTION('',(1.,0.,0.));
#6482=DIRECTION('',(0.,1.,0.));
#6483=DIRECTION('',(0.,0.,1.));
#6484=DIRECTION('',(1.,0.,0.));
#6485=DIRECTION('',(0.,1.,0.));
#6486=DIRECTION('',(1.,0.,0.));
#6487=DIRECTION('',(0.,0.,-1.));
#6488=DIRECTION('',(-1.,0.,0.));
#6489=DIRECTION('',(0.,0.,1.));
#6490=DIRECTION('',(1.,0.,0.));
#6491=DIRECTION('',(0.,0.,-1.));
#6492=DIRECTION('',(1.,0.,0.));
#6493=DIRECTION('',(0.,1.,0.));
#6494=DIRECTION('',(-1.,0.,0.));
#6495=DIRECTION('',(0.,0.,1.));
#6496=DIRECTION('',(0.,0.,-1.));
#6497=DIRECTION('',(0.,1.,0.));
#6498=DIRECTION('',(0.,0.,-1.));
#6499=DIRECTION('',(0.,1.,0.));
#6500=DIRECTION('',(0.,0.,1.));
#6501=DIRECTION('',(1.,0.,0.));
#6502=DIRECTION('',(0.,0.,-1.));
#6503=DIRECTION('',(1.,0.,0.));
#6504=DIRECTION('',(0.,0.,-1.));
#6505=DIRECTION('',(0.,1.,0.));
#6506=DIRECTION('',(0.,0.,1.));
#6507=DIRECTION('',(0.,0.,-1.));
#6508=DIRECTION('',(1.,0.,0.));
#6509=DIRECTION('',(0.,0.,-1.));
#6510=DIRECTION('',(1.,0.,0.));
#6511=DIRECTION('',(-1.,0.,0.));
#6512=DIRECTION('',(0.,0.,1.));
#6513=DIRECTION('',(0.,1.,0.));
#6514=DIRECTION('',(-1.,0.,0.));
#6515=DIRECTION('',(0.,0.,1.));
#6516=DIRECTION('',(0.,1.,0.));
#6517=DIRECTION('',(0.,1.,0.));
#6518=DIRECTION('',(0.,0.,1.));
#6519=DIRECTION('',(1.,0.,0.));
#6520=DIRECTION('',(0.,0.,1.));
#6521=DIRECTION('',(1.,0.,0.));
#6522=DIRECTION('',(0.,0.,1.));
#6523=DIRECTION('',(1.,0.,0.));
#6524=DIRECTION('',(-1.,0.,0.));
#6525=DIRECTION('',(0.,0.,1.));
#6526=DIRECTION('',(0.,-1.,0.));
#6527=DIRECTION('',(0.,0.,1.));
#6528=DIRECTION('',(0.,-1.,0.));
#6529=DIRECTION('',(0.,0.,1.));
#6530=DIRECTION('',(0.,-1.,0.));
#6531=DIRECTION('',(0.,0.,-1.));
#6532=DIRECTION('',(1.,0.,0.));
#6533=DIRECTION('',(1.,0.,0.));
#6534=DIRECTION('',(0.,0.,1.));
#6535=DIRECTION('',(1.,0.,0.));
#6536=DIRECTION('',(0.,0.,-1.));
#6537=DIRECTION('',(0.,1.,0.));
#6538=DIRECTION('',(0.,1.,0.));
#6539=DIRECTION('',(0.,0.,1.));
#6540=DIRECTION('',(0.,1.,0.));
#6541=DIRECTION('',(0.,0.,1.));
#6542=DIRECTION('',(-1.,0.,0.));
#6543=DIRECTION('',(-1.,0.,0.));
#6544=DIRECTION('',(0.,0.,1.));
#6545=DIRECTION('',(1.,0.,0.));
#6546=DIRECTION('',(0.,0.,1.));
#6547=DIRECTION('',(1.,0.,0.));
#6548=DIRECTION('',(1.,0.,0.));
#6549=DIRECTION('',(0.,0.,1.));
#6550=DIRECTION('',(0.,0.,-1.));
#6551=DIRECTION('',(-1.,0.,0.));
#6552=DIRECTION('',(0.,0.,1.));
#6553=DIRECTION('',(1.,0.,0.));
#6554=DIRECTION('',(0.,0.,1.));
#6555=DIRECTION('',(1.,0.,0.));
#6556=DIRECTION('',(0.,0.,1.));
#6557=DIRECTION('',(1.,0.,0.));
#6558=DIRECTION('',(0.,0.,1.));
#6559=DIRECTION('',(1.,0.,0.));
#6560=DIRECTION('',(4.44685118773374E-16,1.,-5.08122255712181E-16));
#6561=DIRECTION('',(-1.07580611086178E-13,5.08122255712229E-16,1.));
#6562=DIRECTION('',(1.,-3.95824146281942E-15,4.03981019189268E-14));
#6563=DIRECTION('',(-4.03981019189269E-14,-5.80091530366644E-15,1.));
#6564=DIRECTION('',(-1.,0.,0.));
#6565=DIRECTION('',(0.,0.,1.));
#6566=DIRECTION('',(-1.,0.,0.));
#6567=DIRECTION('',(0.,0.,1.));
#6568=DIRECTION('',(-1.,0.,0.));
#6569=DIRECTION('',(0.,0.,1.));
#6570=DIRECTION('',(0.,1.,0.));
#6571=DIRECTION('',(0.,0.,-1.));
#6572=DIRECTION('',(0.,1.,0.));
#6573=DIRECTION('',(0.,0.,-1.));
#6574=DIRECTION('',(0.,1.,0.));
#6575=DIRECTION('',(0.,0.,-1.));
#6576=DIRECTION('',(0.,1.,0.));
#6577=DIRECTION('',(0.,0.,-1.));
#6578=DIRECTION('',(0.,1.,0.));
#6579=DIRECTION('',(0.,0.,-1.));
#6580=DIRECTION('',(0.,1.,0.));
#6581=DIRECTION('',(0.,0.,-1.));
#6582=DIRECTION('',(-1.,0.,0.));
#6583=DIRECTION('',(0.,0.,1.));
#6584=DIRECTION('',(-1.,0.,0.));
#6585=DIRECTION('',(0.,0.,1.));
#6586=DIRECTION('',(-1.,0.,0.));
#6587=DIRECTION('',(0.,0.,1.));
#6588=DIRECTION('',(0.,1.,0.));
#6589=DIRECTION('',(0.,0.,-1.));
#6590=DIRECTION('',(0.,1.,0.));
#6591=DIRECTION('',(0.,0.,-1.));
#6592=DIRECTION('',(0.,1.,0.));
#6593=DIRECTION('',(0.,0.,-1.));
#6594=DIRECTION('',(0.,1.,0.));
#6595=DIRECTION('',(0.,0.,-1.));
#6596=DIRECTION('',(0.,1.,0.));
#6597=DIRECTION('',(0.,0.,-1.));
#6598=DIRECTION('',(0.,1.,0.));
#6599=DIRECTION('',(0.,0.,-1.));
#6600=DIRECTION('',(0.,0.,1.));
#6601=DIRECTION('',(1.,0.,0.));
#6602=DIRECTION('',(1.,0.,0.));
#6603=DIRECTION('',(1.,0.,0.));
#6604=DIRECTION('',(0.,0.,1.));
#6605=DIRECTION('',(1.,0.,0.));
#6606=DIRECTION('',(1.,0.,0.));
#6607=DIRECTION('',(1.,0.,0.));
#6608=DIRECTION('',(0.,1.,0.));
#6609=DIRECTION('',(0.,0.,1.));
#6610=DIRECTION('',(1.,0.,0.));
#6611=DIRECTION('',(0.,1.,0.));
#6612=DIRECTION('',(0.,0.,1.));
#6613=DIRECTION('',(1.,0.,0.));
#6614=DIRECTION('',(0.,1.,0.));
#6615=DIRECTION('',(0.,0.,1.));
#6616=DIRECTION('',(1.,0.,0.));
#6617=DIRECTION('',(1.,0.,0.));
#6618=DIRECTION('',(0.,0.,1.));
#6619=DIRECTION('',(1.,0.,0.));
#6620=DIRECTION('',(0.,0.,1.));
#6621=DIRECTION('',(1.,0.,0.));
#6622=DIRECTION('',(0.,1.,0.));
#6623=DIRECTION('',(0.,0.,1.));
#6624=DIRECTION('',(1.,0.,0.));
#6625=DIRECTION('',(0.,1.,0.));
#6626=DIRECTION('',(0.,0.,1.));
#6627=DIRECTION('',(1.,0.,0.));
#6628=DIRECTION('',(1.,0.,0.));
#6629=DIRECTION('',(0.,1.,0.));
#6630=DIRECTION('',(0.,0.,1.));
#6631=DIRECTION('',(1.,0.,0.));
#6632=DIRECTION('',(0.,0.,1.));
#6633=DIRECTION('',(1.,0.,0.));
#6634=DIRECTION('',(0.,0.,1.));
#6635=DIRECTION('',(1.,0.,0.));
#6636=DIRECTION('',(-1.,0.,0.));
#6637=DIRECTION('',(0.,0.,1.));
#6638=DIRECTION('',(-1.,0.,0.));
#6639=DIRECTION('',(0.,0.,1.));
#6640=DIRECTION('',(0.,0.,1.));
#6641=DIRECTION('',(1.,0.,0.));
#6642=DIRECTION('',(0.,0.,1.));
#6643=DIRECTION('',(1.,0.,0.));
#6644=DIRECTION('',(0.,0.,1.));
#6645=DIRECTION('',(1.,0.,0.));
#6646=DIRECTION('',(0.,0.,1.));
#6647=DIRECTION('',(1.,0.,0.));
#6648=DIRECTION('',(0.,0.,1.));
#6649=DIRECTION('',(1.,0.,0.));
#6650=DIRECTION('',(0.,0.,1.));
#6651=DIRECTION('',(1.,0.,0.));
#6652=DIRECTION('',(0.,0.,1.));
#6653=DIRECTION('',(1.,0.,0.));
#6654=DIRECTION('',(0.,0.,1.));
#6655=DIRECTION('',(1.,0.,0.));
#6656=DIRECTION('',(0.,0.,1.));
#6657=DIRECTION('',(1.,0.,0.));
#6658=DIRECTION('',(0.,0.,1.));
#6659=DIRECTION('',(1.,0.,0.));
#6660=DIRECTION('',(0.,0.,1.));
#6661=DIRECTION('',(1.,0.,0.));
#6662=DIRECTION('',(0.,0.,1.));
#6663=DIRECTION('',(1.,0.,0.));
#6664=DIRECTION('',(0.,0.,1.));
#6665=DIRECTION('',(1.,0.,0.));
#6666=DIRECTION('',(0.,0.,1.));
#6667=DIRECTION('',(1.,0.,0.));
#6668=DIRECTION('',(0.,0.,1.));
#6669=DIRECTION('',(1.,0.,0.));
#6670=DIRECTION('',(0.,0.,1.));
#6671=DIRECTION('',(1.,0.,0.));
#6672=DIRECTION('',(0.,0.,1.));
#6673=DIRECTION('',(1.,0.,0.));
#6674=DIRECTION('',(0.,0.,1.));
#6675=DIRECTION('',(1.,0.,0.));
#6676=DIRECTION('',(0.,0.,1.));
#6677=DIRECTION('',(1.,0.,0.));
#6678=DIRECTION('',(-6.12323399573677E-17,-1.,-2.05627319718691E-16));
#6679=DIRECTION('',(0.,2.05627319718691E-16,-1.));
#6680=DIRECTION('',(-1.,6.12323399573677E-17,0.));
#6681=DIRECTION('',(1.25910419455372E-32,2.05627319718691E-16,-1.));
#6682=DIRECTION('',(-1.,6.12323399573677E-17,0.));
#6683=DIRECTION('',(1.25910419455372E-32,2.05627319718691E-16,-1.));
#6684=DIRECTION('',(-1.25910419455372E-32,-2.05627319718691E-16,1.));
#6685=DIRECTION('',(-1.,6.12323399573677E-17,0.));
#6686=DIRECTION('',(-1.25910419455372E-32,-2.05627319718691E-16,1.));
#6687=DIRECTION('',(-1.,6.12323399573677E-17,0.));
#6688=DIRECTION('',(3.56151872713694E-17,0.581640147937611,-0.813446211071829));
#6689=DIRECTION('',(0.,0.813446211071829,0.581640147937611));
#6690=DIRECTION('',(-4.98092149333829E-17,-0.813446211071828,-0.581640147937611));
#6691=DIRECTION('',(-1.,6.12323399573677E-17,0.));
#6692=DIRECTION('',(-4.98092149333829E-17,-0.813446211071828,-0.581640147937611));
#6693=DIRECTION('',(6.12323399573677E-17,1.,0.));
#6694=DIRECTION('',(-1.,6.12323399573677E-17,0.));
#6695=DIRECTION('',(0.,0.,-1.));
#6696=DIRECTION('',(-1.,6.12323399573677E-17,0.));
#6697=DIRECTION('',(0.,0.,-1.));
#6698=DIRECTION('',(-6.7320655474136E-18,-0.109942973796212,0.993937896708263));
#6699=DIRECTION('',(0.,-0.993937896708263,-0.109942973796212));
#6700=DIRECTION('',(6.08611431877513E-17,0.993937896708263,0.109942973796212));
#6701=DIRECTION('',(6.08611431877513E-17,0.993937896708263,0.109942973796212));
#6702=DIRECTION('',(1.,-6.12323399573677E-17,0.));
#6703=DIRECTION('',(6.12323399573677E-17,1.,0.));
#6704=DIRECTION('',(1.,-6.12323399573677E-17,0.));
#6705=DIRECTION('',(6.12323399573677E-17,1.,0.));
#6706=DIRECTION('',(-1.,6.12323399573677E-17,0.));
#6707=DIRECTION('',(0.,0.,1.));
#6708=DIRECTION('',(6.12323399573677E-17,1.,0.));
#6709=DIRECTION('',(0.,0.,-1.));
#6710=DIRECTION('',(6.12323399573677E-17,1.,0.));
#6711=DIRECTION('',(-6.12323399573677E-17,-1.,0.));
#6712=DIRECTION('',(0.,0.,1.));
#6713=DIRECTION('',(-1.,6.12323399573677E-17,0.));
#6714=DIRECTION('',(-1.,6.12323399573677E-17,0.));
#6715=DIRECTION('',(0.,0.,-1.));
#6716=DIRECTION('',(-1.,6.12323399573677E-17,0.));
#6717=DIRECTION('',(0.,0.,1.));
#6718=DIRECTION('',(6.12323399573677E-17,1.,0.));
#6719=DIRECTION('',(6.12323399573677E-17,1.,0.));
#6720=DIRECTION('',(0.,0.,1.));
#6721=DIRECTION('',(6.12323399573677E-17,1.,0.));
#6722=DIRECTION('',(0.,0.,1.));
#6723=DIRECTION('',(6.12323399573677E-17,1.,0.));
#6724=DIRECTION('',(0.,0.,1.));
#6725=DIRECTION('',(1.,0.,0.));
#6726=DIRECTION('',(1.,-1.22464679914735E-16,-2.05627319718691E-16));
#6727=DIRECTION('',(-2.05627319718691E-16,0.,-1.));
#6728=DIRECTION('',(-1.22464679914735E-16,-1.,0.));
#6729=DIRECTION('',(-2.05627319718691E-16,2.51820838910745E-32,-1.));
#6730=DIRECTION('',(-1.22464679914735E-16,-1.,0.));
#6731=DIRECTION('',(-2.05627319718691E-16,2.51820838910745E-32,-1.));
#6732=DIRECTION('',(2.05627319718691E-16,-2.51820838910745E-32,1.));
#6733=DIRECTION('',(-1.22464679914735E-16,-1.,0.));
#6734=DIRECTION('',(2.05627319718691E-16,-2.51820838910745E-32,1.));
#6735=DIRECTION('',(-1.22464679914735E-16,-1.,0.));
#6736=DIRECTION('',(-0.581640147937611,7.12303745427389E-17,-0.813446211071829));
#6737=DIRECTION('',(-0.813446211071829,0.,0.581640147937611));
#6738=DIRECTION('',(0.813446211071828,-9.96184298667657E-17,-0.581640147937611));
#6739=DIRECTION('',(-1.22464679914735E-16,-1.,0.));
#6740=DIRECTION('',(0.813446211071828,-9.96184298667657E-17,-0.581640147937611));
#6741=DIRECTION('',(-1.,1.22464679914735E-16,0.));
#6742=DIRECTION('',(-1.22464679914735E-16,-1.,0.));
#6743=DIRECTION('',(0.,0.,-1.));
#6744=DIRECTION('',(-1.22464679914735E-16,-1.,0.));
#6745=DIRECTION('',(0.,0.,-1.));
#6746=DIRECTION('',(0.109942973796212,-1.34641310948272E-17,0.993937896708263));
#6747=DIRECTION('',(0.993937896708263,0.,-0.109942973796212));
#6748=DIRECTION('',(-0.993937896708263,1.21722286375503E-16,0.109942973796212));
#6749=DIRECTION('',(-0.993937896708263,1.21722286375503E-16,0.109942973796212));
#6750=DIRECTION('',(1.22464679914735E-16,1.,0.));
#6751=DIRECTION('',(-1.,1.22464679914735E-16,0.));
#6752=DIRECTION('',(1.22464679914735E-16,1.,0.));
#6753=DIRECTION('',(-1.,1.22464679914735E-16,0.));
#6754=DIRECTION('',(-1.22464679914735E-16,-1.,0.));
#6755=DIRECTION('',(0.,0.,1.));
#6756=DIRECTION('',(-1.,1.22464679914735E-16,0.));
#6757=DIRECTION('',(0.,0.,-1.));
#6758=DIRECTION('',(-1.,1.22464679914735E-16,0.));
#6759=DIRECTION('',(1.,-1.22464679914735E-16,0.));
#6760=DIRECTION('',(0.,0.,1.));
#6761=DIRECTION('',(-1.22464679914735E-16,-1.,0.));
#6762=DIRECTION('',(-1.22464679914735E-16,-1.,0.));
#6763=DIRECTION('',(0.,0.,-1.));
#6764=DIRECTION('',(-1.22464679914735E-16,-1.,0.));
#6765=DIRECTION('',(0.,0.,1.));
#6766=DIRECTION('',(-1.,1.22464679914735E-16,0.));
#6767=DIRECTION('',(-1.,1.22464679914735E-16,0.));
#6768=DIRECTION('',(0.,0.,1.));
#6769=DIRECTION('',(-1.,1.22464679914735E-16,0.));
#6770=DIRECTION('',(0.,0.,1.));
#6771=DIRECTION('',(-1.,1.22464679914735E-16,0.));
#6772=DIRECTION('',(0.,0.,1.));
#6773=DIRECTION('',(1.,0.,0.));
#6774=DIRECTION('',(0.,0.,1.));
#6775=DIRECTION('',(6.12323399573677E-17,1.,0.));
#6776=DIRECTION('',(0.,0.,-1.));
#6777=DIRECTION('',(-1.,0.,0.));
#6778=DIRECTION('',(0.,0.,1.));
#6779=DIRECTION('',(1.,0.,0.));
#6780=DIRECTION('',(0.,0.,1.));
#6781=DIRECTION('',(1.,0.,0.));
#6782=DIRECTION('',(0.,0.,1.));
#6783=DIRECTION('',(1.,0.,0.));
#6784=DIRECTION('',(0.,1.,0.));
#6785=DIRECTION('',(-1.,0.,0.));
#6786=DIRECTION('',(0.,1.,0.));
#6787=DIRECTION('',(-1.,0.,0.));
#6788=DIRECTION('',(0.,1.,0.));
#6789=DIRECTION('',(1.,0.,0.));
#6790=DIRECTION('',(0.,0.,1.));
#6791=DIRECTION('',(1.,0.,0.));
#6792=DIRECTION('',(1.,0.,0.));
#6793=DIRECTION('',(0.,1.,0.));
#6794=DIRECTION('',(1.,0.,0.));
#6795=DIRECTION('',(0.,0.,1.));
#6796=DIRECTION('',(1.,0.,0.));
#6797=DIRECTION('',(1.,0.,0.));
#6798=DIRECTION('',(0.,1.,0.));
#6799=DIRECTION('',(-1.,0.,0.));
#6800=DIRECTION('',(0.,1.,0.));
#6801=DIRECTION('',(-1.,0.,0.));
#6802=DIRECTION('',(0.,1.,0.));
#6803=DIRECTION('',(-1.,0.,0.));
#6804=DIRECTION('',(0.,-1.,0.));
#6805=DIRECTION('',(-1.,0.,0.));
#6806=DIRECTION('',(0.,0.,1.));
#6807=DIRECTION('',(1.,0.,0.));
#6808=DIRECTION('',(-1.,0.,0.));
#6809=DIRECTION('',(0.,1.,0.));
#6810=DIRECTION('',(1.,0.,0.));
#6811=DIRECTION('',(0.,0.,1.));
#6812=DIRECTION('',(1.,0.,0.));
#6813=DIRECTION('',(1.,0.,0.));
#6814=DIRECTION('',(0.,1.,0.));
#6815=DIRECTION('',(1.,0.,0.));
#6816=DIRECTION('',(0.,0.,1.));
#6817=DIRECTION('',(1.,0.,0.));
#6818=DIRECTION('',(1.,0.,0.));
#6819=DIRECTION('',(0.,1.,0.));
#6820=DIRECTION('',(-1.,0.,0.));
#6821=DIRECTION('',(0.,1.,0.));
#6822=DIRECTION('',(-1.,0.,0.));
#6823=DIRECTION('',(0.,1.,0.));
#6824=DIRECTION('',(-1.,0.,0.));
#6825=DIRECTION('',(0.,-1.,0.));
#6826=DIRECTION('',(-1.,0.,0.));
#6827=DIRECTION('',(0.,1.,0.));
#6828=DIRECTION('',(-1.,0.,0.));
#6829=DIRECTION('',(0.,1.,0.));
#6830=DIRECTION('',(-1.,0.,0.));
#6831=DIRECTION('',(0.,0.,1.));
#6832=DIRECTION('',(0.,1.,0.));
#6833=DIRECTION('',(0.,0.,-1.));
#6834=DIRECTION('',(0.,1.,0.));
#6835=DIRECTION('',(0.,0.,-1.));
#6836=DIRECTION('',(-1.,0.,0.));
#6837=DIRECTION('',(0.,0.,1.));
#6838=DIRECTION('',(0.,0.,-1.));
#6839=DIRECTION('',(0.,0.,-1.));
#6840=DIRECTION('',(0.,0.,-1.));
#6841=DIRECTION('',(0.,1.,0.));
#6842=DIRECTION('',(0.,0.,-1.));
#6843=DIRECTION('',(0.,1.,0.));
#6844=DIRECTION('',(-1.,0.,0.));
#6845=DIRECTION('',(0.,0.,1.));
#6846=DIRECTION('',(-1.,0.,0.));
#6847=DIRECTION('',(0.,0.,1.));
#6848=DIRECTION('',(0.,0.,-1.));
#6849=DIRECTION('',(0.,1.,0.));
#6850=DIRECTION('',(0.,0.,-1.));
#6851=DIRECTION('',(-1.,0.,0.));
#6852=DIRECTION('',(0.,0.,1.));
#6853=DIRECTION('',(-1.,0.,0.));
#6854=DIRECTION('',(0.,0.,1.));
#6855=DIRECTION('',(0.,0.,-1.));
#6856=DIRECTION('',(0.,1.,0.));
#6857=DIRECTION('',(0.,0.,-1.));
#6858=DIRECTION('',(0.,0.,1.));
#6859=DIRECTION('',(1.,0.,0.));
#6860=DIRECTION('',(-1.,0.,0.));
#6861=DIRECTION('',(1.,0.,0.));
#6862=DIRECTION('',(-1.,0.,0.));
#6863=DIRECTION('',(0.,0.,1.));
#6864=DIRECTION('',(-1.,0.,0.));
#6865=DIRECTION('',(0.,0.,1.));
#6866=DIRECTION('',(0.,0.,-1.));
#6867=DIRECTION('',(0.,1.,0.));
#6868=DIRECTION('',(0.,0.,-1.));
#6869=DIRECTION('',(-1.,0.,0.));
#6870=DIRECTION('',(0.,0.,1.));
#6871=DIRECTION('',(-1.,0.,0.));
#6872=DIRECTION('',(0.,0.,1.));
#6873=DIRECTION('',(0.,0.,-1.));
#6874=DIRECTION('',(0.,1.,0.));
#6875=DIRECTION('',(0.,0.,-1.));
#6876=DIRECTION('',(0.,0.,1.));
#6877=DIRECTION('',(1.,0.,0.));
#6878=DIRECTION('',(-1.,0.,0.));
#6879=DIRECTION('',(1.,0.,0.));
#6880=DIRECTION('',(0.,0.,1.));
#6881=DIRECTION('',(6.12323399573677E-17,1.,0.));
#6882=DIRECTION('',(-1.,6.12323399573677E-17,0.));
#6883=DIRECTION('',(0.,-1.,0.));
#6884=DIRECTION('',(-1.,0.,0.));
#6885=DIRECTION('',(0.,-1.,0.));
#6886=DIRECTION('',(-1.,6.12323399573677E-17,0.));
#6887=DIRECTION('',(6.12323399573677E-17,1.,0.));
#6888=DIRECTION('',(0.,0.,1.));
#6889=DIRECTION('',(1.,0.,0.));
#6890=DIRECTION('',(6.12323399573677E-17,1.,0.));
#6891=DIRECTION('',(-1.,6.12323399573677E-17,0.));
#6892=DIRECTION('',(6.12323399573677E-17,1.,0.));
#6893=DIRECTION('',(0.,0.,1.));
#6894=DIRECTION('',(1.,0.,0.));
#6895=DIRECTION('',(6.12323399573677E-17,1.,0.));
#6896=DIRECTION('',(-1.,6.12323399573677E-17,0.));
#6897=DIRECTION('',(0.,-1.,0.));
#6898=DIRECTION('',(-1.,0.,0.));
#6899=DIRECTION('',(0.,-1.,0.));
#6900=DIRECTION('',(-1.,6.12323399573677E-17,0.));
#6901=DIRECTION('',(-6.12323399573677E-17,-1.,0.));
#6902=DIRECTION('',(1.,-6.12323399573677E-17,0.));
#6903=DIRECTION('',(-6.12323399573677E-17,-1.,0.));
#6904=DIRECTION('',(0.,0.,1.));
#6905=DIRECTION('',(6.12323399573677E-17,1.,0.));
#6906=DIRECTION('',(0.,-1.,0.));
#6907=DIRECTION('',(-1.,6.12323399573677E-17,0.));
#6908=DIRECTION('',(6.12323399573677E-17,1.,0.));
#6909=DIRECTION('',(0.,0.,1.));
#6910=DIRECTION('',(1.,0.,0.));
#6911=DIRECTION('',(6.12323399573677E-17,1.,0.));
#6912=DIRECTION('',(-1.,6.12323399573677E-17,0.));
#6913=DIRECTION('',(6.12323399573677E-17,1.,0.));
#6914=DIRECTION('',(0.,0.,1.));
#6915=DIRECTION('',(1.,0.,0.));
#6916=DIRECTION('',(6.12323399573677E-17,1.,0.));
#6917=DIRECTION('',(-1.,6.12323399573677E-17,0.));
#6918=DIRECTION('',(0.,-1.,0.));
#6919=DIRECTION('',(-1.,0.,0.));
#6920=DIRECTION('',(0.,-1.,0.));
#6921=DIRECTION('',(-1.,6.12323399573677E-17,0.));
#6922=DIRECTION('',(-6.12323399573677E-17,-1.,0.));
#6923=DIRECTION('',(1.,-6.12323399573677E-17,0.));
#6924=DIRECTION('',(-6.12323399573677E-17,-1.,0.));
#6925=DIRECTION('',(-1.,6.12323399573677E-17,0.));
#6926=DIRECTION('',(0.,-1.,0.));
#6927=DIRECTION('',(-1.,0.,0.));
#6928=DIRECTION('',(-6.12323399573677E-17,-1.,0.));
#6929=DIRECTION('',(0.,0.,1.));
#6930=DIRECTION('',(-1.,6.12323399573677E-17,0.));
#6931=DIRECTION('',(0.,0.,-1.));
#6932=DIRECTION('',(-1.,6.12323399573677E-17,0.));
#6933=DIRECTION('',(0.,0.,-1.));
#6934=DIRECTION('',(-6.12323399573677E-17,-1.,0.));
#6935=DIRECTION('',(0.,0.,1.));
#6936=DIRECTION('',(0.,0.,-1.));
#6937=DIRECTION('',(0.,0.,-1.));
#6938=DIRECTION('',(0.,0.,-1.));
#6939=DIRECTION('',(-1.,6.12323399573677E-17,0.));
#6940=DIRECTION('',(0.,0.,-1.));
#6941=DIRECTION('',(-1.,6.12323399573677E-17,0.));
#6942=DIRECTION('',(-6.12323399573677E-17,-1.,0.));
#6943=DIRECTION('',(0.,0.,1.));
#6944=DIRECTION('',(-6.12323399573677E-17,-1.,0.));
#6945=DIRECTION('',(1.,-6.12323399573677E-17,0.));
#6946=DIRECTION('',(0.,0.,-1.));
#6947=DIRECTION('',(-1.,6.12323399573677E-17,0.));
#6948=DIRECTION('',(0.,0.,-1.));
#6949=DIRECTION('',(-6.12323399573677E-17,-1.,0.));
#6950=DIRECTION('',(0.,0.,1.));
#6951=DIRECTION('',(-6.12323399573677E-17,-1.,0.));
#6952=DIRECTION('',(1.,-6.12323399573677E-17,0.));
#6953=DIRECTION('',(0.,0.,-1.));
#6954=DIRECTION('',(-1.,6.12323399573677E-17,0.));
#6955=DIRECTION('',(0.,0.,-1.));
#6956=DIRECTION('',(0.,0.,1.));
#6957=DIRECTION('',(6.12323399573677E-17,1.,0.));
#6958=DIRECTION('',(-6.12323399573677E-17,-1.,0.));
#6959=DIRECTION('',(6.12323399573677E-17,1.,0.));
#6960=DIRECTION('',(-6.12323399573677E-17,-1.,0.));
#6961=DIRECTION('',(0.,0.,1.));
#6962=DIRECTION('',(-6.12323399573677E-17,-1.,0.));
#6963=DIRECTION('',(1.,-6.12323399573677E-17,0.));
#6964=DIRECTION('',(0.,0.,-1.));
#6965=DIRECTION('',(-1.,6.12323399573677E-17,0.));
#6966=DIRECTION('',(0.,0.,-1.));
#6967=DIRECTION('',(-6.12323399573677E-17,-1.,0.));
#6968=DIRECTION('',(0.,0.,1.));
#6969=DIRECTION('',(-6.12323399573677E-17,-1.,0.));
#6970=DIRECTION('',(1.,-6.12323399573677E-17,0.));
#6971=DIRECTION('',(0.,0.,-1.));
#6972=DIRECTION('',(-1.,6.12323399573677E-17,0.));
#6973=DIRECTION('',(0.,0.,-1.));
#6974=DIRECTION('',(0.,0.,1.));
#6975=DIRECTION('',(6.12323399573677E-17,1.,0.));
#6976=DIRECTION('',(-6.12323399573677E-17,-1.,0.));
#6977=DIRECTION('',(6.12323399573677E-17,1.,0.));
#6978=DIRECTION('',(0.,0.,1.));
#6979=DIRECTION('',(-1.,1.22464679914735E-16,0.));
#6980=DIRECTION('',(1.22464679914735E-16,1.,0.));
#6981=DIRECTION('',(1.,-1.22464679914735E-16,0.));
#6982=DIRECTION('',(-1.22464679914735E-16,-1.,0.));
#6983=DIRECTION('',(1.,0.,0.));
#6984=DIRECTION('',(0.,-1.,0.));
#6985=DIRECTION('',(1.,0.,0.));
#6986=DIRECTION('',(-1.22464679914735E-16,-1.,0.));
#6987=DIRECTION('',(-1.,1.22464679914735E-16,0.));
#6988=DIRECTION('',(0.,0.,1.));
#6989=DIRECTION('',(1.,0.,0.));
#6990=DIRECTION('',(-1.,1.22464679914735E-16,0.));
#6991=DIRECTION('',(-1.22464679914735E-16,-1.,0.));
#6992=DIRECTION('',(-1.,1.22464679914735E-16,0.));
#6993=DIRECTION('',(0.,0.,1.));
#6994=DIRECTION('',(1.,0.,0.));
#6995=DIRECTION('',(-1.,1.22464679914735E-16,0.));
#6996=DIRECTION('',(-1.22464679914735E-16,-1.,0.));
#6997=DIRECTION('',(1.,0.,0.));
#6998=DIRECTION('',(0.,-1.,0.));
#6999=DIRECTION('',(1.,0.,0.));
#7000=DIRECTION('',(-1.22464679914735E-16,-1.,0.));
#7001=DIRECTION('',(1.,-1.22464679914735E-16,0.));
#7002=DIRECTION('',(0.,0.,1.));
#7003=DIRECTION('',(-1.,1.22464679914735E-16,0.));
#7004=DIRECTION('',(1.,-1.22464679914735E-16,0.));
#7005=DIRECTION('',(1.22464679914735E-16,1.,0.));
#7006=DIRECTION('',(1.,-1.22464679914735E-16,0.));
#7007=DIRECTION('',(-1.22464679914735E-16,-1.,0.));
#7008=DIRECTION('',(1.,0.,0.));
#7009=DIRECTION('',(0.,-1.,0.));
#7010=DIRECTION('',(1.,0.,0.));
#7011=DIRECTION('',(-1.22464679914735E-16,-1.,0.));
#7012=DIRECTION('',(-1.,1.22464679914735E-16,0.));
#7013=DIRECTION('',(0.,0.,1.));
#7014=DIRECTION('',(1.,0.,0.));
#7015=DIRECTION('',(-1.,1.22464679914735E-16,0.));
#7016=DIRECTION('',(-1.22464679914735E-16,-1.,0.));
#7017=DIRECTION('',(-1.,1.22464679914735E-16,0.));
#7018=DIRECTION('',(0.,0.,1.));
#7019=DIRECTION('',(1.,0.,0.));
#7020=DIRECTION('',(-1.,1.22464679914735E-16,0.));
#7021=DIRECTION('',(-1.22464679914735E-16,-1.,0.));
#7022=DIRECTION('',(1.,0.,0.));
#7023=DIRECTION('',(0.,-1.,0.));
#7024=DIRECTION('',(1.,0.,0.));
#7025=DIRECTION('',(-1.22464679914735E-16,-1.,0.));
#7026=DIRECTION('',(1.,-1.22464679914735E-16,0.));
#7027=DIRECTION('',(0.,0.,1.));
#7028=DIRECTION('',(-1.22464679914735E-16,-1.,0.));
#7029=DIRECTION('',(0.,0.,-1.));
#7030=DIRECTION('',(-1.22464679914735E-16,-1.,0.));
#7031=DIRECTION('',(0.,0.,-1.));
#7032=DIRECTION('',(1.,-1.22464679914735E-16,0.));
#7033=DIRECTION('',(0.,0.,1.));
#7034=DIRECTION('',(0.,0.,-1.));
#7035=DIRECTION('',(0.,0.,-1.));
#7036=DIRECTION('',(0.,0.,-1.));
#7037=DIRECTION('',(-1.22464679914735E-16,-1.,0.));
#7038=DIRECTION('',(0.,0.,-1.));
#7039=DIRECTION('',(-1.22464679914735E-16,-1.,0.));
#7040=DIRECTION('',(1.,-1.22464679914735E-16,0.));
#7041=DIRECTION('',(0.,0.,1.));
#7042=DIRECTION('',(0.,0.,-1.));
#7043=DIRECTION('',(-1.22464679914735E-16,-1.,0.));
#7044=DIRECTION('',(0.,0.,-1.));
#7045=DIRECTION('',(1.,-1.22464679914735E-16,0.));
#7046=DIRECTION('',(1.22464679914735E-16,1.,0.));
#7047=DIRECTION('',(0.,0.,1.));
#7048=DIRECTION('',(-1.,1.22464679914735E-16,0.));
#7049=DIRECTION('',(1.,-1.22464679914735E-16,0.));
#7050=DIRECTION('',(-1.22464679914735E-16,-1.,0.));
#7051=DIRECTION('',(-1.,1.22464679914735E-16,0.));
#7052=DIRECTION('',(1.,-1.22464679914735E-16,0.));
#7053=DIRECTION('',(0.,0.,1.));
#7054=DIRECTION('',(0.,0.,-1.));
#7055=DIRECTION('',(1.,-1.22464679914735E-16,0.));
#7056=DIRECTION('',(1.22464679914735E-16,1.,0.));
#7057=DIRECTION('',(0.,0.,-1.));
#7058=DIRECTION('',(-1.22464679914735E-16,-1.,0.));
#7059=DIRECTION('',(0.,0.,1.));
#7060=DIRECTION('',(-1.,1.22464679914735E-16,0.));
#7061=DIRECTION('',(1.,-1.22464679914735E-16,0.));
#7062=DIRECTION('',(-1.,1.22464679914735E-16,0.));
#7063=DIRECTION('',(-1.22464679914735E-16,-1.,0.));
#7064=DIRECTION('',(0.,0.,1.));
#7065=DIRECTION('',(-1.83697019872103E-16,-1.,0.));
#7066=DIRECTION('',(1.,-1.83697019872103E-16,0.));
#7067=DIRECTION('',(3.46944695195362E-16,1.,0.));
#7068=DIRECTION('',(1.,-3.46944695195362E-16,0.));
#7069=DIRECTION('',(3.46944695195362E-16,1.,0.));
#7070=DIRECTION('',(1.,-1.83697019872103E-16,0.));
#7071=DIRECTION('',(-1.83697019872103E-16,-1.,0.));
#7072=DIRECTION('',(0.,0.,1.));
#7073=DIRECTION('',(1.,0.,0.));
#7074=DIRECTION('',(-1.83697019872103E-16,-1.,0.));
#7075=DIRECTION('',(1.,-1.83697019872103E-16,0.));
#7076=DIRECTION('',(-1.83697019872103E-16,-1.,0.));
#7077=DIRECTION('',(0.,0.,1.));
#7078=DIRECTION('',(1.,0.,0.));
#7079=DIRECTION('',(-1.83697019872103E-16,-1.,0.));
#7080=DIRECTION('',(1.,-1.83697019872103E-16,0.));
#7081=DIRECTION('',(3.46944695195362E-16,1.,0.));
#7082=DIRECTION('',(1.,-3.46944695195362E-16,0.));
#7083=DIRECTION('',(3.46944695195362E-16,1.,0.));
#7084=DIRECTION('',(1.,-1.83697019872103E-16,0.));
#7085=DIRECTION('',(1.83697019872103E-16,1.,0.));
#7086=DIRECTION('',(-1.,1.83697019872103E-16,0.));
#7087=DIRECTION('',(1.83697019872103E-16,1.,0.));
#7088=DIRECTION('',(0.,0.,1.));
#7089=DIRECTION('',(-1.83697019872103E-16,-1.,0.));
#7090=DIRECTION('',(3.46944695195362E-16,1.,0.));
#7091=DIRECTION('',(1.,-1.83697019872103E-16,0.));
#7092=DIRECTION('',(-1.83697019872103E-16,-1.,0.));
#7093=DIRECTION('',(0.,0.,1.));
#7094=DIRECTION('',(1.,0.,0.));
#7095=DIRECTION('',(-1.83697019872103E-16,-1.,0.));
#7096=DIRECTION('',(1.,-1.83697019872103E-16,0.));
#7097=DIRECTION('',(-1.83697019872103E-16,-1.,0.));
#7098=DIRECTION('',(0.,0.,1.));
#7099=DIRECTION('',(1.,0.,0.));
#7100=DIRECTION('',(-1.83697019872103E-16,-1.,0.));
#7101=DIRECTION('',(1.,-1.83697019872103E-16,0.));
#7102=DIRECTION('',(3.46944695195362E-16,1.,0.));
#7103=DIRECTION('',(1.,-3.46944695195362E-16,0.));
#7104=DIRECTION('',(3.46944695195362E-16,1.,0.));
#7105=DIRECTION('',(1.,-1.83697019872103E-16,0.));
#7106=DIRECTION('',(1.83697019872103E-16,1.,0.));
#7107=DIRECTION('',(-1.,1.83697019872103E-16,0.));
#7108=DIRECTION('',(1.83697019872103E-16,1.,0.));
#7109=DIRECTION('',(1.,-1.83697019872103E-16,0.));
#7110=DIRECTION('',(3.46944695195362E-16,1.,0.));
#7111=DIRECTION('',(1.,-3.46944695195362E-16,0.));
#7112=DIRECTION('',(1.83697019872103E-16,1.,0.));
#7113=DIRECTION('',(0.,0.,1.));
#7114=DIRECTION('',(1.,-1.83697019872103E-16,0.));
#7115=DIRECTION('',(0.,0.,-1.));
#7116=DIRECTION('',(1.,-1.83697019872103E-16,0.));
#7117=DIRECTION('',(0.,0.,-1.));
#7118=DIRECTION('',(1.83697019872103E-16,1.,0.));
#7119=DIRECTION('',(0.,0.,1.));
#7120=DIRECTION('',(0.,0.,-1.));
#7121=DIRECTION('',(0.,0.,-1.));
#7122=DIRECTION('',(0.,0.,-1.));
#7123=DIRECTION('',(1.,-1.83697019872103E-16,0.));
#7124=DIRECTION('',(0.,0.,-1.));
#7125=DIRECTION('',(1.,-1.83697019872103E-16,0.));
#7126=DIRECTION('',(1.83697019872103E-16,1.,0.));
#7127=DIRECTION('',(0.,0.,1.));
#7128=DIRECTION('',(1.83697019872103E-16,1.,0.));
#7129=DIRECTION('',(-1.,1.83697019872103E-16,0.));
#7130=DIRECTION('',(0.,0.,-1.));
#7131=DIRECTION('',(1.,-1.83697019872103E-16,0.));
#7132=DIRECTION('',(0.,0.,-1.));
#7133=DIRECTION('',(0.,0.,1.));
#7134=DIRECTION('',(-1.83697019872103E-16,-1.,0.));
#7135=DIRECTION('',(1.83697019872103E-16,1.,0.));
#7136=DIRECTION('',(1.,-1.83697019872103E-16,0.));
#7137=DIRECTION('',(-1.83697019872103E-16,-1.,0.));
#7138=DIRECTION('',(1.83697019872103E-16,1.,0.));
#7139=DIRECTION('',(0.,0.,1.));
#7140=DIRECTION('',(1.83697019872103E-16,1.,0.));
#7141=DIRECTION('',(-1.,1.83697019872103E-16,0.));
#7142=DIRECTION('',(0.,0.,-1.));
#7143=DIRECTION('',(1.,-1.83697019872103E-16,0.));
#7144=DIRECTION('',(0.,0.,-1.));
#7145=DIRECTION('',(1.83697019872103E-16,1.,0.));
#7146=DIRECTION('',(0.,0.,1.));
#7147=DIRECTION('',(1.83697019872103E-16,1.,0.));
#7148=DIRECTION('',(-1.,1.83697019872103E-16,0.));
#7149=DIRECTION('',(0.,0.,-1.));
#7150=DIRECTION('',(1.,-1.83697019872103E-16,0.));
#7151=DIRECTION('',(0.,0.,-1.));
#7152=DIRECTION('',(0.,0.,1.));
#7153=DIRECTION('',(-1.83697019872103E-16,-1.,0.));
#7154=DIRECTION('',(1.83697019872103E-16,1.,0.));
#7155=DIRECTION('',(-1.83697019872103E-16,-1.,0.));
#7156=DIRECTION('',(0.,0.,-1.));
#7157=DIRECTION('',(-1.,0.,0.));
#7158=DIRECTION('',(0.,0.,-1.));
#7159=DIRECTION('',(0.,0.,-1.));
#7160=DIRECTION('',(0.,0.,-1.));
#7161=DIRECTION('',(0.,0.,-1.));
#7162=DIRECTION('',(0.,0.,-1.));
#7163=DIRECTION('',(0.,0.,-1.));
#7164=DIRECTION('',(0.,0.,-1.));
#7165=DIRECTION('',(0.,0.,-1.));
#7166=DIRECTION('',(0.,0.,1.));
#7167=DIRECTION('',(1.,0.,0.));
#7168=DIRECTION('',(0.,0.,1.));
#7169=DIRECTION('',(1.,0.,0.));
#7170=DIRECTION('',(0.,0.,-1.));
#7171=DIRECTION('',(0.,0.,-1.));
#7172=DIRECTION('',(0.,0.,-1.));
#7173=DIRECTION('',(0.,0.,-1.));
#7174=DIRECTION('',(0.,0.,-1.));
#7175=DIRECTION('',(0.,0.,-1.));
#7176=DIRECTION('',(0.,0.,-1.));
#7177=DIRECTION('',(0.,0.,-1.));
#7178=DIRECTION('',(0.,0.,1.));
#7179=DIRECTION('',(1.,0.,0.));
#7180=DIRECTION('',(0.,0.,1.));
#7181=DIRECTION('',(1.,0.,0.));
#7182=DIRECTION('',(-1.,0.,0.));
#7183=DIRECTION('',(0.,0.,1.));
#7184=DIRECTION('',(1.,0.,0.));
#7185=DIRECTION('',(0.,0.,-1.));
#7186=DIRECTION('',(1.,0.,0.));
#7187=DIRECTION('',(0.,1.,0.));
#7188=DIRECTION('',(1.,0.,0.));
#7189=DIRECTION('',(0.,0.,-1.));
#7190=DIRECTION('',(-1.,0.,0.));
#7191=DIRECTION('',(0.,0.,1.));
#7192=DIRECTION('',(0.,0.,-1.));
#7193=DIRECTION('',(0.,1.,0.));
#7194=DIRECTION('',(0.,0.,-1.));
#7195=DIRECTION('',(0.,1.,0.));
#7196=DIRECTION('',(0.,1.,0.));
#7197=DIRECTION('',(0.,0.,1.));
#7198=DIRECTION('',(0.,1.,0.));
#7199=DIRECTION('',(0.,0.,1.));
#7200=DIRECTION('',(1.,0.,0.));
#7201=DIRECTION('',(1.,0.,0.));
#7202=DIRECTION('',(0.,1.,0.));
#7203=DIRECTION('',(0.,0.,1.));
#7204=DIRECTION('',(0.,1.,0.));
#7205=DIRECTION('',(0.,0.,1.));
#7206=DIRECTION('',(0.,0.,1.));
#7207=DIRECTION('',(1.,0.,0.));
#7208=DIRECTION('',(-1.,0.,0.));
#7209=DIRECTION('',(0.,0.,1.));
#7210=DIRECTION('',(1.,0.,0.));
#7211=DIRECTION('',(-1.,0.,0.));
#7212=DIRECTION('',(-6.12323399573675E-17,-1.,0.));
#7213=DIRECTION('',(1.,-6.12323399573675E-17,0.));
#7214=DIRECTION('',(6.12323399573675E-17,1.,0.));
#7215=DIRECTION('',(-1.,6.12323399573675E-17,0.));
#7216=DIRECTION('',(6.12323399573675E-17,1.,0.));
#7217=DIRECTION('',(0.,0.,1.));
#7218=DIRECTION('',(6.12323399573675E-17,1.,0.));
#7219=DIRECTION('',(-1.,6.12323399573675E-17,0.));
#7220=DIRECTION('',(-6.12323399573677E-17,-1.,0.));
#7221=DIRECTION('',(0.,0.,1.));
#7222=DIRECTION('',(0.,0.,-1.));
#7223=DIRECTION('',(-1.,6.12323399573677E-17,0.));
#7224=DIRECTION('',(0.,0.,-1.));
#7225=DIRECTION('',(-1.,6.12323399573677E-17,0.));
#7226=DIRECTION('',(-1.,6.12323399573677E-17,0.));
#7227=DIRECTION('',(0.,0.,1.));
#7228=DIRECTION('',(-1.,6.12323399573677E-17,0.));
#7229=DIRECTION('',(0.,0.,1.));
#7230=DIRECTION('',(6.12323399573677E-17,1.,0.));
#7231=DIRECTION('',(6.12323399573677E-17,1.,0.));
#7232=DIRECTION('',(-1.,6.12323399573677E-17,0.));
#7233=DIRECTION('',(0.,0.,1.));
#7234=DIRECTION('',(-1.,6.12323399573677E-17,0.));
#7235=DIRECTION('',(0.,0.,1.));
#7236=DIRECTION('',(0.,0.,1.));
#7237=DIRECTION('',(6.12323399573677E-17,1.,0.));
#7238=DIRECTION('',(-6.12323399573677E-17,-1.,0.));
#7239=DIRECTION('',(0.,0.,1.));
#7240=DIRECTION('',(6.12323399573677E-17,1.,0.));
#7241=DIRECTION('',(-6.12323399573677E-17,-1.,0.));
#7242=DIRECTION('',(1.,-1.22464679914735E-16,0.));
#7243=DIRECTION('',(1.22464679914735E-16,1.,0.));
#7244=DIRECTION('',(-1.,1.22464679914735E-16,0.));
#7245=DIRECTION('',(-1.22464679914735E-16,-1.,0.));
#7246=DIRECTION('',(-1.,1.22464679914735E-16,0.));
#7247=DIRECTION('',(-1.22464679914735E-16,-1.,0.));
#7248=DIRECTION('',(-1.,1.22464679914735E-16,0.));
#7249=DIRECTION('',(-1.22464679914735E-16,-1.,0.));
#7250=DIRECTION('',(1.,-1.22464679914735E-16,0.));
#7251=DIRECTION('',(0.,0.,1.));
#7252=DIRECTION('',(0.,0.,-1.));
#7253=DIRECTION('',(-1.22464679914735E-16,-1.,0.));
#7254=DIRECTION('',(0.,0.,-1.));
#7255=DIRECTION('',(-1.22464679914735E-16,-1.,0.));
#7256=DIRECTION('',(-1.22464679914735E-16,-1.,0.));
#7257=DIRECTION('',(0.,0.,1.));
#7258=DIRECTION('',(0.,0.,-1.));
#7259=DIRECTION('',(0.,0.,-1.));
#7260=DIRECTION('',(-1.22464679914735E-16,-1.,0.));
#7261=DIRECTION('',(0.,0.,1.));
#7262=DIRECTION('',(-1.,1.22464679914735E-16,0.));
#7263=DIRECTION('',(-1.,1.22464679914735E-16,0.));
#7264=DIRECTION('',(-1.22464679914735E-16,-1.,0.));
#7265=DIRECTION('',(0.,0.,1.));
#7266=DIRECTION('',(-1.22464679914735E-16,-1.,0.));
#7267=DIRECTION('',(0.,0.,1.));
#7268=DIRECTION('',(1.,-1.22464679914735E-16,0.));
#7269=DIRECTION('',(0.,0.,1.));
#7270=DIRECTION('',(0.,0.,-1.));
#7271=DIRECTION('',(1.,-1.22464679914735E-16,0.));
#7272=DIRECTION('',(1.22464679914735E-16,1.,0.));
#7273=DIRECTION('',(0.,0.,1.));
#7274=DIRECTION('',(-1.,1.22464679914735E-16,0.));
#7275=DIRECTION('',(1.,-1.22464679914735E-16,0.));
#7276=DIRECTION('',(1.,-1.22464679914735E-16,0.));
#7277=DIRECTION('',(0.,0.,1.));
#7278=DIRECTION('',(0.,0.,-1.));
#7279=DIRECTION('',(1.,-1.22464679914735E-16,0.));
#7280=DIRECTION('',(1.22464679914735E-16,1.,0.));
#7281=DIRECTION('',(0.,0.,1.));
#7282=DIRECTION('',(-1.,1.22464679914735E-16,0.));
#7283=DIRECTION('',(1.,-1.22464679914735E-16,0.));
#7284=DIRECTION('',(1.83697019872103E-16,1.,0.));
#7285=DIRECTION('',(-1.,1.83697019872103E-16,0.));
#7286=DIRECTION('',(-1.83697019872103E-16,-1.,0.));
#7287=DIRECTION('',(1.,-1.83697019872103E-16,0.));
#7288=DIRECTION('',(-1.83697019872103E-16,-1.,0.));
#7289=DIRECTION('',(0.,0.,-1.));
#7290=DIRECTION('',(-1.83697019872103E-16,-1.,0.));
#7291=DIRECTION('',(1.,-1.83697019872103E-16,0.));
#7292=DIRECTION('',(1.83697019872103E-16,1.,0.));
#7293=DIRECTION('',(0.,0.,1.));
#7294=DIRECTION('',(0.,0.,-1.));
#7295=DIRECTION('',(1.,-1.83697019872103E-16,0.));
#7296=DIRECTION('',(0.,0.,-1.));
#7297=DIRECTION('',(1.,-1.83697019872103E-16,0.));
#7298=DIRECTION('',(1.,-1.83697019872103E-16,0.));
#7299=DIRECTION('',(0.,0.,1.));
#7300=DIRECTION('',(0.,0.,-1.));
#7301=DIRECTION('',(1.,-1.83697019872103E-16,0.));
#7302=DIRECTION('',(0.,0.,1.));
#7303=DIRECTION('',(-1.83697019872103E-16,-1.,0.));
#7304=DIRECTION('',(-1.83697019872103E-16,-1.,0.));
#7305=DIRECTION('',(1.,-1.83697019872103E-16,0.));
#7306=DIRECTION('',(0.,0.,1.));
#7307=DIRECTION('',(1.,-1.83697019872103E-16,0.));
#7308=DIRECTION('',(0.,0.,1.));
#7309=DIRECTION('',(1.83697019872103E-16,1.,0.));
#7310=DIRECTION('',(0.,0.,1.));
#7311=DIRECTION('',(0.,0.,-1.));
#7312=DIRECTION('',(1.83697019872103E-16,1.,0.));
#7313=DIRECTION('',(-1.,1.83697019872103E-16,0.));
#7314=DIRECTION('',(0.,0.,1.));
#7315=DIRECTION('',(-1.83697019872103E-16,-1.,0.));
#7316=DIRECTION('',(1.83697019872103E-16,1.,0.));
#7317=DIRECTION('',(0.,0.,1.));
#7318=DIRECTION('',(-1.83697019872103E-16,-1.,0.));
#7319=DIRECTION('',(1.83697019872103E-16,1.,0.));
#7320=DIRECTION('',(1.,-1.83697019872103E-16,0.));
#7321=DIRECTION('',(0.,0.,1.));
#7322=DIRECTION('',(-1.83697019872103E-16,-1.,0.));
#7323=DIRECTION('',(0.,0.,-1.));
#7324=DIRECTION('',(0.,0.,-1.));
#7325=DIRECTION('',(-1.83697019872103E-16,-1.,0.));
#7326=DIRECTION('',(1.,-1.83697019872103E-16,0.));
#7327=DIRECTION('',(0.,0.,1.));
#7328=DIRECTION('',(-1.83697019872103E-16,-1.,0.));
#7329=DIRECTION('',(0.,0.,-1.));
#7330=DIRECTION('',(0.,0.,-1.));
#7331=DIRECTION('',(-1.83697019872103E-16,-1.,0.));
#7332=DIRECTION('',(0.,0.,1.));
#7333=DIRECTION('',(-1.83697019872103E-16,-1.,0.));
#7334=DIRECTION('',(-1.,1.83697019872103E-16,0.));
#7335=DIRECTION('',(0.,0.,1.));
#7336=DIRECTION('',(-1.83697019872103E-16,-1.,0.));
#7337=DIRECTION('',(-1.,1.83697019872103E-16,0.));
#7338=DIRECTION('',(1.83697019872103E-16,1.,0.));
#7339=DIRECTION('',(0.,0.,1.));
#7340=DIRECTION('',(1.83697019872103E-16,1.,0.));
#7341=DIRECTION('',(0.,0.,1.));
#7342=DIRECTION('',(3.46944695195362E-16,1.,0.));
#7343=DIRECTION('',(-1.,3.46944695195362E-16,0.));
#7344=DIRECTION('',(-3.46944695195362E-16,-1.,0.));
#7345=DIRECTION('',(1.,-3.46944695195362E-16,0.));
#7346=DIRECTION('',(-3.46944695195362E-16,-1.,0.));
#7347=DIRECTION('',(0.,0.,-1.));
#7348=DIRECTION('',(3.46944695195362E-16,1.,0.));
#7349=DIRECTION('',(-1.,3.46944695195362E-16,0.));
#7350=DIRECTION('',(-3.46944695195362E-16,-1.,0.));
#7351=DIRECTION('',(1.,-3.46944695195362E-16,0.));
#7352=DIRECTION('',(-3.46944695195362E-16,-1.,0.));
#7353=DIRECTION('',(0.,0.,-1.));
#7354=DIRECTION('',(-3.46944695195362E-16,-1.,0.));
#7355=DIRECTION('',(0.,0.,-1.));
#7356=DIRECTION('',(-3.46944695195362E-16,-1.,0.));
#7357=DIRECTION('',(1.,-3.46944695195362E-16,0.));
#7358=DIRECTION('',(3.46944695195362E-16,1.,0.));
#7359=DIRECTION('',(-1.,3.46944695195362E-16,0.));
#7360=DIRECTION('',(-3.46944695195362E-16,-1.,0.));
#7361=DIRECTION('',(0.,0.,-1.));
#7362=DIRECTION('',(-3.46944695195362E-16,-1.,0.));
#7363=DIRECTION('',(1.,-3.46944695195362E-16,0.));
#7364=DIRECTION('',(3.46944695195362E-16,1.,0.));
#7365=DIRECTION('',(-1.,3.46944695195362E-16,0.));
#7366=DIRECTION('',(1.83697019872103E-16,1.,0.));
#7367=DIRECTION('',(-1.,1.83697019872103E-16,0.));
#7368=DIRECTION('',(-1.22464679914735E-16,-1.,0.));
#7369=DIRECTION('',(0.,0.,1.));
#7370=DIRECTION('',(-1.,1.22464679914735E-16,0.));
#7371=DIRECTION('',(0.,0.,-1.));
#7372=DIRECTION('',(0.,0.,-1.));
#7373=DIRECTION('',(-1.,1.22464679914735E-16,0.));
#7374=DIRECTION('',(-1.22464679914735E-16,-1.,0.));
#7375=DIRECTION('',(0.,0.,1.));
#7376=DIRECTION('',(-1.,1.22464679914735E-16,0.));
#7377=DIRECTION('',(0.,0.,-1.));
#7378=DIRECTION('',(0.,0.,-1.));
#7379=DIRECTION('',(-1.,1.22464679914735E-16,0.));
#7380=DIRECTION('',(0.,0.,1.));
#7381=DIRECTION('',(-1.,1.22464679914735E-16,0.));
#7382=DIRECTION('',(1.22464679914735E-16,1.,0.));
#7383=DIRECTION('',(0.,0.,1.));
#7384=DIRECTION('',(-1.,1.22464679914735E-16,0.));
#7385=DIRECTION('',(1.22464679914735E-16,1.,0.));
#7386=DIRECTION('',(1.,-1.22464679914735E-16,0.));
#7387=DIRECTION('',(0.,0.,1.));
#7388=DIRECTION('',(1.,-1.22464679914735E-16,0.));
#7389=DIRECTION('',(0.,0.,1.));
#7390=DIRECTION('',(1.,0.,0.));
#7391=DIRECTION('',(0.,0.,-1.));
#7392=DIRECTION('',(-1.,0.,0.));
#7393=DIRECTION('',(0.,0.,1.));
#7394=DIRECTION('',(-1.,0.,0.));
#7395=DIRECTION('',(0.,-1.,0.));
#7396=DIRECTION('',(1.,0.,0.));
#7397=DIRECTION('',(0.,0.,-1.));
#7398=DIRECTION('',(-1.,0.,0.));
#7399=DIRECTION('',(0.,0.,1.));
#7400=DIRECTION('',(-1.,0.,0.));
#7401=DIRECTION('',(0.,-1.,0.));
#7402=DIRECTION('',(-1.,0.,0.));
#7403=DIRECTION('',(0.,-1.,0.));
#7404=DIRECTION('',(-1.,0.,0.));
#7405=DIRECTION('',(0.,0.,1.));
#7406=DIRECTION('',(1.,0.,0.));
#7407=DIRECTION('',(0.,0.,-1.));
#7408=DIRECTION('',(-1.,0.,0.));
#7409=DIRECTION('',(0.,-1.,0.));
#7410=DIRECTION('',(-1.,0.,0.));
#7411=DIRECTION('',(0.,0.,1.));
#7412=DIRECTION('',(1.,0.,0.));
#7413=DIRECTION('',(0.,0.,-1.));
#7414=DIRECTION('',(1.,-1.22464679914735E-16,0.));
#7415=DIRECTION('',(1.22464679914735E-16,1.,0.));
#7416=DIRECTION('',(-1.,6.12323399573677E-17,0.));
#7417=DIRECTION('',(0.,0.,1.));
#7418=DIRECTION('',(6.12323399573677E-17,1.,0.));
#7419=DIRECTION('',(0.,0.,-1.));
#7420=DIRECTION('',(0.,0.,-1.));
#7421=DIRECTION('',(6.12323399573677E-17,1.,0.));
#7422=DIRECTION('',(-1.,6.12323399573677E-17,0.));
#7423=DIRECTION('',(0.,0.,1.));
#7424=DIRECTION('',(6.12323399573677E-17,1.,0.));
#7425=DIRECTION('',(0.,0.,-1.));
#7426=DIRECTION('',(0.,0.,-1.));
#7427=DIRECTION('',(6.12323399573677E-17,1.,0.));
#7428=DIRECTION('',(0.,0.,1.));
#7429=DIRECTION('',(6.12323399573677E-17,1.,0.));
#7430=DIRECTION('',(1.,-6.12323399573677E-17,0.));
#7431=DIRECTION('',(0.,0.,1.));
#7432=DIRECTION('',(6.12323399573677E-17,1.,0.));
#7433=DIRECTION('',(1.,-6.12323399573677E-17,0.));
#7434=DIRECTION('',(-6.12323399573677E-17,-1.,0.));
#7435=DIRECTION('',(0.,0.,1.));
#7436=DIRECTION('',(-6.12323399573677E-17,-1.,0.));
#7437=DIRECTION('',(0.,0.,1.));
#7438=DIRECTION('',(0.,-1.,0.));
#7439=DIRECTION('',(0.,0.,-1.));
#7440=DIRECTION('',(0.,1.,0.));
#7441=DIRECTION('',(0.,0.,1.));
#7442=DIRECTION('',(0.,1.,0.));
#7443=DIRECTION('',(0.,0.,1.));
#7444=DIRECTION('',(0.,-1.,0.));
#7445=DIRECTION('',(0.,0.,-1.));
#7446=DIRECTION('',(0.,1.,0.));
#7447=DIRECTION('',(0.,0.,1.));
#7448=DIRECTION('',(0.,1.,0.));
#7449=DIRECTION('',(0.,0.,1.));
#7450=DIRECTION('',(0.,1.,0.));
#7451=DIRECTION('',(0.,0.,1.));
#7452=DIRECTION('',(0.,1.,0.));
#7453=DIRECTION('',(0.,0.,1.));
#7454=DIRECTION('',(0.,-1.,0.));
#7455=DIRECTION('',(0.,0.,-1.));
#7456=DIRECTION('',(0.,1.,0.));
#7457=DIRECTION('',(0.,0.,1.));
#7458=DIRECTION('',(0.,1.,0.));
#7459=DIRECTION('',(0.,0.,1.));
#7460=DIRECTION('',(0.,-1.,0.));
#7461=DIRECTION('',(0.,0.,-1.));
#7462=DIRECTION('',(-6.12323399573677E-17,-1.,0.));
#7463=DIRECTION('',(1.,-6.12323399573677E-17,0.));
#7464=DIRECTION('',(0.,1.,0.));
#7465=DIRECTION('',(0.,0.,1.));
#7466=DIRECTION('',(1.,0.,0.));
#7467=DIRECTION('',(0.,0.,-1.));
#7468=DIRECTION('',(0.,0.,-1.));
#7469=DIRECTION('',(1.,0.,0.));
#7470=DIRECTION('',(0.,1.,0.));
#7471=DIRECTION('',(0.,0.,1.));
#7472=DIRECTION('',(1.,0.,0.));
#7473=DIRECTION('',(0.,0.,-1.));
#7474=DIRECTION('',(0.,0.,-1.));
#7475=DIRECTION('',(1.,0.,0.));
#7476=DIRECTION('',(0.,0.,1.));
#7477=DIRECTION('',(1.,0.,0.));
#7478=DIRECTION('',(0.,-1.,0.));
#7479=DIRECTION('',(0.,0.,1.));
#7480=DIRECTION('',(1.,0.,0.));
#7481=DIRECTION('',(0.,-1.,0.));
#7482=DIRECTION('',(-1.,0.,0.));
#7483=DIRECTION('',(0.,0.,1.));
#7484=DIRECTION('',(-1.,0.,0.));
#7485=DIRECTION('',(0.,0.,1.));
#7486=DIRECTION('',(-1.,0.,0.));
#7487=DIRECTION('',(0.,0.,1.));
#7488=DIRECTION('',(1.,0.,0.));
#7489=DIRECTION('',(0.,0.,-1.));
#7490=DIRECTION('',(1.,0.,0.));
#7491=DIRECTION('',(0.,1.,0.));
#7492=DIRECTION('',(-1.,0.,0.));
#7493=DIRECTION('',(0.,0.,1.));
#7494=DIRECTION('',(1.,0.,0.));
#7495=DIRECTION('',(0.,0.,-1.));
#7496=DIRECTION('',(1.,0.,0.));
#7497=DIRECTION('',(0.,1.,0.));
#7498=DIRECTION('',(1.,0.,0.));
#7499=DIRECTION('',(0.,1.,0.));
#7500=DIRECTION('',(1.,0.,0.));
#7501=DIRECTION('',(0.,0.,-1.));
#7502=DIRECTION('',(-1.,0.,0.));
#7503=DIRECTION('',(0.,0.,1.));
#7504=DIRECTION('',(1.,0.,0.));
#7505=DIRECTION('',(0.,1.,0.));
#7506=DIRECTION('',(1.,0.,0.));
#7507=DIRECTION('',(0.,0.,-1.));
#7508=DIRECTION('',(-1.,0.,0.));
#7509=DIRECTION('',(0.,0.,1.));
#7510=DIRECTION('',(-1.,0.,0.));
#7511=DIRECTION('',(0.,0.,1.));
#7512=DIRECTION('',(0.,0.,1.));
#7513=DIRECTION('',(1.,0.,0.));
#7514=DIRECTION('',(-1.,0.,0.));
#7515=DIRECTION('',(0.,0.,1.));
#7516=DIRECTION('',(0.,0.,1.));
#7517=DIRECTION('',(0.,1.,0.));
#7518=DIRECTION('',(0.,0.,1.));
#7519=DIRECTION('',(0.,-1.,0.));
#7520=DIRECTION('',(1.,0.,0.));
#7521=DIRECTION('',(0.,0.,-1.));
#7522=DIRECTION('',(0.,0.,1.));
#7523=DIRECTION('',(0.,-1.,0.));
#7524=DIRECTION('',(0.,0.,1.));
#7525=DIRECTION('',(0.,1.,0.));
#7526=DIRECTION('',(-1.,0.,0.));
#7527=DIRECTION('',(0.,0.,1.));
#7528=DIRECTION('',(0.,1.,0.));
#7529=DIRECTION('',(0.,0.,1.));
#7530=DIRECTION('',(0.,-1.,0.));
#7531=DIRECTION('',(0.,0.,1.));
#7532=DIRECTION('',(0.,-1.,0.));
#7533=DIRECTION('',(0.,0.,-1.));
#7534=DIRECTION('',(1.,0.,0.));
#7535=DIRECTION('',(0.,0.,1.));
#7536=DIRECTION('',(1.,0.,0.));
#7537=DIRECTION('',(0.,0.,1.));
#7538=DIRECTION('',(1.,0.,0.));
#7539=DIRECTION('',(1.,0.,0.));
#7540=DIRECTION('',(0.,0.,1.));
#7541=DIRECTION('',(1.,0.,0.));
#7542=DIRECTION('',(1.,0.,0.));
#7543=DIRECTION('',(1.,0.,0.));
#7544=DIRECTION('',(0.,0.,-1.));
#7545=DIRECTION('',(0.,-1.,0.));
#7546=DIRECTION('',(0.,0.,1.));
#7547=DIRECTION('',(0.,1.,0.));
#7548=DIRECTION('',(0.,1.,0.));
#7549=DIRECTION('',(0.,0.,1.));
#7550=DIRECTION('',(-1.,0.,0.));
#7551=DIRECTION('',(0.,0.,1.));
#7552=DIRECTION('',(-1.,0.,0.));
#7553=DIRECTION('',(-1.,0.,0.));
#7554=DIRECTION('',(-1.,0.,0.));
#7555=DIRECTION('',(0.,0.,1.));
#7556=DIRECTION('',(-1.,0.,0.));
#7557=DIRECTION('',(-1.,0.,0.));
#7558=DIRECTION('',(0.,0.,1.));
#7559=DIRECTION('',(1.,0.,0.));
#7560=DIRECTION('',(0.,0.,1.));
#7561=DIRECTION('',(1.,0.,0.));
#7562=DIRECTION('',(1.,0.,0.));
#7563=DIRECTION('',(0.,0.,-1.));
#7564=DIRECTION('',(0.,1.,0.));
#7565=DIRECTION('',(0.,1.,0.));
#7566=DIRECTION('',(0.,0.,1.));
#7567=DIRECTION('',(1.,0.,0.));
#7568=DIRECTION('',(0.,0.,1.));
#7569=DIRECTION('',(1.,0.,0.));
#7570=DIRECTION('',(0.,0.,1.));
#7571=DIRECTION('',(1.,0.,0.));
#7572=DIRECTION('',(0.,0.,1.));
#7573=DIRECTION('',(1.,0.,0.));
#7574=DIRECTION('',(0.,0.,1.));
#7575=DIRECTION('',(1.,0.,0.));
#7576=DIRECTION('',(0.,0.,1.));
#7577=DIRECTION('',(1.,0.,0.));
#7578=DIRECTION('',(0.,0.,1.));
#7579=DIRECTION('',(1.,0.,0.));
#7580=DIRECTION('',(0.,0.,1.));
#7581=DIRECTION('',(1.,0.,0.));
#7582=DIRECTION('',(0.,0.,1.));
#7583=DIRECTION('',(1.,0.,0.));
#7584=DIRECTION('',(0.,0.,1.));
#7585=DIRECTION('',(1.,0.,0.));
#7586=DIRECTION('',(0.,0.,1.));
#7587=DIRECTION('',(1.,0.,0.));
#7588=DIRECTION('',(0.,0.,1.));
#7589=DIRECTION('',(1.,0.,0.));
#7590=DIRECTION('',(0.,-1.,0.));
#7591=DIRECTION('',(0.,0.,1.));
#7592=DIRECTION('',(1.,0.,0.));
#7593=DIRECTION('',(0.,0.,1.));
#7594=DIRECTION('',(1.,0.,0.));
#7595=DIRECTION('',(0.,0.,1.));
#7596=DIRECTION('',(1.,0.,0.));
#7597=DIRECTION('',(0.,0.,1.));
#7598=DIRECTION('',(1.,0.,0.));
#7599=DIRECTION('',(0.,-1.,0.));
#7600=DIRECTION('',(-1.,0.,0.));
#7601=DIRECTION('',(0.,0.,1.));
#7602=DIRECTION('',(0.,0.,1.));
#7603=DIRECTION('',(1.,0.,0.));
#7604=DIRECTION('',(0.,0.,1.));
#7605=DIRECTION('',(1.,0.,0.));
#7606=DIRECTION('',(0.,0.,1.));
#7607=DIRECTION('',(1.,0.,0.));
#7608=DIRECTION('',(0.,0.,1.));
#7609=DIRECTION('',(1.,0.,0.));
#7610=DIRECTION('',(0.,0.,1.));
#7611=DIRECTION('',(1.,0.,0.));
#7612=DIRECTION('',(0.,0.,1.));
#7613=DIRECTION('',(1.,0.,0.));
#7614=DIRECTION('',(-1.83697019872103E-16,-1.,0.));
#7615=DIRECTION('',(0.,0.,1.));
#7616=DIRECTION('',(0.,0.,1.));
#7617=DIRECTION('',(1.,0.,0.));
#7618=DIRECTION('',(0.,0.,1.));
#7619=DIRECTION('',(1.,0.,0.));
#7620=DIRECTION('',(0.,0.,1.));
#7621=DIRECTION('',(1.,0.,0.));
#7622=DIRECTION('',(0.,0.,1.));
#7623=DIRECTION('',(1.,0.,0.));
#7624=DIRECTION('',(0.,0.,1.));
#7625=DIRECTION('',(1.,0.,0.));
#7626=DIRECTION('',(0.,0.,1.));
#7627=DIRECTION('',(1.,0.,0.));
#7628=DIRECTION('',(0.,0.,1.));
#7629=DIRECTION('',(1.,0.,0.));
#7630=DIRECTION('',(0.,0.,1.));
#7631=DIRECTION('',(1.,0.,0.));
#7632=DIRECTION('',(0.,0.,1.));
#7633=DIRECTION('',(1.,0.,0.));
#7634=DIRECTION('',(6.12323399573677E-17,1.,0.));
#7635=DIRECTION('',(0.,0.,1.));
#7636=DIRECTION('',(1.,-1.22464679914735E-16,0.));
#7637=DIRECTION('',(1.22464679914735E-16,1.,0.));
#7638=DIRECTION('',(-1.,1.22464679914735E-16,0.));
#7639=DIRECTION('',(0.,0.,-1.));
#7640=DIRECTION('',(1.,-1.22464679914735E-16,0.));
#7641=DIRECTION('',(-1.,1.22464679914735E-16,0.));
#7642=DIRECTION('',(0.,0.,-1.));
#7643=DIRECTION('',(1.,-1.22464679914735E-16,0.));
#7644=DIRECTION('',(1.,-1.22464679914735E-16,0.));
#7645=DIRECTION('',(1.22464679914735E-16,1.,0.));
#7646=DIRECTION('',(1.,-1.22464679914735E-16,0.));
#7647=DIRECTION('',(-1.,1.22464679914735E-16,0.));
#7648=DIRECTION('',(0.,0.,-1.));
#7649=DIRECTION('',(1.,-1.22464679914735E-16,0.));
#7650=DIRECTION('',(1.,-1.22464679914735E-16,0.));
#7651=DIRECTION('',(1.22464679914735E-16,1.,0.));
#7652=DIRECTION('',(-1.,1.22464679914735E-16,0.));
#7653=DIRECTION('',(-1.22464679914735E-16,-1.,0.));
#7654=DIRECTION('',(0.,0.,1.));
#7655=DIRECTION('',(-1.,1.22464679914735E-16,0.));
#7656=DIRECTION('',(-1.22464679914735E-16,-1.,0.));
#7657=DIRECTION('',(0.,0.,1.));
#7658=DIRECTION('',(-1.,1.22464679914735E-16,0.));
#7659=DIRECTION('',(-1.22464679914735E-16,-1.,0.));
#7660=DIRECTION('',(-1.,1.22464679914735E-16,0.));
#7661=DIRECTION('',(-1.22464679914735E-16,-1.,0.));
#7662=DIRECTION('',(1.,-1.22464679914735E-16,0.));
#7663=DIRECTION('',(1.22464679914735E-16,1.,0.));
#7664=DIRECTION('',(-1.,1.22464679914735E-16,0.));
#7665=DIRECTION('',(-1.22464679914735E-16,-1.,0.));
#7666=DIRECTION('',(-1.,1.22464679914735E-16,0.));
#7667=DIRECTION('',(-1.22464679914735E-16,-1.,0.));
#7668=DIRECTION('',(1.,-1.22464679914735E-16,0.));
#7669=DIRECTION('',(0.,0.,1.));
#7670=DIRECTION('',(0.,0.,-1.));
#7671=DIRECTION('',(-1.22464679914735E-16,-1.,0.));
#7672=DIRECTION('',(0.,0.,-1.));
#7673=DIRECTION('',(-1.22464679914735E-16,-1.,0.));
#7674=DIRECTION('',(0.,0.,1.));
#7675=DIRECTION('',(0.,0.,-1.));
#7676=DIRECTION('',(-1.,1.22464679914735E-16,0.));
#7677=DIRECTION('',(0.,0.,-1.));
#7678=DIRECTION('',(-1.,1.22464679914735E-16,0.));
#7679=DIRECTION('',(-1.22464679914735E-16,-1.,0.));
#7680=DIRECTION('',(0.,0.,1.));
#7681=DIRECTION('',(-1.,1.22464679914735E-16,0.));
#7682=DIRECTION('',(0.,0.,-1.));
#7683=DIRECTION('',(-1.,1.22464679914735E-16,0.));
#7684=DIRECTION('',(0.,0.,-1.));
#7685=DIRECTION('',(1.,-1.22464679914735E-16,0.));
#7686=DIRECTION('',(0.,0.,1.));
#7687=DIRECTION('',(-1.22464679914735E-16,-1.,0.));
#7688=DIRECTION('',(1.,-1.22464679914735E-16,0.));
#7689=DIRECTION('',(0.,0.,1.));
#7690=DIRECTION('',(-1.22464679914735E-16,-1.,0.));
#7691=DIRECTION('',(-1.22464679914735E-16,-1.,0.));
#7692=DIRECTION('',(0.,0.,1.));
#7693=DIRECTION('',(-1.,1.22464679914735E-16,0.));
#7694=DIRECTION('',(0.,0.,1.));
#7695=DIRECTION('',(-1.,1.22464679914735E-16,0.));
#7696=DIRECTION('',(0.,0.,1.));
#7697=DIRECTION('',(1.,0.,0.));
#7698=DIRECTION('',(1.83697019872103E-16,1.,-2.05627319718691E-16));
#7699=DIRECTION('',(0.,2.05627319718691E-16,1.));
#7700=DIRECTION('',(1.,-1.83697019872103E-16,0.));
#7701=DIRECTION('',(-3.77731258366116E-32,-2.05627319718691E-16,-1.));
#7702=DIRECTION('',(1.,-1.83697019872103E-16,0.));
#7703=DIRECTION('',(-3.77731258366116E-32,-2.05627319718691E-16,-1.));
#7704=DIRECTION('',(3.77731258366116E-32,2.05627319718691E-16,1.));
#7705=DIRECTION('',(1.,-1.83697019872103E-16,0.));
#7706=DIRECTION('',(3.77731258366116E-32,2.05627319718691E-16,1.));
#7707=DIRECTION('',(1.,-1.83697019872103E-16,0.));
#7708=DIRECTION('',(-1.06845561814108E-16,-0.581640147937611,-0.813446211071829));
#7709=DIRECTION('',(0.,0.813446211071829,-0.581640147937611));
#7710=DIRECTION('',(1.49427644800148E-16,0.813446211071828,-0.581640147937611));
#7711=DIRECTION('',(1.,-1.83697019872103E-16,0.));
#7712=DIRECTION('',(1.49427644800148E-16,0.813446211071828,-0.581640147937611));
#7713=DIRECTION('',(-1.83697019872103E-16,-1.,0.));
#7714=DIRECTION('',(1.,-1.83697019872103E-16,0.));
#7715=DIRECTION('',(0.,0.,-1.));
#7716=DIRECTION('',(1.,-1.83697019872103E-16,0.));
#7717=DIRECTION('',(0.,0.,-1.));
#7718=DIRECTION('',(2.01961966422408E-17,0.109942973796212,0.993937896708263));
#7719=DIRECTION('',(0.,-0.993937896708263,0.109942973796212));
#7720=DIRECTION('',(-1.82583429563254E-16,-0.993937896708263,0.109942973796212));
#7721=DIRECTION('',(-1.82583429563254E-16,-0.993937896708263,0.109942973796212));
#7722=DIRECTION('',(-1.,1.83697019872103E-16,0.));
#7723=DIRECTION('',(-1.83697019872103E-16,-1.,0.));
#7724=DIRECTION('',(-1.,1.83697019872103E-16,0.));
#7725=DIRECTION('',(-1.83697019872103E-16,-1.,0.));
#7726=DIRECTION('',(1.,-1.83697019872103E-16,0.));
#7727=DIRECTION('',(0.,0.,1.));
#7728=DIRECTION('',(-1.83697019872103E-16,-1.,0.));
#7729=DIRECTION('',(0.,0.,-1.));
#7730=DIRECTION('',(-1.83697019872103E-16,-1.,0.));
#7731=DIRECTION('',(1.83697019872103E-16,1.,0.));
#7732=DIRECTION('',(0.,0.,1.));
#7733=DIRECTION('',(1.,-1.83697019872103E-16,0.));
#7734=DIRECTION('',(1.,-1.83697019872103E-16,0.));
#7735=DIRECTION('',(0.,0.,-1.));
#7736=DIRECTION('',(1.,-1.83697019872103E-16,0.));
#7737=DIRECTION('',(0.,0.,1.));
#7738=DIRECTION('',(-1.83697019872103E-16,-1.,0.));
#7739=DIRECTION('',(-1.83697019872103E-16,-1.,0.));
#7740=DIRECTION('',(0.,0.,1.));
#7741=DIRECTION('',(-1.83697019872103E-16,-1.,0.));
#7742=DIRECTION('',(0.,0.,1.));
#7743=DIRECTION('',(-1.83697019872103E-16,-1.,0.));
#7744=DIRECTION('',(0.,0.,1.));
#7745=DIRECTION('',(1.,0.,0.));
#7746=DIRECTION('',(-1.,2.32845954527348E-16,-4.94426066229943E-16));
#7747=DIRECTION('',(-4.94426066229943E-16,-1.38777878078145E-16,1.));
#7748=DIRECTION('',(-1.,1.22464679914735E-16,0.));
#7749=DIRECTION('',(0.,0.,1.));
#7750=DIRECTION('',(0.,0.,1.));
#7751=DIRECTION('',(-1.83697019872103E-16,-1.,0.));
#7752=DIRECTION('',(6.12323399573677E-17,1.,0.));
#7753=DIRECTION('',(0.,0.,1.));
#7754=DIRECTION('',(1.,0.,0.));
#7755=DIRECTION('',(0.,0.,1.));
#7756=DIRECTION('',(-1.,1.22464679914735E-16,0.));
#7757=DIRECTION('',(0.,0.,1.));
#7758=DIRECTION('',(0.,0.,1.));
#7759=DIRECTION('',(-1.,1.22464679914735E-16,0.));
#7760=DIRECTION('',(0.,0.,1.));
#7761=DIRECTION('',(6.12323399573677E-17,1.,0.));
#7762=DIRECTION('',(-1.83697019872103E-16,-1.,0.));
#7763=DIRECTION('',(0.,0.,1.));
#7764=DIRECTION('',(0.,0.,-1.));
#7765=DIRECTION('',(-1.,0.,0.));
#7766=DIRECTION('',(0.,0.,1.));
#7767=DIRECTION('',(1.,0.,0.));
#7768=DIRECTION('',(0.,0.,1.));
#7769=DIRECTION('',(1.,0.,0.));
#7770=DIRECTION('',(0.,0.,1.));
#7771=DIRECTION('',(1.,0.,0.));
#7772=DIRECTION('',(0.,0.,1.));
#7773=DIRECTION('',(1.,0.,0.));
#7774=DIRECTION('',(0.,0.,1.));
#7775=DIRECTION('',(1.,0.,0.));
#7776=DIRECTION('',(0.,0.,1.));
#7777=DIRECTION('',(1.,0.,0.));
#7778=DIRECTION('',(0.,0.,-1.));
#7779=DIRECTION('',(-1.,0.,0.));
#7780=DIRECTION('',(0.,0.,1.));
#7781=DIRECTION('',(1.,0.,0.));
#7782=DIRECTION('',(3.10803863980364E-16,-1.,-6.29510886059032E-17));
#7783=DIRECTION('',(1.06692432666477E-13,-6.29510886058701E-17,1.));
#7784=DIRECTION('',(-1.83697019872103E-16,-1.,0.));
#7785=DIRECTION('',(0.,0.,1.));
#7786=DIRECTION('',(-6.12323399573677E-17,-1.,0.));
#7787=DIRECTION('',(1.,-6.12323399573677E-17,0.));
#7788=DIRECTION('',(6.12323399573677E-17,1.,0.));
#7789=DIRECTION('',(0.,0.,-1.));
#7790=DIRECTION('',(-6.12323399573677E-17,-1.,0.));
#7791=DIRECTION('',(6.12323399573677E-17,1.,0.));
#7792=DIRECTION('',(0.,0.,-1.));
#7793=DIRECTION('',(-6.12323399573677E-17,-1.,0.));
#7794=DIRECTION('',(-6.12323399573677E-17,-1.,0.));
#7795=DIRECTION('',(1.,-6.12323399573677E-17,0.));
#7796=DIRECTION('',(-6.12323399573677E-17,-1.,0.));
#7797=DIRECTION('',(6.12323399573677E-17,1.,0.));
#7798=DIRECTION('',(0.,0.,-1.));
#7799=DIRECTION('',(-6.12323399573677E-17,-1.,0.));
#7800=DIRECTION('',(-6.12323399573677E-17,-1.,0.));
#7801=DIRECTION('',(1.,-6.12323399573677E-17,0.));
#7802=DIRECTION('',(6.12323399573677E-17,1.,0.));
#7803=DIRECTION('',(-1.,6.12323399573677E-17,0.));
#7804=DIRECTION('',(0.,0.,1.));
#7805=DIRECTION('',(6.12323399573677E-17,1.,0.));
#7806=DIRECTION('',(-1.,6.12323399573677E-17,0.));
#7807=DIRECTION('',(0.,0.,1.));
#7808=DIRECTION('',(6.12323399573677E-17,1.,0.));
#7809=DIRECTION('',(-1.,6.12323399573677E-17,0.));
#7810=DIRECTION('',(6.12323399573677E-17,1.,0.));
#7811=DIRECTION('',(-1.,6.12323399573677E-17,0.));
#7812=DIRECTION('',(-6.12323399573677E-17,-1.,0.));
#7813=DIRECTION('',(1.,-6.12323399573677E-17,0.));
#7814=DIRECTION('',(6.12323399573677E-17,1.,0.));
#7815=DIRECTION('',(-1.,6.12323399573677E-17,0.));
#7816=DIRECTION('',(6.12323399573677E-17,1.,0.));
#7817=DIRECTION('',(0.,0.,1.));
#7818=DIRECTION('',(-6.12323399573677E-17,-1.,0.));
#7819=DIRECTION('',(0.,0.,1.));
#7820=DIRECTION('',(0.,0.,-1.));
#7821=DIRECTION('',(-1.,6.12323399573677E-17,0.));
#7822=DIRECTION('',(0.,0.,-1.));
#7823=DIRECTION('',(-1.,6.12323399573677E-17,0.));
#7824=DIRECTION('',(0.,0.,1.));
#7825=DIRECTION('',(0.,0.,-1.));
#7826=DIRECTION('',(6.12323399573677E-17,1.,0.));
#7827=DIRECTION('',(0.,0.,-1.));
#7828=DIRECTION('',(6.12323399573677E-17,1.,0.));
#7829=DIRECTION('',(-1.,6.12323399573677E-17,0.));
#7830=DIRECTION('',(0.,0.,1.));
#7831=DIRECTION('',(6.12323399573677E-17,1.,0.));
#7832=DIRECTION('',(0.,0.,-1.));
#7833=DIRECTION('',(6.12323399573677E-17,1.,0.));
#7834=DIRECTION('',(0.,0.,-1.));
#7835=DIRECTION('',(-6.12323399573677E-17,-1.,0.));
#7836=DIRECTION('',(0.,0.,1.));
#7837=DIRECTION('',(-1.,6.12323399573677E-17,0.));
#7838=DIRECTION('',(-6.12323399573677E-17,-1.,0.));
#7839=DIRECTION('',(0.,0.,1.));
#7840=DIRECTION('',(-1.,6.12323399573677E-17,0.));
#7841=DIRECTION('',(-1.,6.12323399573677E-17,0.));
#7842=DIRECTION('',(0.,0.,1.));
#7843=DIRECTION('',(6.12323399573677E-17,1.,0.));
#7844=DIRECTION('',(0.,0.,1.));
#7845=DIRECTION('',(6.12323399573677E-17,1.,0.));
#7846=DIRECTION('',(0.,0.,1.));
#7847=DIRECTION('',(1.,0.,0.));
#7848=DIRECTION('',(1.,0.,0.));
#7849=DIRECTION('',(0.,0.,1.));
#7850=DIRECTION('',(0.,0.,1.));
#7851=DIRECTION('',(-1.,1.22464679914735E-16,0.));
#7852=DIRECTION('',(6.12323399573677E-17,1.,0.));
#7853=DIRECTION('',(0.,0.,1.));
#7854=DIRECTION('',(0.,0.,1.));
#7855=DIRECTION('',(-1.83697019872103E-16,-1.,0.));
#7856=DIRECTION('',(1.83697019872103E-16,1.,0.));
#7857=DIRECTION('',(-1.,1.83697019872103E-16,0.));
#7858=DIRECTION('',(-1.83697019872103E-16,-1.,0.));
#7859=DIRECTION('',(0.,0.,-1.));
#7860=DIRECTION('',(1.83697019872103E-16,1.,0.));
#7861=DIRECTION('',(-1.83697019872103E-16,-1.,0.));
#7862=DIRECTION('',(0.,0.,-1.));
#7863=DIRECTION('',(1.83697019872103E-16,1.,0.));
#7864=DIRECTION('',(1.83697019872103E-16,1.,0.));
#7865=DIRECTION('',(-1.,1.83697019872103E-16,0.));
#7866=DIRECTION('',(1.83697019872103E-16,1.,0.));
#7867=DIRECTION('',(-1.83697019872103E-16,-1.,0.));
#7868=DIRECTION('',(0.,0.,-1.));
#7869=DIRECTION('',(1.83697019872103E-16,1.,0.));
#7870=DIRECTION('',(1.83697019872103E-16,1.,0.));
#7871=DIRECTION('',(-1.,1.83697019872103E-16,0.));
#7872=DIRECTION('',(-1.83697019872103E-16,-1.,0.));
#7873=DIRECTION('',(1.,-1.83697019872103E-16,0.));
#7874=DIRECTION('',(0.,0.,1.));
#7875=DIRECTION('',(-1.83697019872103E-16,-1.,0.));
#7876=DIRECTION('',(1.,-1.83697019872103E-16,0.));
#7877=DIRECTION('',(0.,0.,1.));
#7878=DIRECTION('',(-1.83697019872103E-16,-1.,0.));
#7879=DIRECTION('',(1.,-1.83697019872103E-16,0.));
#7880=DIRECTION('',(-1.83697019872103E-16,-1.,0.));
#7881=DIRECTION('',(1.,-1.83697019872103E-16,0.));
#7882=DIRECTION('',(1.83697019872103E-16,1.,0.));
#7883=DIRECTION('',(-1.,1.83697019872103E-16,0.));
#7884=DIRECTION('',(-1.83697019872103E-16,-1.,0.));
#7885=DIRECTION('',(1.,-1.83697019872103E-16,0.));
#7886=DIRECTION('',(-1.83697019872103E-16,-1.,0.));
#7887=DIRECTION('',(0.,0.,-1.));
#7888=DIRECTION('',(1.83697019872103E-16,1.,0.));
#7889=DIRECTION('',(0.,0.,1.));
#7890=DIRECTION('',(0.,0.,-1.));
#7891=DIRECTION('',(1.,-1.83697019872103E-16,0.));
#7892=DIRECTION('',(0.,0.,-1.));
#7893=DIRECTION('',(1.,-1.83697019872103E-16,0.));
#7894=DIRECTION('',(0.,0.,1.));
#7895=DIRECTION('',(0.,0.,-1.));
#7896=DIRECTION('',(-1.83697019872103E-16,-1.,0.));
#7897=DIRECTION('',(0.,0.,-1.));
#7898=DIRECTION('',(-1.83697019872103E-16,-1.,0.));
#7899=DIRECTION('',(1.,-1.83697019872103E-16,0.));
#7900=DIRECTION('',(0.,0.,1.));
#7901=DIRECTION('',(-1.83697019872103E-16,-1.,0.));
#7902=DIRECTION('',(0.,0.,-1.));
#7903=DIRECTION('',(-1.83697019872103E-16,-1.,0.));
#7904=DIRECTION('',(0.,0.,-1.));
#7905=DIRECTION('',(1.83697019872103E-16,1.,0.));
#7906=DIRECTION('',(0.,0.,1.));
#7907=DIRECTION('',(1.,-1.83697019872103E-16,0.));
#7908=DIRECTION('',(1.83697019872103E-16,1.,0.));
#7909=DIRECTION('',(0.,0.,1.));
#7910=DIRECTION('',(1.,-1.83697019872103E-16,0.));
#7911=DIRECTION('',(1.,-1.83697019872103E-16,0.));
#7912=DIRECTION('',(0.,0.,1.));
#7913=DIRECTION('',(-1.83697019872103E-16,-1.,0.));
#7914=DIRECTION('',(0.,0.,1.));
#7915=DIRECTION('',(-1.83697019872103E-16,-1.,0.));
#7916=DIRECTION('',(0.,0.,1.));
#7917=DIRECTION('',(1.,0.,0.));
#7918=DIRECTION('',(-1.,1.22464679914735E-16,0.));
#7919=DIRECTION('',(0.,0.,1.));
#7920=DIRECTION('',(0.,0.,-1.));
#7921=DIRECTION('',(-1.,0.,0.));
#7922=DIRECTION('',(0.,0.,1.));
#7923=DIRECTION('',(1.,0.,0.));
#7924=DIRECTION('',(0.,0.,1.));
#7925=DIRECTION('',(1.,0.,0.));
#7926=DIRECTION('',(0.,0.,-1.));
#7927=DIRECTION('',(-1.,0.,0.));
#7928=DIRECTION('',(0.,0.,1.));
#7929=DIRECTION('',(1.,0.,0.));
#7930=DIRECTION('',(0.,0.,1.));
#7931=DIRECTION('',(1.,0.,0.));
#7932=DIRECTION('',(0.,0.,1.));
#7933=DIRECTION('',(1.,0.,0.));
#7934=DIRECTION('',(0.,0.,1.));
#7935=DIRECTION('',(1.,0.,0.));
#7936=DIRECTION('',(-1.,0.,0.));
#7937=DIRECTION('',(0.,0.,1.));
#7938=DIRECTION('',(-6.12323399573677E-17,-1.,0.));
#7939=DIRECTION('',(1.,-6.12323399573677E-17,0.));
#7940=DIRECTION('',(1.,-1.22464679914735E-16,0.));
#7941=DIRECTION('',(1.22464679914735E-16,1.,0.));
#7942=DIRECTION('',(1.83697019872103E-16,1.,0.));
#7943=DIRECTION('',(-1.,1.83697019872103E-16,0.));
#7944=DIRECTION('',(0.707106781186548,0.707106781186548,0.));
#7945=DIRECTION('',(-0.707106781186548,0.707106781186548,0.));
#7946=DIRECTION('',(0.707106781186548,0.707106781186548,0.));
#7947=DIRECTION('',(-0.707106781186548,0.707106781186548,0.));
#7948=DIRECTION('',(0.,0.,1.));
#7949=DIRECTION('',(1.,0.,0.));
#7950=CARTESIAN_POINT('',(0.,0.,0.));
#7951=CARTESIAN_POINT('',(40.2,-1.6,71.455));
#7952=CARTESIAN_POINT('',(40.2,-1.6,74.319));
#7953=CARTESIAN_POINT('',(40.2,-1.,74.319));
#7954=CARTESIAN_POINT('',(40.2,1.,74.319));
#7955=CARTESIAN_POINT('',(40.2,-1.,71.455));
#7956=CARTESIAN_POINT('',(40.2,-1.,62.219));
#7957=CARTESIAN_POINT('',(40.2,-1.6,62.219));
#7958=CARTESIAN_POINT('',(40.2,1.,62.219));
#7959=CARTESIAN_POINT('',(40.2,1.,71.455));
#7960=CARTESIAN_POINT('',(40.2,1.6,71.455));
#7961=CARTESIAN_POINT('',(40.2,1.6,37.71));
#7962=CARTESIAN_POINT('',(40.2,1.6,105.2));
#7963=CARTESIAN_POINT('',(40.2,-1.6,37.71));
#7964=CARTESIAN_POINT('',(40.2,-1.6,37.71));
#7965=CARTESIAN_POINT('',(40.2,-1.6,71.455));
#7966=CARTESIAN_POINT('',(40.2,-1.6,105.2));
#7967=CARTESIAN_POINT('',(40.2,-1.6,105.2));
#7968=CARTESIAN_POINT('',(73.695,-1.6,61.66));
#7969=CARTESIAN_POINT('',(73.695,1.6,61.66));
#7970=CARTESIAN_POINT('',(107.19,1.6,85.61));
#7971=CARTESIAN_POINT('',(107.19,-1.6,85.61));
#7972=CARTESIAN_POINT('',(107.19,-1.6,85.61));
#7973=CARTESIAN_POINT('',(73.695,-1.6,61.66));
#7974=CARTESIAN_POINT('',(107.19,-1.6,99.11));
#7975=CARTESIAN_POINT('',(107.19,1.6,99.11));
#7976=CARTESIAN_POINT('',(107.19,1.6,112.61));
#7977=CARTESIAN_POINT('',(107.19,-1.6,112.61));
#7978=CARTESIAN_POINT('',(107.19,-1.6,112.61));
#7979=CARTESIAN_POINT('',(107.19,-1.6,99.11));
#7980=CARTESIAN_POINT('',(73.695,-1.6,108.905));
#7981=CARTESIAN_POINT('',(73.695,1.6,108.905));
#7982=CARTESIAN_POINT('',(73.695,-1.6,108.905));
#7983=CARTESIAN_POINT('',(73.695,-1.6,75.16));
#7984=CARTESIAN_POINT('',(73.695,1.6,75.16));
#7985=CARTESIAN_POINT('',(52.5,-1.,74.319));
#7986=CARTESIAN_POINT('',(52.5,-1.,74.319));
#7987=CARTESIAN_POINT('',(65.8,-1.,74.319));
#7988=CARTESIAN_POINT('',(65.8,-1.,74.319));
#7989=CARTESIAN_POINT('',(65.8,-1.,62.219));
#7990=CARTESIAN_POINT('',(52.5,-1.,62.219));
#7991=CARTESIAN_POINT('',(65.8,0.,74.319));
#7992=CARTESIAN_POINT('',(65.8,0.,62.219));
#7993=CARTESIAN_POINT('',(65.8,1.,62.219));
#7994=CARTESIAN_POINT('',(65.8,0.,74.319));
#7995=CARTESIAN_POINT('',(65.8,1.,74.319));
#7996=CARTESIAN_POINT('',(65.8,1.,74.319));
#7997=CARTESIAN_POINT('',(52.5,1.,74.319));
#7998=CARTESIAN_POINT('',(52.5,1.,62.219));
#7999=CARTESIAN_POINT('',(52.5,1.,74.319));
#8000=CARTESIAN_POINT('',(52.5,0.,74.319));
#8001=CARTESIAN_POINT('',(52.5,0.,62.219));
#8002=CARTESIAN_POINT('',(0.,0.,0.));
#8003=CARTESIAN_POINT('',(40.2,-1.7347234759768E-15,68.27));
#8004=CARTESIAN_POINT('',(33.485,-1.7347234759768E-15,68.27));
#8005=CARTESIAN_POINT('',(33.485,-1.7347234759768E-15,65.27));
#8006=CARTESIAN_POINT('',(40.2,-0.9,65.4081823957492));
#8007=CARTESIAN_POINT('',(40.2,-0.9,65.4081823957492));
#8008=CARTESIAN_POINT('',(39.8,-0.9,65.4081823957492));
#8009=CARTESIAN_POINT('',(40.2,-1.7347234759768E-15,68.27));
#8010=CARTESIAN_POINT('',(40.2,-0.9,71.1318176042508));
#8011=CARTESIAN_POINT('',(40.2,-0.9,71.1318176042508));
#8012=CARTESIAN_POINT('',(39.8,-0.9,71.1318176042508));
#8013=CARTESIAN_POINT('',(39.8,-1.7347234759768E-15,68.27));
#8014=CARTESIAN_POINT('',(39.8,0.9,71.1318176042508));
#8015=CARTESIAN_POINT('',(40.2,0.9,71.1318176042508));
#8016=CARTESIAN_POINT('',(40.2,0.9,71.1318176042508));
#8017=CARTESIAN_POINT('',(40.2,-1.7347234759768E-15,68.27));
#8018=CARTESIAN_POINT('',(40.2,0.9,65.4081823957492));
#8019=CARTESIAN_POINT('',(40.2,0.9,65.4081823957492));
#8020=CARTESIAN_POINT('',(39.8,0.9,65.4081823957492));
#8021=CARTESIAN_POINT('',(39.8,-1.7347234759768E-15,68.27));
#8022=CARTESIAN_POINT('',(40.2,-1.7347234759768E-15,68.27));
#8023=CARTESIAN_POINT('',(40.2,-0.9,68.27));
#8024=CARTESIAN_POINT('',(40.2,-1.7347234759768E-15,68.27));
#8025=CARTESIAN_POINT('',(40.2,0.9,68.27));
#8026=CARTESIAN_POINT('',(33.485,-1.7347234759768E-15,68.27));
#8027=CARTESIAN_POINT('',(33.485,0.,68.269));
#8028=CARTESIAN_POINT('',(33.485,0.,66.219));
#8029=CARTESIAN_POINT('',(36.685,0.,68.269));
#8030=CARTESIAN_POINT('',(36.685,0.,68.269));
#8031=CARTESIAN_POINT('',(36.685,0.,66.219));
#8032=CARTESIAN_POINT('',(36.685,0.,68.269));
#8033=CARTESIAN_POINT('',(39.8,0.,74.219));
#8034=CARTESIAN_POINT('',(39.8,0.9,74.219));
#8035=CARTESIAN_POINT('',(39.8,0.9,62.319));
#8036=CARTESIAN_POINT('',(39.8,0.,62.319));
#8037=CARTESIAN_POINT('',(39.8,-0.9,62.319));
#8038=CARTESIAN_POINT('',(39.8,-0.9,74.219));
#8039=CARTESIAN_POINT('',(52.75,-0.9,74.219));
#8040=CARTESIAN_POINT('',(52.75,-0.9,62.319));
#8041=CARTESIAN_POINT('',(65.7,-0.9,62.319));
#8042=CARTESIAN_POINT('',(65.7,-0.9,74.219));
#8043=CARTESIAN_POINT('',(65.7,-0.9,74.219));
#8044=CARTESIAN_POINT('',(52.75,-0.9,74.219));
#8045=CARTESIAN_POINT('',(39.8,-0.9,74.219));
#8046=CARTESIAN_POINT('',(39.8,-0.9,74.219));
#8047=CARTESIAN_POINT('',(52.75,0.9,74.219));
#8048=CARTESIAN_POINT('',(39.8,0.9,74.219));
#8049=CARTESIAN_POINT('',(39.8,0.9,74.219));
#8050=CARTESIAN_POINT('',(52.75,0.9,74.219));
#8051=CARTESIAN_POINT('',(65.7,0.9,74.219));
#8052=CARTESIAN_POINT('',(65.7,0.9,74.219));
#8053=CARTESIAN_POINT('',(65.7,0.9,62.319));
#8054=CARTESIAN_POINT('',(52.75,0.9,62.319));
#8055=CARTESIAN_POINT('',(39.8,0.,74.219));
#8056=CARTESIAN_POINT('',(39.8,0.,74.219));
#8057=CARTESIAN_POINT('',(65.7,0.,74.219));
#8058=CARTESIAN_POINT('',(65.7,0.,62.319));
#8059=CARTESIAN_POINT('',(65.7,0.,74.219));
#8060=CARTESIAN_POINT('',(52.75,0.,74.219));
#8061=CARTESIAN_POINT('',(52.75,0.,62.319));
#8062=CARTESIAN_POINT('',(0.,0.,0.));
#8063=CARTESIAN_POINT('',(9.2,0.,-27.1));
#8064=CARTESIAN_POINT('',(9.2,0.,-16.8));
#8065=CARTESIAN_POINT('',(9.2,4.,-16.8));
#8066=CARTESIAN_POINT('',(9.2,-4.,-16.8));
#8067=CARTESIAN_POINT('',(9.2,4.,-27.1));
#8068=CARTESIAN_POINT('',(9.2,4.,-27.1));
#8069=CARTESIAN_POINT('',(9.2,0.,-27.1));
#8070=CARTESIAN_POINT('',(9.2,-4.,-27.1));
#8071=CARTESIAN_POINT('',(9.2,-4.,-27.1));
#8072=CARTESIAN_POINT('',(13.28,-4.,-27.1));
#8073=CARTESIAN_POINT('',(13.28,-4.,-16.8));
#8074=CARTESIAN_POINT('',(17.36,-4.,-16.8));
#8075=CARTESIAN_POINT('',(13.28,-4.,-27.1));
#8076=CARTESIAN_POINT('',(17.36,-4.,-27.1));
#8077=CARTESIAN_POINT('',(17.36,-4.,-27.1));
#8078=CARTESIAN_POINT('',(17.36,0.,-27.1));
#8079=CARTESIAN_POINT('',(17.36,0.,-16.8));
#8080=CARTESIAN_POINT('',(17.36,4.,-16.8));
#8081=CARTESIAN_POINT('',(17.36,0.,-27.1));
#8082=CARTESIAN_POINT('',(17.36,4.,-27.1));
#8083=CARTESIAN_POINT('',(17.36,4.,-27.1));
#8084=CARTESIAN_POINT('',(13.28,4.,-27.1));
#8085=CARTESIAN_POINT('',(13.28,4.,-16.8));
#8086=CARTESIAN_POINT('',(13.28,4.,-27.1));
#8087=CARTESIAN_POINT('',(13.28,0.,-27.1));
#8088=CARTESIAN_POINT('',(13.28,0.,-16.8));
#8089=CARTESIAN_POINT('',(33.1854810376308,0.,68.27));
#8090=CARTESIAN_POINT('',(0.,1.22464679914735E-16,3.2));
#8091=CARTESIAN_POINT('',(0.,1.22464679914735E-16,3.2));
#8092=CARTESIAN_POINT('',(2.,1.22464679914735E-16,3.2));
#8093=CARTESIAN_POINT('',(0.,1.22464679914735E-16,0.));
#8094=CARTESIAN_POINT('',(2.,1.22464679914735E-16,0.));
#8095=CARTESIAN_POINT('',(0.,0.,3.2));
#8096=CARTESIAN_POINT('',(0.,0.,0.));
#8097=CARTESIAN_POINT('',(-5.44703171456717E-13,33.1854810376308,68.2700000000078));
#8098=CARTESIAN_POINT('',(33.1854810376355,-6.39591194360884E-13,68.2700000000161));
#8099=CARTESIAN_POINT('',(25.435,0.,61.929));
#8100=CARTESIAN_POINT('',(25.435,-6.,60.629));
#8101=CARTESIAN_POINT('',(25.435,-6.,61.749));
#8102=CARTESIAN_POINT('',(25.435,6.,60.629));
#8103=CARTESIAN_POINT('',(25.435,6.,61.749));
#8104=CARTESIAN_POINT('',(25.435,0.,59.329));
#8105=CARTESIAN_POINT('',(25.435,-4.3,59.329));
#8106=CARTESIAN_POINT('',(25.435,4.3,59.329));
#8107=CARTESIAN_POINT('',(25.435,-4.3,62.979));
#8108=CARTESIAN_POINT('',(25.435,-4.3,58.279));
#8109=CARTESIAN_POINT('',(25.435,-6.75,58.279));
#8110=CARTESIAN_POINT('',(25.435,-9.2,58.279));
#8111=CARTESIAN_POINT('',(25.435,-9.2,62.979));
#8112=CARTESIAN_POINT('',(25.435,-9.2,62.979));
#8113=CARTESIAN_POINT('',(25.435,-6.75,62.979));
#8114=CARTESIAN_POINT('',(25.435,-4.3,62.979));
#8115=CARTESIAN_POINT('',(25.435,-4.3,62.979));
#8116=CARTESIAN_POINT('',(25.435,-4.3,61.929));
#8117=CARTESIAN_POINT('',(25.435,0.,61.929));
#8118=CARTESIAN_POINT('',(25.435,4.3,61.929));
#8119=CARTESIAN_POINT('',(25.435,4.3,62.979));
#8120=CARTESIAN_POINT('',(25.435,4.3,62.979));
#8121=CARTESIAN_POINT('',(25.435,6.75,62.979));
#8122=CARTESIAN_POINT('',(25.435,9.2,62.979));
#8123=CARTESIAN_POINT('',(25.435,9.2,62.979));
#8124=CARTESIAN_POINT('',(25.435,9.2,58.279));
#8125=CARTESIAN_POINT('',(25.435,6.75,58.279));
#8126=CARTESIAN_POINT('',(25.435,4.3,58.279));
#8127=CARTESIAN_POINT('',(25.435,4.3,62.979));
#8128=CARTESIAN_POINT('',(26.935,0.,61.929));
#8129=CARTESIAN_POINT('',(26.935,-6.,60.629));
#8130=CARTESIAN_POINT('',(26.935,-6.,61.749));
#8131=CARTESIAN_POINT('',(26.935,6.,60.629));
#8132=CARTESIAN_POINT('',(26.935,6.,61.749));
#8133=CARTESIAN_POINT('',(26.935,0.,59.329));
#8134=CARTESIAN_POINT('',(26.935,-4.3,59.329));
#8135=CARTESIAN_POINT('',(26.935,4.3,59.329));
#8136=CARTESIAN_POINT('',(26.935,4.3,62.979));
#8137=CARTESIAN_POINT('',(26.935,4.3,58.279));
#8138=CARTESIAN_POINT('',(26.935,6.75,58.279));
#8139=CARTESIAN_POINT('',(26.935,9.2,58.279));
#8140=CARTESIAN_POINT('',(26.935,9.2,62.979));
#8141=CARTESIAN_POINT('',(26.935,9.2,62.979));
#8142=CARTESIAN_POINT('',(26.935,6.75,62.979));
#8143=CARTESIAN_POINT('',(26.935,4.3,62.979));
#8144=CARTESIAN_POINT('',(26.935,4.3,62.979));
#8145=CARTESIAN_POINT('',(26.935,4.3,61.929));
#8146=CARTESIAN_POINT('',(26.935,0.,61.929));
#8147=CARTESIAN_POINT('',(26.935,-4.3,61.929));
#8148=CARTESIAN_POINT('',(26.935,-4.3,62.979));
#8149=CARTESIAN_POINT('',(26.935,-4.3,62.979));
#8150=CARTESIAN_POINT('',(26.935,-6.75,62.979));
#8151=CARTESIAN_POINT('',(26.935,-9.2,62.979));
#8152=CARTESIAN_POINT('',(26.935,-9.2,62.979));
#8153=CARTESIAN_POINT('',(26.935,-9.2,58.279));
#8154=CARTESIAN_POINT('',(26.935,-6.75,58.279));
#8155=CARTESIAN_POINT('',(26.935,-4.3,58.279));
#8156=CARTESIAN_POINT('',(26.935,-4.3,62.979));
#8157=CARTESIAN_POINT('',(26.185,0.,61.929));
#8158=CARTESIAN_POINT('',(26.185,-4.3,61.929));
#8159=CARTESIAN_POINT('',(26.185,4.3,61.929));
#8160=CARTESIAN_POINT('',(26.185,0.,59.329));
#8161=CARTESIAN_POINT('',(26.185,4.3,59.329));
#8162=CARTESIAN_POINT('',(26.185,-4.3,59.329));
#8163=CARTESIAN_POINT('',(26.185,4.3,62.979));
#8164=CARTESIAN_POINT('',(26.185,4.3,62.979));
#8165=CARTESIAN_POINT('',(26.185,4.3,62.979));
#8166=CARTESIAN_POINT('',(26.185,4.3,58.279));
#8167=CARTESIAN_POINT('',(26.185,9.2,62.979));
#8168=CARTESIAN_POINT('',(26.185,9.2,58.279));
#8169=CARTESIAN_POINT('',(26.185,9.2,62.979));
#8170=CARTESIAN_POINT('',(26.185,6.75,62.979));
#8171=CARTESIAN_POINT('',(26.185,6.75,58.279));
#8172=CARTESIAN_POINT('',(26.185,-4.3,62.979));
#8173=CARTESIAN_POINT('',(26.185,-4.3,62.979));
#8174=CARTESIAN_POINT('',(26.185,-9.2,62.979));
#8175=CARTESIAN_POINT('',(26.185,-9.2,58.279));
#8176=CARTESIAN_POINT('',(26.185,-9.2,62.979));
#8177=CARTESIAN_POINT('',(26.185,-4.3,62.979));
#8178=CARTESIAN_POINT('',(26.185,-4.3,58.279));
#8179=CARTESIAN_POINT('',(26.185,-6.75,62.979));
#8180=CARTESIAN_POINT('',(26.185,-6.75,58.279));
#8181=CARTESIAN_POINT('',(27.935,6.,60.629));
#8182=CARTESIAN_POINT('',(27.935,-6.,60.629));
#8183=CARTESIAN_POINT('',(0.,0.,0.));
#8184=CARTESIAN_POINT('',(0.,2.29008951440555E-15,-4.8));
#8185=CARTESIAN_POINT('',(0.,2.29008951440555E-15,-4.8));
#8186=CARTESIAN_POINT('',(37.4,2.29008951440555E-15,-4.8));
#8187=CARTESIAN_POINT('',(0.,2.29008951440555E-15,0.));
#8188=CARTESIAN_POINT('',(37.4,2.29008951440555E-15,0.));
#8189=CARTESIAN_POINT('',(0.,0.,-4.8));
#8190=CARTESIAN_POINT('',(0.,-12.5,-4.8));
#8191=CARTESIAN_POINT('',(2.75,-12.5,-4.8));
#8192=CARTESIAN_POINT('',(0.,12.5,-4.8));
#8193=CARTESIAN_POINT('',(2.75,12.5,-4.8));
#8194=CARTESIAN_POINT('',(-22.5977523815625,2.88989119211523E-15,-4.8));
#8195=CARTESIAN_POINT('',(-20.5977523815625,2.88989119211523E-15,-4.8));
#8196=CARTESIAN_POINT('',(22.5977523815625,1.22464679914735E-16,-4.8));
#8197=CARTESIAN_POINT('',(24.5977523815625,1.22464679914735E-16,-4.8));
#8198=CARTESIAN_POINT('',(0.,0.,0.));
#8199=CARTESIAN_POINT('',(0.,-12.5,0.));
#8200=CARTESIAN_POINT('',(2.75,-12.5,0.));
#8201=CARTESIAN_POINT('',(0.,12.5,0.));
#8202=CARTESIAN_POINT('',(2.75,12.5,0.));
#8203=CARTESIAN_POINT('',(-22.5977523815625,2.88989119211523E-15,0.));
#8204=CARTESIAN_POINT('',(-20.5977523815625,2.88989119211523E-15,0.));
#8205=CARTESIAN_POINT('',(22.5977523815625,1.22464679914735E-16,0.));
#8206=CARTESIAN_POINT('',(24.5977523815625,1.22464679914735E-16,0.));
#8207=CARTESIAN_POINT('',(22.5977523815625,1.22464679914735E-16,-5.8));
#8208=CARTESIAN_POINT('',(-22.5977523815625,2.88989119211523E-15,-5.8));
#8209=CARTESIAN_POINT('',(0.,12.5,-5.8));
#8210=CARTESIAN_POINT('',(0.,-12.5,-5.8));
#8211=CARTESIAN_POINT('',(0.,0.,142.9));
#8212=CARTESIAN_POINT('',(1.6,40.2,71.455));
#8213=CARTESIAN_POINT('',(1.6,40.2,74.319));
#8214=CARTESIAN_POINT('',(1.,40.2,74.319));
#8215=CARTESIAN_POINT('',(-1.,40.2,74.319));
#8216=CARTESIAN_POINT('',(1.,40.2,71.455));
#8217=CARTESIAN_POINT('',(1.,40.2,62.219));
#8218=CARTESIAN_POINT('',(1.6,40.2,62.219));
#8219=CARTESIAN_POINT('',(-1.,40.2,62.219));
#8220=CARTESIAN_POINT('',(-1.,40.2,71.455));
#8221=CARTESIAN_POINT('',(-1.6,40.2,71.455));
#8222=CARTESIAN_POINT('',(-1.6,40.2,37.71));
#8223=CARTESIAN_POINT('',(-1.6,40.2,105.2));
#8224=CARTESIAN_POINT('',(1.6,40.2,37.71));
#8225=CARTESIAN_POINT('',(1.6,40.2,37.71));
#8226=CARTESIAN_POINT('',(1.6,40.2,71.455));
#8227=CARTESIAN_POINT('',(1.6,40.2,105.2));
#8228=CARTESIAN_POINT('',(1.6,40.2,105.2));
#8229=CARTESIAN_POINT('',(1.6,73.695,61.66));
#8230=CARTESIAN_POINT('',(-1.6,73.695,61.66));
#8231=CARTESIAN_POINT('',(-1.6,107.19,85.61));
#8232=CARTESIAN_POINT('',(1.6,107.19,85.61));
#8233=CARTESIAN_POINT('',(1.6,107.19,85.61));
#8234=CARTESIAN_POINT('',(1.6,73.695,61.66));
#8235=CARTESIAN_POINT('',(1.6,107.19,99.11));
#8236=CARTESIAN_POINT('',(-1.6,107.19,99.11));
#8237=CARTESIAN_POINT('',(-1.6,107.19,112.61));
#8238=CARTESIAN_POINT('',(1.6,107.19,112.61));
#8239=CARTESIAN_POINT('',(1.6,107.19,112.61));
#8240=CARTESIAN_POINT('',(1.6,107.19,99.11));
#8241=CARTESIAN_POINT('',(1.6,73.695,108.905));
#8242=CARTESIAN_POINT('',(-1.6,73.695,108.905));
#8243=CARTESIAN_POINT('',(1.6,73.695,108.905));
#8244=CARTESIAN_POINT('',(1.6,73.695,75.16));
#8245=CARTESIAN_POINT('',(-1.6,73.695,75.16));
#8246=CARTESIAN_POINT('',(1.,52.5,74.319));
#8247=CARTESIAN_POINT('',(1.,52.5,74.319));
#8248=CARTESIAN_POINT('',(1.,65.8,74.319));
#8249=CARTESIAN_POINT('',(1.,65.8,74.319));
#8250=CARTESIAN_POINT('',(1.,65.8,62.219));
#8251=CARTESIAN_POINT('',(1.,52.5,62.219));
#8252=CARTESIAN_POINT('',(4.02908796919479E-15,65.8,74.319));
#8253=CARTESIAN_POINT('',(4.02908796919479E-15,65.8,62.219));
#8254=CARTESIAN_POINT('',(-1.,65.8,62.219));
#8255=CARTESIAN_POINT('',(4.02908796919479E-15,65.8,74.319));
#8256=CARTESIAN_POINT('',(-1.,65.8,74.319));
#8257=CARTESIAN_POINT('',(-1.,65.8,74.319));
#8258=CARTESIAN_POINT('',(-1.,52.5,74.319));
#8259=CARTESIAN_POINT('',(-1.,52.5,62.219));
#8260=CARTESIAN_POINT('',(-1.,52.5,74.319));
#8261=CARTESIAN_POINT('',(3.2146978477618E-15,52.5,74.319));
#8262=CARTESIAN_POINT('',(3.2146978477618E-15,52.5,62.219));
#8263=CARTESIAN_POINT('',(0.,0.,0.));
#8264=CARTESIAN_POINT('',(-40.2,1.6,71.455));
#8265=CARTESIAN_POINT('',(-40.2,1.6,74.319));
#8266=CARTESIAN_POINT('',(-40.2,1.,74.319));
#8267=CARTESIAN_POINT('',(-40.2,-1.,74.319));
#8268=CARTESIAN_POINT('',(-40.2,1.,71.455));
#8269=CARTESIAN_POINT('',(-40.2,1.,62.219));
#8270=CARTESIAN_POINT('',(-40.2,1.6,62.219));
#8271=CARTESIAN_POINT('',(-40.2,-1.,62.219));
#8272=CARTESIAN_POINT('',(-40.2,-1.,71.455));
#8273=CARTESIAN_POINT('',(-40.2,-1.6,71.455));
#8274=CARTESIAN_POINT('',(-40.2,-1.6,37.71));
#8275=CARTESIAN_POINT('',(-40.2,-1.6,105.2));
#8276=CARTESIAN_POINT('',(-40.2,1.6,37.71));
#8277=CARTESIAN_POINT('',(-40.2,1.6,37.71));
#8278=CARTESIAN_POINT('',(-40.2,1.6,71.455));
#8279=CARTESIAN_POINT('',(-40.2,1.6,105.2));
#8280=CARTESIAN_POINT('',(-40.2,1.6,105.2));
#8281=CARTESIAN_POINT('',(-73.695,1.6,61.66));
#8282=CARTESIAN_POINT('',(-73.695,-1.6,61.66));
#8283=CARTESIAN_POINT('',(-107.19,-1.6,85.61));
#8284=CARTESIAN_POINT('',(-107.19,1.6,85.61));
#8285=CARTESIAN_POINT('',(-107.19,1.6,85.61));
#8286=CARTESIAN_POINT('',(-73.695,1.6,61.66));
#8287=CARTESIAN_POINT('',(-107.19,1.6,99.11));
#8288=CARTESIAN_POINT('',(-107.19,-1.6,99.11));
#8289=CARTESIAN_POINT('',(-107.19,-1.6,112.61));
#8290=CARTESIAN_POINT('',(-107.19,1.6,112.61));
#8291=CARTESIAN_POINT('',(-107.19,1.6,112.61));
#8292=CARTESIAN_POINT('',(-107.19,1.6,99.11));
#8293=CARTESIAN_POINT('',(-73.695,1.6,108.905));
#8294=CARTESIAN_POINT('',(-73.695,-1.6,108.905));
#8295=CARTESIAN_POINT('',(-73.695,1.6,108.905));
#8296=CARTESIAN_POINT('',(-73.695,1.6,75.16));
#8297=CARTESIAN_POINT('',(-73.695,-1.6,75.16));
#8298=CARTESIAN_POINT('',(-52.5,1.,74.319));
#8299=CARTESIAN_POINT('',(-52.5,1.,74.319));
#8300=CARTESIAN_POINT('',(-65.8,1.,74.319));
#8301=CARTESIAN_POINT('',(-65.8,1.,74.319));
#8302=CARTESIAN_POINT('',(-65.8,1.,62.219));
#8303=CARTESIAN_POINT('',(-52.5,1.,62.219));
#8304=CARTESIAN_POINT('',(-65.8,8.05817593838959E-15,74.319));
#8305=CARTESIAN_POINT('',(-65.8,8.05817593838959E-15,62.219));
#8306=CARTESIAN_POINT('',(-65.8,-1.,62.219));
#8307=CARTESIAN_POINT('',(-65.8,8.05817593838959E-15,74.319));
#8308=CARTESIAN_POINT('',(-65.8,-1.,74.319));
#8309=CARTESIAN_POINT('',(-65.8,-1.,74.319));
#8310=CARTESIAN_POINT('',(-52.5,-1.,74.319));
#8311=CARTESIAN_POINT('',(-52.5,-1.,62.219));
#8312=CARTESIAN_POINT('',(-52.5,-1.,74.319));
#8313=CARTESIAN_POINT('',(-52.5,6.4293956955236E-15,74.319));
#8314=CARTESIAN_POINT('',(-52.5,6.4293956955236E-15,62.219));
#8315=CARTESIAN_POINT('',(0.,0.,0.));
#8316=CARTESIAN_POINT('',(0.,0.,26.5));
#8317=CARTESIAN_POINT('',(0.,2.28090466341194E-15,94.629));
#8318=CARTESIAN_POINT('',(0.,2.28090466341194E-15,94.629));
#8319=CARTESIAN_POINT('',(37.25,2.28090466341194E-15,94.629));
#8320=CARTESIAN_POINT('',(0.,2.28090466341194E-15,53.129));
#8321=CARTESIAN_POINT('',(37.25,2.28090466341194E-15,53.129));
#8322=CARTESIAN_POINT('',(37.1423461740996,3.13795489880722,71.4009037269917));
#8323=CARTESIAN_POINT('',(37.3037758416532,-0.000782299201732462,72.7028062960561));
#8324=CARTESIAN_POINT('',(37.1425504592877,-3.13482570200029,71.4018710887839));
#8325=CARTESIAN_POINT('',(36.9806605170309,-4.43225222751859,68.2724973254561));
#8326=CARTESIAN_POINT('',(37.1424809982361,-3.13616176957687,65.1353184073013));
#8327=CARTESIAN_POINT('',(37.3036439686331,-0.000816948256286701,63.8368228191157));
#8328=CARTESIAN_POINT('',(37.1429429512008,3.13055906842137,65.1313919555209));
#8329=CARTESIAN_POINT('',(36.9805962885318,4.43286885885746,68.2647876382977));
#8330=CARTESIAN_POINT('',(37.1423461740996,3.13795489880722,71.4009037269917));
#8331=CARTESIAN_POINT('',(37.3037758416532,-0.000782299201732462,72.7028062960561));
#8332=CARTESIAN_POINT('',(37.1425504592877,-3.13482570200029,71.4018710887839));
#8333=CARTESIAN_POINT('',(37.25,-1.2318780035294E-15,72.269));
#8334=CARTESIAN_POINT('',(-3.13191598132109,-37.1428893741377,71.4069419120319));
#8335=CARTESIAN_POINT('',(-4.43379989407895,-36.9805246644774,68.2682177383862));
#8336=CARTESIAN_POINT('',(-3.13288444236313,-37.142685102793,65.1341871344234));
#8337=CARTESIAN_POINT('',(-0.00349545728873306,-37.3036399691302,63.8367415240504));
#8338=CARTESIAN_POINT('',(3.13369314403502,-37.142754632473,65.1328503846103));
#8339=CARTESIAN_POINT('',(4.43217087230024,-36.9806565200537,68.2681824132546));
#8340=CARTESIAN_POINT('',(3.13762172627518,-37.1422925993369,71.3995462112373));
#8341=CARTESIAN_POINT('',(0.00420945948263827,-37.3037042223958,72.7018753222387));
#8342=CARTESIAN_POINT('',(-3.13191598132109,-37.1428893741377,71.4069419120319));
#8343=CARTESIAN_POINT('',(-4.43379989407895,-36.9805246644774,68.2682177383862));
#8344=CARTESIAN_POINT('',(-3.13288444236313,-37.142685102793,65.1341871344234));
#8345=CARTESIAN_POINT('',(-4.,-37.0346121891401,68.269));
#8346=CARTESIAN_POINT('',(3.13191598132109,37.1428893741377,71.4069419120319));
#8347=CARTESIAN_POINT('',(4.43379989407895,36.9805246644774,68.2682177383862));
#8348=CARTESIAN_POINT('',(3.13288444236312,37.142685102793,65.1341871344234));
#8349=CARTESIAN_POINT('',(0.00349545728872897,37.3036399691302,63.8367415240504));
#8350=CARTESIAN_POINT('',(-3.133693144035,37.142754632473,65.1328503846103));
#8351=CARTESIAN_POINT('',(-4.43217087230025,36.9806565200537,68.2681824132546));
#8352=CARTESIAN_POINT('',(-3.13762172627519,37.1422925993369,71.3995462112373));
#8353=CARTESIAN_POINT('',(-0.00420945948264304,37.3037042223958,72.7018753222387));
#8354=CARTESIAN_POINT('',(3.13191598132109,37.1428893741377,71.4069419120319));
#8355=CARTESIAN_POINT('',(4.43379989407895,36.9805246644774,68.2682177383862));
#8356=CARTESIAN_POINT('',(3.13288444236312,37.142685102793,65.1341871344234));
#8357=CARTESIAN_POINT('',(4.,37.0346121891401,68.269));
#8358=CARTESIAN_POINT('',(-37.1423461740997,-3.13795489880721,71.4009037269917));
#8359=CARTESIAN_POINT('',(-37.3037758416532,0.000782299201731106,72.7028062960561));
#8360=CARTESIAN_POINT('',(-37.1425504592877,3.13482570200029,71.4018710887838));
#8361=CARTESIAN_POINT('',(-36.9806605170309,4.43225222751859,68.2724973254561));
#8362=CARTESIAN_POINT('',(-37.1424809982361,3.13616176957689,65.1353184073013));
#8363=CARTESIAN_POINT('',(-37.3036439686331,0.000816948256297821,63.8368228191157));
#8364=CARTESIAN_POINT('',(-37.1429429512008,-3.13055906842134,65.1313919555209));
#8365=CARTESIAN_POINT('',(-36.9805962885318,-4.43286885885746,68.2647876382977));
#8366=CARTESIAN_POINT('',(-37.1423461740997,-3.13795489880721,71.4009037269917));
#8367=CARTESIAN_POINT('',(-37.3037758416532,0.000782299201731106,72.7028062960561));
#8368=CARTESIAN_POINT('',(-37.1425504592877,3.13482570200029,71.4018710887838));
#8369=CARTESIAN_POINT('',(-37.25,3.55955597545933E-15,72.269));
#8370=CARTESIAN_POINT('',(29.935,0.,88.629));
#8371=CARTESIAN_POINT('',(26.935,0.,88.629));
#8372=CARTESIAN_POINT('',(26.935,-5.443223563717,88.629));
#8373=CARTESIAN_POINT('',(26.935,-4.3,88.629));
#8374=CARTESIAN_POINT('',(30.935,-5.443223563717,88.629));
#8375=CARTESIAN_POINT('',(30.935,-5.443223563717,88.629));
#8376=CARTESIAN_POINT('',(30.935,0.,88.629));
#8377=CARTESIAN_POINT('',(30.935,-6.556776436283,88.629));
#8378=CARTESIAN_POINT('',(30.935,-6.556776436283,88.629));
#8379=CARTESIAN_POINT('',(26.935,-6.556776436283,88.629));
#8380=CARTESIAN_POINT('',(26.935,0.,88.629));
#8381=CARTESIAN_POINT('',(26.935,-9.2,88.629));
#8382=CARTESIAN_POINT('',(29.935,-9.2,88.629));
#8383=CARTESIAN_POINT('',(33.6137248754136,-9.2,88.629));
#8384=CARTESIAN_POINT('',(0.,2.13394704751427E-15,88.629));
#8385=CARTESIAN_POINT('',(34.0112113868353,-7.6,88.629));
#8386=CARTESIAN_POINT('',(33.8925,-7.6,88.629));
#8387=CARTESIAN_POINT('',(31.935,-7.6,88.629));
#8388=CARTESIAN_POINT('',(31.935,0.,88.629));
#8389=CARTESIAN_POINT('',(31.935,7.6,88.629));
#8390=CARTESIAN_POINT('',(33.8925,7.6,88.629));
#8391=CARTESIAN_POINT('',(34.0112113868353,7.6,88.629));
#8392=CARTESIAN_POINT('',(0.,2.13394704751427E-15,88.629));
#8393=CARTESIAN_POINT('',(33.6137248754136,9.2,88.629));
#8394=CARTESIAN_POINT('',(29.935,9.2,88.629));
#8395=CARTESIAN_POINT('',(26.935,9.2,88.629));
#8396=CARTESIAN_POINT('',(26.935,0.,88.629));
#8397=CARTESIAN_POINT('',(26.935,6.556776436283,88.629));
#8398=CARTESIAN_POINT('',(30.935,6.556776436283,88.629));
#8399=CARTESIAN_POINT('',(30.935,6.556776436283,88.629));
#8400=CARTESIAN_POINT('',(30.935,0.,88.629));
#8401=CARTESIAN_POINT('',(30.935,5.443223563717,88.629));
#8402=CARTESIAN_POINT('',(30.935,5.443223563717,88.629));
#8403=CARTESIAN_POINT('',(26.935,5.443223563717,88.629));
#8404=CARTESIAN_POINT('',(26.935,0.,88.629));
#8405=CARTESIAN_POINT('',(26.935,4.3,88.629));
#8406=CARTESIAN_POINT('',(29.935,4.3,88.629));
#8407=CARTESIAN_POINT('',(27.935,4.3,88.629));
#8408=CARTESIAN_POINT('',(27.935,0.,88.629));
#8409=CARTESIAN_POINT('',(27.935,-4.3,88.629));
#8410=CARTESIAN_POINT('',(29.935,-4.3,88.629));
#8411=CARTESIAN_POINT('',(29.935,0.,59.129));
#8412=CARTESIAN_POINT('',(30.935,6.556776436283,59.129));
#8413=CARTESIAN_POINT('',(26.935,6.556776436283,59.129));
#8414=CARTESIAN_POINT('',(30.935,6.556776436283,59.129));
#8415=CARTESIAN_POINT('',(26.935,0.,59.129));
#8416=CARTESIAN_POINT('',(26.935,9.2,59.129));
#8417=CARTESIAN_POINT('',(29.935,9.2,59.129));
#8418=CARTESIAN_POINT('',(33.6137248754136,9.2,59.129));
#8419=CARTESIAN_POINT('',(0.,2.13394704751427E-15,59.129));
#8420=CARTESIAN_POINT('',(34.0112113868353,7.6,59.129));
#8421=CARTESIAN_POINT('',(33.8925,7.6,59.129));
#8422=CARTESIAN_POINT('',(31.935,7.6,59.129));
#8423=CARTESIAN_POINT('',(31.935,0.,59.129));
#8424=CARTESIAN_POINT('',(31.935,-7.6,59.129));
#8425=CARTESIAN_POINT('',(33.8925,-7.6,59.129));
#8426=CARTESIAN_POINT('',(34.0112113868353,-7.6,59.129));
#8427=CARTESIAN_POINT('',(0.,2.13394704751427E-15,59.129));
#8428=CARTESIAN_POINT('',(33.6137248754136,-9.2,59.129));
#8429=CARTESIAN_POINT('',(29.935,-9.2,59.129));
#8430=CARTESIAN_POINT('',(26.935,-9.2,59.129));
#8431=CARTESIAN_POINT('',(26.935,0.,59.129));
#8432=CARTESIAN_POINT('',(26.935,-6.556776436283,59.129));
#8433=CARTESIAN_POINT('',(30.935,-6.556776436283,59.129));
#8434=CARTESIAN_POINT('',(30.935,-6.556776436283,59.129));
#8435=CARTESIAN_POINT('',(30.935,0.,59.129));
#8436=CARTESIAN_POINT('',(30.935,-5.443223563717,59.129));
#8437=CARTESIAN_POINT('',(30.935,-5.443223563717,59.129));
#8438=CARTESIAN_POINT('',(26.935,-5.443223563717,59.129));
#8439=CARTESIAN_POINT('',(26.935,0.,59.129));
#8440=CARTESIAN_POINT('',(26.935,-4.3,59.129));
#8441=CARTESIAN_POINT('',(29.935,-4.3,59.129));
#8442=CARTESIAN_POINT('',(27.935,-4.3,59.129));
#8443=CARTESIAN_POINT('',(27.935,0.,59.129));
#8444=CARTESIAN_POINT('',(27.935,4.3,59.129));
#8445=CARTESIAN_POINT('',(29.935,4.3,59.129));
#8446=CARTESIAN_POINT('',(26.935,4.3,59.129));
#8447=CARTESIAN_POINT('',(26.935,0.,59.129));
#8448=CARTESIAN_POINT('',(26.935,5.443223563717,59.129));
#8449=CARTESIAN_POINT('',(30.935,5.443223563717,59.129));
#8450=CARTESIAN_POINT('',(30.935,5.443223563717,59.129));
#8451=CARTESIAN_POINT('',(30.935,0.,59.129));
#8452=CARTESIAN_POINT('',(27.935,0.,88.629));
#8453=CARTESIAN_POINT('',(27.935,0.,83.929));
#8454=CARTESIAN_POINT('',(27.935,-9.2,83.929));
#8455=CARTESIAN_POINT('',(27.935,-4.3,83.929));
#8456=CARTESIAN_POINT('',(27.935,-4.3,88.629));
#8457=CARTESIAN_POINT('',(27.935,-4.3,63.829));
#8458=CARTESIAN_POINT('',(27.935,0.,63.829));
#8459=CARTESIAN_POINT('',(27.935,-9.2,63.829));
#8460=CARTESIAN_POINT('',(27.935,-9.2,88.629));
#8461=CARTESIAN_POINT('',(31.935,0.,88.629));
#8462=CARTESIAN_POINT('',(31.935,7.6,88.629));
#8463=CARTESIAN_POINT('',(31.935,-7.6,88.629));
#8464=CARTESIAN_POINT('',(31.935,-4.3,88.629));
#8465=CARTESIAN_POINT('',(31.935,-4.3,85.929));
#8466=CARTESIAN_POINT('',(31.935,-4.3,61.829));
#8467=CARTESIAN_POINT('',(31.935,0.,85.929));
#8468=CARTESIAN_POINT('',(31.935,4.3,85.929));
#8469=CARTESIAN_POINT('',(31.935,4.3,88.629));
#8470=CARTESIAN_POINT('',(31.935,4.3,61.829));
#8471=CARTESIAN_POINT('',(31.935,0.,61.829));
#8472=CARTESIAN_POINT('',(26.935,0.,63.829));
#8473=CARTESIAN_POINT('',(26.935,6.,60.629));
#8474=CARTESIAN_POINT('',(26.935,4.3,63.829));
#8475=CARTESIAN_POINT('',(26.935,4.3,63.829));
#8476=CARTESIAN_POINT('',(26.935,0.,63.829));
#8477=CARTESIAN_POINT('',(26.935,9.2,63.829));
#8478=CARTESIAN_POINT('',(26.935,9.2,63.829));
#8479=CARTESIAN_POINT('',(26.935,0.,63.829));
#8480=CARTESIAN_POINT('',(26.935,-6.,60.629));
#8481=CARTESIAN_POINT('',(26.935,-9.2,63.829));
#8482=CARTESIAN_POINT('',(26.935,-9.2,63.829));
#8483=CARTESIAN_POINT('',(26.935,0.,63.829));
#8484=CARTESIAN_POINT('',(26.935,-4.3,63.829));
#8485=CARTESIAN_POINT('',(26.935,-4.3,63.829));
#8486=CARTESIAN_POINT('',(27.435,0.,63.829));
#8487=CARTESIAN_POINT('',(27.435,-4.3,63.829));
#8488=CARTESIAN_POINT('',(27.435,-9.2,63.829));
#8489=CARTESIAN_POINT('',(26.935,0.,88.629));
#8490=CARTESIAN_POINT('',(26.935,-6.,87.129));
#8491=CARTESIAN_POINT('',(26.935,-4.3,88.629));
#8492=CARTESIAN_POINT('',(26.935,-4.3,83.929));
#8493=CARTESIAN_POINT('',(26.935,0.,83.929));
#8494=CARTESIAN_POINT('',(26.935,-9.2,83.929));
#8495=CARTESIAN_POINT('',(26.935,-9.2,88.629));
#8496=CARTESIAN_POINT('',(26.935,0.,88.629));
#8497=CARTESIAN_POINT('',(26.935,6.,87.129));
#8498=CARTESIAN_POINT('',(26.935,9.2,88.629));
#8499=CARTESIAN_POINT('',(26.935,9.2,83.929));
#8500=CARTESIAN_POINT('',(26.935,0.,83.929));
#8501=CARTESIAN_POINT('',(26.935,4.3,83.929));
#8502=CARTESIAN_POINT('',(26.935,4.3,88.629));
#8503=CARTESIAN_POINT('',(27.435,0.,83.929));
#8504=CARTESIAN_POINT('',(27.435,-4.3,83.929));
#8505=CARTESIAN_POINT('',(27.435,-9.2,83.929));
#8506=CARTESIAN_POINT('',(1.8329900966238E-15,29.935,88.629));
#8507=CARTESIAN_POINT('',(1.6492930767517E-15,26.935,88.629));
#8508=CARTESIAN_POINT('',(5.44322356371699,26.935,88.629));
#8509=CARTESIAN_POINT('',(4.3,26.935,88.629));
#8510=CARTESIAN_POINT('',(5.44322356371699,30.935,88.629));
#8511=CARTESIAN_POINT('',(5.44322356371699,30.935,88.629));
#8512=CARTESIAN_POINT('',(1.8329900966238E-15,30.935,88.629));
#8513=CARTESIAN_POINT('',(6.55677643628301,30.935,88.629));
#8514=CARTESIAN_POINT('',(6.55677643628301,30.935,88.629));
#8515=CARTESIAN_POINT('',(6.55677643628301,26.935,88.629));
#8516=CARTESIAN_POINT('',(1.6492930767517E-15,26.935,88.629));
#8517=CARTESIAN_POINT('',(9.2,26.935,88.629));
#8518=CARTESIAN_POINT('',(9.2,29.935,88.629));
#8519=CARTESIAN_POINT('',(9.2,33.6137248754136,88.629));
#8520=CARTESIAN_POINT('',(0.,2.13394704751427E-15,88.629));
#8521=CARTESIAN_POINT('',(7.6,34.0112113868353,88.629));
#8522=CARTESIAN_POINT('',(7.6,33.8925,88.629));
#8523=CARTESIAN_POINT('',(7.6,31.935,88.629));
#8524=CARTESIAN_POINT('',(1.95545477653853E-15,31.935,88.629));
#8525=CARTESIAN_POINT('',(-7.6,31.935,88.629));
#8526=CARTESIAN_POINT('',(-7.6,33.8925,88.629));
#8527=CARTESIAN_POINT('',(-7.6,34.0112113868353,88.629));
#8528=CARTESIAN_POINT('',(0.,2.13394704751427E-15,88.629));
#8529=CARTESIAN_POINT('',(-9.2,33.6137248754136,88.629));
#8530=CARTESIAN_POINT('',(-9.2,29.935,88.629));
#8531=CARTESIAN_POINT('',(-9.2,26.935,88.629));
#8532=CARTESIAN_POINT('',(1.6492930767517E-15,26.935,88.629));
#8533=CARTESIAN_POINT('',(-6.55677643628301,26.935,88.629));
#8534=CARTESIAN_POINT('',(-6.55677643628301,30.935,88.629));
#8535=CARTESIAN_POINT('',(-6.55677643628301,30.935,88.629));
#8536=CARTESIAN_POINT('',(1.8329900966238E-15,30.935,88.629));
#8537=CARTESIAN_POINT('',(-5.44322356371699,30.935,88.629));
#8538=CARTESIAN_POINT('',(-5.44322356371699,30.935,88.629));
#8539=CARTESIAN_POINT('',(-5.44322356371699,26.935,88.629));
#8540=CARTESIAN_POINT('',(1.6492930767517E-15,26.935,88.629));
#8541=CARTESIAN_POINT('',(-4.3,26.935,88.629));
#8542=CARTESIAN_POINT('',(-4.3,29.935,88.629));
#8543=CARTESIAN_POINT('',(-4.3,27.935,88.629));
#8544=CARTESIAN_POINT('',(1.71052541670907E-15,27.935,88.629));
#8545=CARTESIAN_POINT('',(4.3,27.935,88.629));
#8546=CARTESIAN_POINT('',(4.3,29.935,88.629));
#8547=CARTESIAN_POINT('',(1.8329900966238E-15,29.935,59.129));
#8548=CARTESIAN_POINT('',(-6.55677643628299,30.935,59.129));
#8549=CARTESIAN_POINT('',(-6.55677643628299,26.935,59.129));
#8550=CARTESIAN_POINT('',(-6.55677643628299,30.935,59.129));
#8551=CARTESIAN_POINT('',(1.6492930767517E-15,26.935,59.129));
#8552=CARTESIAN_POINT('',(-9.2,26.935,59.129));
#8553=CARTESIAN_POINT('',(-9.2,29.935,59.129));
#8554=CARTESIAN_POINT('',(-9.2,33.6137248754136,59.129));
#8555=CARTESIAN_POINT('',(0.,2.13394704751427E-15,59.129));
#8556=CARTESIAN_POINT('',(-7.6,34.0112113868353,59.129));
#8557=CARTESIAN_POINT('',(-7.6,33.8925,59.129));
#8558=CARTESIAN_POINT('',(-7.6,31.935,59.129));
#8559=CARTESIAN_POINT('',(1.95545477653853E-15,31.935,59.129));
#8560=CARTESIAN_POINT('',(7.6,31.935,59.129));
#8561=CARTESIAN_POINT('',(7.6,33.8925,59.129));
#8562=CARTESIAN_POINT('',(7.6,34.0112113868353,59.129));
#8563=CARTESIAN_POINT('',(0.,2.13394704751427E-15,59.129));
#8564=CARTESIAN_POINT('',(9.2,33.6137248754136,59.129));
#8565=CARTESIAN_POINT('',(9.2,29.935,59.129));
#8566=CARTESIAN_POINT('',(9.2,26.935,59.129));
#8567=CARTESIAN_POINT('',(1.6492930767517E-15,26.935,59.129));
#8568=CARTESIAN_POINT('',(6.55677643628299,26.935,59.129));
#8569=CARTESIAN_POINT('',(6.55677643628299,30.935,59.129));
#8570=CARTESIAN_POINT('',(6.55677643628299,30.935,59.129));
#8571=CARTESIAN_POINT('',(1.8329900966238E-15,30.935,59.129));
#8572=CARTESIAN_POINT('',(5.44322356371701,30.935,59.129));
#8573=CARTESIAN_POINT('',(5.44322356371701,30.935,59.129));
#8574=CARTESIAN_POINT('',(5.44322356371701,26.935,59.129));
#8575=CARTESIAN_POINT('',(1.6492930767517E-15,26.935,59.129));
#8576=CARTESIAN_POINT('',(4.3,26.935,59.129));
#8577=CARTESIAN_POINT('',(4.3,29.935,59.129));
#8578=CARTESIAN_POINT('',(4.3,27.935,59.129));
#8579=CARTESIAN_POINT('',(1.71052541670907E-15,27.935,59.129));
#8580=CARTESIAN_POINT('',(-4.3,27.935,59.129));
#8581=CARTESIAN_POINT('',(-4.3,29.935,59.129));
#8582=CARTESIAN_POINT('',(-4.3,26.935,59.129));
#8583=CARTESIAN_POINT('',(1.6492930767517E-15,26.935,59.129));
#8584=CARTESIAN_POINT('',(-5.44322356371701,26.935,59.129));
#8585=CARTESIAN_POINT('',(-5.44322356371701,30.935,59.129));
#8586=CARTESIAN_POINT('',(-5.44322356371701,30.935,59.129));
#8587=CARTESIAN_POINT('',(1.8329900966238E-15,30.935,59.129));
#8588=CARTESIAN_POINT('',(1.71052541670907E-15,27.935,88.629));
#8589=CARTESIAN_POINT('',(1.71052541670907E-15,27.935,83.929));
#8590=CARTESIAN_POINT('',(9.2,27.935,83.929));
#8591=CARTESIAN_POINT('',(4.3,27.935,83.929));
#8592=CARTESIAN_POINT('',(4.3,27.935,88.629));
#8593=CARTESIAN_POINT('',(4.3,27.935,63.829));
#8594=CARTESIAN_POINT('',(1.71052541670907E-15,27.935,63.829));
#8595=CARTESIAN_POINT('',(9.2,27.935,63.829));
#8596=CARTESIAN_POINT('',(9.2,27.935,88.629));
#8597=CARTESIAN_POINT('',(1.95545477653853E-15,31.935,88.629));
#8598=CARTESIAN_POINT('',(-7.6,31.935,88.629));
#8599=CARTESIAN_POINT('',(7.6,31.935,88.629));
#8600=CARTESIAN_POINT('',(4.3,31.935,88.629));
#8601=CARTESIAN_POINT('',(4.3,31.935,85.929));
#8602=CARTESIAN_POINT('',(4.3,31.935,61.829));
#8603=CARTESIAN_POINT('',(1.95545477653853E-15,31.935,85.929));
#8604=CARTESIAN_POINT('',(-4.3,31.935,85.929));
#8605=CARTESIAN_POINT('',(-4.3,31.935,88.629));
#8606=CARTESIAN_POINT('',(-4.3,31.935,61.829));
#8607=CARTESIAN_POINT('',(1.95545477653853E-15,31.935,61.829));
#8608=CARTESIAN_POINT('',(1.6492930767517E-15,26.935,63.829));
#8609=CARTESIAN_POINT('',(-6.,26.935,60.629));
#8610=CARTESIAN_POINT('',(-4.3,26.935,63.829));
#8611=CARTESIAN_POINT('',(-4.3,26.935,63.829));
#8612=CARTESIAN_POINT('',(1.6492930767517E-15,26.935,63.829));
#8613=CARTESIAN_POINT('',(-9.2,26.935,63.829));
#8614=CARTESIAN_POINT('',(-9.2,26.935,63.829));
#8615=CARTESIAN_POINT('',(1.6492930767517E-15,26.935,63.829));
#8616=CARTESIAN_POINT('',(6.,26.935,60.629));
#8617=CARTESIAN_POINT('',(9.2,26.935,63.829));
#8618=CARTESIAN_POINT('',(9.2,26.935,63.829));
#8619=CARTESIAN_POINT('',(1.6492930767517E-15,26.935,63.829));
#8620=CARTESIAN_POINT('',(4.3,26.935,63.829));
#8621=CARTESIAN_POINT('',(4.3,26.935,63.829));
#8622=CARTESIAN_POINT('',(1.67990924673038E-15,27.435,63.829));
#8623=CARTESIAN_POINT('',(4.3,27.435,63.829));
#8624=CARTESIAN_POINT('',(9.2,27.435,63.829));
#8625=CARTESIAN_POINT('',(1.6492930767517E-15,26.935,88.629));
#8626=CARTESIAN_POINT('',(6.,26.935,87.129));
#8627=CARTESIAN_POINT('',(4.3,26.935,88.629));
#8628=CARTESIAN_POINT('',(4.3,26.935,83.929));
#8629=CARTESIAN_POINT('',(1.6492930767517E-15,26.935,83.929));
#8630=CARTESIAN_POINT('',(9.2,26.935,83.929));
#8631=CARTESIAN_POINT('',(9.2,26.935,88.629));
#8632=CARTESIAN_POINT('',(1.6492930767517E-15,26.935,88.629));
#8633=CARTESIAN_POINT('',(-6.,26.935,87.129));
#8634=CARTESIAN_POINT('',(-9.2,26.935,88.629));
#8635=CARTESIAN_POINT('',(-9.2,26.935,83.929));
#8636=CARTESIAN_POINT('',(1.6492930767517E-15,26.935,83.929));
#8637=CARTESIAN_POINT('',(-4.3,26.935,83.929));
#8638=CARTESIAN_POINT('',(-4.3,26.935,88.629));
#8639=CARTESIAN_POINT('',(1.67990924673038E-15,27.435,83.929));
#8640=CARTESIAN_POINT('',(4.3,27.435,83.929));
#8641=CARTESIAN_POINT('',(9.2,27.435,83.929));
#8642=CARTESIAN_POINT('',(-29.935,3.6659801932476E-15,88.629));
#8643=CARTESIAN_POINT('',(-27.935,3.42105083341813E-15,88.629));
#8644=CARTESIAN_POINT('',(-27.935,-4.3,88.629));
#8645=CARTESIAN_POINT('',(-27.935,4.3,88.629));
#8646=CARTESIAN_POINT('',(-29.935,4.3,88.629));
#8647=CARTESIAN_POINT('',(-26.935,4.3,88.629));
#8648=CARTESIAN_POINT('',(-26.935,3.29858615350339E-15,88.629));
#8649=CARTESIAN_POINT('',(-26.935,5.44322356371701,88.629));
#8650=CARTESIAN_POINT('',(-30.935,5.44322356371701,88.629));
#8651=CARTESIAN_POINT('',(-30.935,5.44322356371701,88.629));
#8652=CARTESIAN_POINT('',(-30.935,3.6659801932476E-15,88.629));
#8653=CARTESIAN_POINT('',(-30.935,6.556776436283,88.629));
#8654=CARTESIAN_POINT('',(-30.935,6.556776436283,88.629));
#8655=CARTESIAN_POINT('',(-26.935,6.556776436283,88.629));
#8656=CARTESIAN_POINT('',(-26.935,3.29858615350339E-15,88.629));
#8657=CARTESIAN_POINT('',(-26.935,9.2,88.629));
#8658=CARTESIAN_POINT('',(-29.935,9.2,88.629));
#8659=CARTESIAN_POINT('',(-33.6137248754136,9.2,88.629));
#8660=CARTESIAN_POINT('',(0.,2.13394704751427E-15,88.629));
#8661=CARTESIAN_POINT('',(-34.0112113868353,7.6,88.629));
#8662=CARTESIAN_POINT('',(-33.8925,7.6,88.629));
#8663=CARTESIAN_POINT('',(-31.935,7.6,88.629));
#8664=CARTESIAN_POINT('',(-31.935,3.91090955307707E-15,88.629));
#8665=CARTESIAN_POINT('',(-31.935,-7.6,88.629));
#8666=CARTESIAN_POINT('',(-33.8925,-7.6,88.629));
#8667=CARTESIAN_POINT('',(-34.0112113868353,-7.6,88.629));
#8668=CARTESIAN_POINT('',(0.,2.13394704751427E-15,88.629));
#8669=CARTESIAN_POINT('',(-33.6137248754136,-9.2,88.629));
#8670=CARTESIAN_POINT('',(-29.935,-9.2,88.629));
#8671=CARTESIAN_POINT('',(-26.935,-9.2,88.629));
#8672=CARTESIAN_POINT('',(-26.935,3.29858615350339E-15,88.629));
#8673=CARTESIAN_POINT('',(-26.935,-6.556776436283,88.629));
#8674=CARTESIAN_POINT('',(-30.935,-6.556776436283,88.629));
#8675=CARTESIAN_POINT('',(-30.935,-6.556776436283,88.629));
#8676=CARTESIAN_POINT('',(-30.935,3.6659801932476E-15,88.629));
#8677=CARTESIAN_POINT('',(-30.935,-5.443223563717,88.629));
#8678=CARTESIAN_POINT('',(-30.935,-5.443223563717,88.629));
#8679=CARTESIAN_POINT('',(-26.935,-5.443223563717,88.629));
#8680=CARTESIAN_POINT('',(-26.935,3.29858615350339E-15,88.629));
#8681=CARTESIAN_POINT('',(-26.935,-4.3,88.629));
#8682=CARTESIAN_POINT('',(-29.935,-4.3,88.629));
#8683=CARTESIAN_POINT('',(-29.935,3.6659801932476E-15,59.129));
#8684=CARTESIAN_POINT('',(-29.935,4.3,59.129));
#8685=CARTESIAN_POINT('',(-27.935,4.3,59.129));
#8686=CARTESIAN_POINT('',(-26.935,4.3,59.129));
#8687=CARTESIAN_POINT('',(-27.935,3.42105083341813E-15,59.129));
#8688=CARTESIAN_POINT('',(-27.935,-4.3,59.129));
#8689=CARTESIAN_POINT('',(-29.935,-4.3,59.129));
#8690=CARTESIAN_POINT('',(-26.935,-4.3,59.129));
#8691=CARTESIAN_POINT('',(-26.935,3.29858615350339E-15,59.129));
#8692=CARTESIAN_POINT('',(-26.935,-5.443223563717,59.129));
#8693=CARTESIAN_POINT('',(-30.935,-5.443223563717,59.129));
#8694=CARTESIAN_POINT('',(-30.935,-5.443223563717,59.129));
#8695=CARTESIAN_POINT('',(-30.935,3.6659801932476E-15,59.129));
#8696=CARTESIAN_POINT('',(-30.935,-6.556776436283,59.129));
#8697=CARTESIAN_POINT('',(-30.935,-6.556776436283,59.129));
#8698=CARTESIAN_POINT('',(-26.935,-6.556776436283,59.129));
#8699=CARTESIAN_POINT('',(-26.935,3.29858615350339E-15,59.129));
#8700=CARTESIAN_POINT('',(-26.935,-9.2,59.129));
#8701=CARTESIAN_POINT('',(-29.935,-9.2,59.129));
#8702=CARTESIAN_POINT('',(-33.6137248754136,-9.2,59.129));
#8703=CARTESIAN_POINT('',(0.,2.13394704751427E-15,59.129));
#8704=CARTESIAN_POINT('',(-34.0112113868353,-7.6,59.129));
#8705=CARTESIAN_POINT('',(-33.8925,-7.6,59.129));
#8706=CARTESIAN_POINT('',(-31.935,-7.6,59.129));
#8707=CARTESIAN_POINT('',(-31.935,3.91090955307707E-15,59.129));
#8708=CARTESIAN_POINT('',(-31.935,7.6,59.129));
#8709=CARTESIAN_POINT('',(-33.8925,7.6,59.129));
#8710=CARTESIAN_POINT('',(-34.0112113868353,7.6,59.129));
#8711=CARTESIAN_POINT('',(0.,2.13394704751427E-15,59.129));
#8712=CARTESIAN_POINT('',(-33.6137248754136,9.2,59.129));
#8713=CARTESIAN_POINT('',(-29.935,9.2,59.129));
#8714=CARTESIAN_POINT('',(-26.935,9.2,59.129));
#8715=CARTESIAN_POINT('',(-26.935,3.29858615350339E-15,59.129));
#8716=CARTESIAN_POINT('',(-26.935,6.556776436283,59.129));
#8717=CARTESIAN_POINT('',(-30.935,6.556776436283,59.129));
#8718=CARTESIAN_POINT('',(-30.935,6.556776436283,59.129));
#8719=CARTESIAN_POINT('',(-30.935,3.6659801932476E-15,59.129));
#8720=CARTESIAN_POINT('',(-30.935,5.44322356371701,59.129));
#8721=CARTESIAN_POINT('',(-30.935,5.44322356371701,59.129));
#8722=CARTESIAN_POINT('',(-26.935,5.44322356371701,59.129));
#8723=CARTESIAN_POINT('',(-26.935,3.29858615350339E-15,59.129));
#8724=CARTESIAN_POINT('',(-27.935,3.42105083341813E-15,88.629));
#8725=CARTESIAN_POINT('',(-27.935,3.42105083341813E-15,83.929));
#8726=CARTESIAN_POINT('',(-27.935,9.2,83.929));
#8727=CARTESIAN_POINT('',(-27.935,4.3,83.929));
#8728=CARTESIAN_POINT('',(-27.935,4.3,88.629));
#8729=CARTESIAN_POINT('',(-27.935,4.3,63.829));
#8730=CARTESIAN_POINT('',(-27.935,3.42105083341813E-15,63.829));
#8731=CARTESIAN_POINT('',(-27.935,9.2,63.829));
#8732=CARTESIAN_POINT('',(-27.935,9.2,88.629));
#8733=CARTESIAN_POINT('',(-31.935,3.91090955307707E-15,88.629));
#8734=CARTESIAN_POINT('',(-31.935,-7.6,88.629));
#8735=CARTESIAN_POINT('',(-31.935,7.6,88.629));
#8736=CARTESIAN_POINT('',(-31.935,4.3,88.629));
#8737=CARTESIAN_POINT('',(-31.935,4.3,85.929));
#8738=CARTESIAN_POINT('',(-31.935,4.3,61.829));
#8739=CARTESIAN_POINT('',(-31.935,3.91090955307707E-15,85.929));
#8740=CARTESIAN_POINT('',(-31.935,-4.3,85.929));
#8741=CARTESIAN_POINT('',(-31.935,-4.3,88.629));
#8742=CARTESIAN_POINT('',(-31.935,-4.3,61.829));
#8743=CARTESIAN_POINT('',(-31.935,3.91090955307707E-15,61.829));
#8744=CARTESIAN_POINT('',(-26.935,3.29858615350339E-15,63.829));
#8745=CARTESIAN_POINT('',(-26.935,-4.3,63.829));
#8746=CARTESIAN_POINT('',(-26.935,-4.3,63.829));
#8747=CARTESIAN_POINT('',(-26.935,3.29858615350339E-15,63.829));
#8748=CARTESIAN_POINT('',(-26.935,-9.2,63.829));
#8749=CARTESIAN_POINT('',(-26.935,-9.2,63.829));
#8750=CARTESIAN_POINT('',(-26.935,-6.,60.629));
#8751=CARTESIAN_POINT('',(-27.435,3.35981849346077E-15,63.829));
#8752=CARTESIAN_POINT('',(-27.435,4.3,63.829));
#8753=CARTESIAN_POINT('',(-26.935,4.3,63.829));
#8754=CARTESIAN_POINT('',(-26.935,3.29858615350339E-15,63.829));
#8755=CARTESIAN_POINT('',(-26.935,9.2,63.829));
#8756=CARTESIAN_POINT('',(-27.435,9.2,63.829));
#8757=CARTESIAN_POINT('',(-26.935,3.29858615350339E-15,88.629));
#8758=CARTESIAN_POINT('',(-26.935,-4.3,88.629));
#8759=CARTESIAN_POINT('',(-26.935,-4.3,83.929));
#8760=CARTESIAN_POINT('',(-26.935,-6.,87.129));
#8761=CARTESIAN_POINT('',(-26.935,-9.2,88.629));
#8762=CARTESIAN_POINT('',(-26.935,-9.2,83.929));
#8763=CARTESIAN_POINT('',(-26.935,3.29858615350339E-15,83.929));
#8764=CARTESIAN_POINT('',(-27.435,3.35981849346077E-15,83.929));
#8765=CARTESIAN_POINT('',(-27.435,4.3,83.929));
#8766=CARTESIAN_POINT('',(-26.935,4.3,83.929));
#8767=CARTESIAN_POINT('',(-27.435,9.2,83.929));
#8768=CARTESIAN_POINT('',(-26.935,9.2,83.929));
#8769=CARTESIAN_POINT('',(-26.935,3.29858615350339E-15,83.929));
#8770=CARTESIAN_POINT('',(-5.4989702898714E-15,-29.935,88.629));
#8771=CARTESIAN_POINT('',(-4.94787923025509E-15,-26.935,88.629));
#8772=CARTESIAN_POINT('',(-5.44322356371699,-26.935,88.629));
#8773=CARTESIAN_POINT('',(-4.3,-26.935,88.629));
#8774=CARTESIAN_POINT('',(-5.443223563717,-30.935,88.629));
#8775=CARTESIAN_POINT('',(-5.443223563717,-30.935,88.629));
#8776=CARTESIAN_POINT('',(-5.84591498506676E-15,-30.935,88.629));
#8777=CARTESIAN_POINT('',(-6.55677643628302,-30.935,88.629));
#8778=CARTESIAN_POINT('',(-6.55677643628302,-30.935,88.629));
#8779=CARTESIAN_POINT('',(-6.55677643628302,-26.935,88.629));
#8780=CARTESIAN_POINT('',(-4.94787923025509E-15,-26.935,88.629));
#8781=CARTESIAN_POINT('',(-9.2,-26.935,88.629));
#8782=CARTESIAN_POINT('',(-9.2,-29.935,88.629));
#8783=CARTESIAN_POINT('',(-9.2,-33.6137248754136,88.629));
#8784=CARTESIAN_POINT('',(0.,2.13394704751427E-15,88.629));
#8785=CARTESIAN_POINT('',(-7.6,-34.0112113868353,88.629));
#8786=CARTESIAN_POINT('',(-7.6,-33.8925,88.629));
#8787=CARTESIAN_POINT('',(-7.6,-31.935,88.629));
#8788=CARTESIAN_POINT('',(-5.86636432961561E-15,-31.935,88.629));
#8789=CARTESIAN_POINT('',(7.6,-31.935,88.629));
#8790=CARTESIAN_POINT('',(7.6,-33.8925,88.629));
#8791=CARTESIAN_POINT('',(7.6,-34.0112113868353,88.629));
#8792=CARTESIAN_POINT('',(0.,2.13394704751427E-15,88.629));
#8793=CARTESIAN_POINT('',(9.2,-33.6137248754136,88.629));
#8794=CARTESIAN_POINT('',(9.2,-29.935,88.629));
#8795=CARTESIAN_POINT('',(9.2,-26.935,88.629));
#8796=CARTESIAN_POINT('',(-4.94787923025509E-15,-26.935,88.629));
#8797=CARTESIAN_POINT('',(6.55677643628301,-26.935,88.629));
#8798=CARTESIAN_POINT('',(6.55677643628301,-30.935,88.629));
#8799=CARTESIAN_POINT('',(6.55677643628301,-30.935,88.629));
#8800=CARTESIAN_POINT('',(-5.84591498506676E-15,-30.935,88.629));
#8801=CARTESIAN_POINT('',(5.44322356371698,-30.935,88.629));
#8802=CARTESIAN_POINT('',(5.44322356371698,-30.935,88.629));
#8803=CARTESIAN_POINT('',(5.44322356371699,-26.935,88.629));
#8804=CARTESIAN_POINT('',(-4.94787923025509E-15,-26.935,88.629));
#8805=CARTESIAN_POINT('',(4.3,-26.935,88.629));
#8806=CARTESIAN_POINT('',(4.3,-29.935,88.629));
#8807=CARTESIAN_POINT('',(4.3,-27.935,88.629));
#8808=CARTESIAN_POINT('',(-5.1315762501272E-15,-27.935,88.629));
#8809=CARTESIAN_POINT('',(-4.3,-27.935,88.629));
#8810=CARTESIAN_POINT('',(-4.3,-29.935,88.629));
#8811=CARTESIAN_POINT('',(-5.4989702898714E-15,-29.935,59.129));
#8812=CARTESIAN_POINT('',(6.55677643628299,-30.935,59.129));
#8813=CARTESIAN_POINT('',(6.55677643628299,-26.935,59.129));
#8814=CARTESIAN_POINT('',(6.55677643628299,-30.935,59.129));
#8815=CARTESIAN_POINT('',(-4.94787923025509E-15,-26.935,59.129));
#8816=CARTESIAN_POINT('',(9.2,-26.935,59.129));
#8817=CARTESIAN_POINT('',(9.2,-29.935,59.129));
#8818=CARTESIAN_POINT('',(9.2,-33.6137248754136,59.129));
#8819=CARTESIAN_POINT('',(0.,2.13394704751427E-15,59.129));
#8820=CARTESIAN_POINT('',(7.6,-34.0112113868353,59.129));
#8821=CARTESIAN_POINT('',(7.6,-33.8925,59.129));
#8822=CARTESIAN_POINT('',(7.6,-31.935,59.129));
#8823=CARTESIAN_POINT('',(-5.86636432961561E-15,-31.935,59.129));
#8824=CARTESIAN_POINT('',(-7.6,-31.935,59.129));
#8825=CARTESIAN_POINT('',(-7.6,-33.8925,59.129));
#8826=CARTESIAN_POINT('',(-7.6,-34.0112113868353,59.129));
#8827=CARTESIAN_POINT('',(0.,2.13394704751427E-15,59.129));
#8828=CARTESIAN_POINT('',(-9.2,-33.6137248754136,59.129));
#8829=CARTESIAN_POINT('',(-9.2,-29.935,59.129));
#8830=CARTESIAN_POINT('',(-9.2,-26.935,59.129));
#8831=CARTESIAN_POINT('',(-4.94787923025509E-15,-26.935,59.129));
#8832=CARTESIAN_POINT('',(-6.556776436283,-26.935,59.129));
#8833=CARTESIAN_POINT('',(-6.556776436283,-30.935,59.129));
#8834=CARTESIAN_POINT('',(-6.556776436283,-30.935,59.129));
#8835=CARTESIAN_POINT('',(-5.84591498506676E-15,-30.935,59.129));
#8836=CARTESIAN_POINT('',(-5.44322356371702,-30.935,59.129));
#8837=CARTESIAN_POINT('',(-5.44322356371702,-30.935,59.129));
#8838=CARTESIAN_POINT('',(-5.44322356371701,-26.935,59.129));
#8839=CARTESIAN_POINT('',(-4.94787923025509E-15,-26.935,59.129));
#8840=CARTESIAN_POINT('',(-4.3,-26.935,59.129));
#8841=CARTESIAN_POINT('',(-4.3,-29.935,59.129));
#8842=CARTESIAN_POINT('',(-4.3,-27.935,59.129));
#8843=CARTESIAN_POINT('',(-5.1315762501272E-15,-27.935,59.129));
#8844=CARTESIAN_POINT('',(4.3,-27.935,59.129));
#8845=CARTESIAN_POINT('',(4.3,-29.935,59.129));
#8846=CARTESIAN_POINT('',(4.3,-26.935,59.129));
#8847=CARTESIAN_POINT('',(-4.94787923025509E-15,-26.935,59.129));
#8848=CARTESIAN_POINT('',(5.44322356371701,-26.935,59.129));
#8849=CARTESIAN_POINT('',(5.443223563717,-30.935,59.129));
#8850=CARTESIAN_POINT('',(5.443223563717,-30.935,59.129));
#8851=CARTESIAN_POINT('',(-5.84591498506676E-15,-30.935,59.129));
#8852=CARTESIAN_POINT('',(-5.1315762501272E-15,-27.935,88.629));
#8853=CARTESIAN_POINT('',(-5.1315762501272E-15,-27.935,83.929));
#8854=CARTESIAN_POINT('',(-9.2,-27.935,83.929));
#8855=CARTESIAN_POINT('',(-4.3,-27.935,83.929));
#8856=CARTESIAN_POINT('',(-4.3,-27.935,88.629));
#8857=CARTESIAN_POINT('',(-4.3,-27.935,63.829));
#8858=CARTESIAN_POINT('',(-5.1315762501272E-15,-27.935,63.829));
#8859=CARTESIAN_POINT('',(-9.2,-27.935,63.829));
#8860=CARTESIAN_POINT('',(-9.2,-27.935,88.629));
#8861=CARTESIAN_POINT('',(-5.86636432961561E-15,-31.935,88.629));
#8862=CARTESIAN_POINT('',(7.6,-31.935,88.629));
#8863=CARTESIAN_POINT('',(-7.6,-31.935,88.629));
#8864=CARTESIAN_POINT('',(-4.3,-31.935,88.629));
#8865=CARTESIAN_POINT('',(-4.3,-31.935,85.929));
#8866=CARTESIAN_POINT('',(-4.3,-31.935,61.829));
#8867=CARTESIAN_POINT('',(-5.86636432961561E-15,-31.935,85.929));
#8868=CARTESIAN_POINT('',(4.3,-31.935,85.929));
#8869=CARTESIAN_POINT('',(4.3,-31.935,88.629));
#8870=CARTESIAN_POINT('',(4.3,-31.935,61.829));
#8871=CARTESIAN_POINT('',(-5.86636432961561E-15,-31.935,61.829));
#8872=CARTESIAN_POINT('',(-4.94787923025509E-15,-26.935,63.829));
#8873=CARTESIAN_POINT('',(6.,-26.935,60.629));
#8874=CARTESIAN_POINT('',(4.3,-26.935,63.829));
#8875=CARTESIAN_POINT('',(4.3,-26.935,63.829));
#8876=CARTESIAN_POINT('',(-4.94787923025509E-15,-26.935,63.829));
#8877=CARTESIAN_POINT('',(9.2,-26.935,63.829));
#8878=CARTESIAN_POINT('',(9.2,-26.935,63.829));
#8879=CARTESIAN_POINT('',(-5.03972774019115E-15,-27.435,63.829));
#8880=CARTESIAN_POINT('',(-4.3,-27.435,63.829));
#8881=CARTESIAN_POINT('',(-4.3,-26.935,63.829));
#8882=CARTESIAN_POINT('',(-4.94787923025509E-15,-26.935,63.829));
#8883=CARTESIAN_POINT('',(-9.2,-26.935,63.829));
#8884=CARTESIAN_POINT('',(-9.2,-27.435,63.829));
#8885=CARTESIAN_POINT('',(-4.94787923025509E-15,-26.935,88.629));
#8886=CARTESIAN_POINT('',(-6.,-26.935,87.129));
#8887=CARTESIAN_POINT('',(-4.3,-26.935,88.629));
#8888=CARTESIAN_POINT('',(-4.3,-26.935,83.929));
#8889=CARTESIAN_POINT('',(-4.94787923025509E-15,-26.935,83.929));
#8890=CARTESIAN_POINT('',(-9.2,-26.935,83.929));
#8891=CARTESIAN_POINT('',(-9.2,-26.935,88.629));
#8892=CARTESIAN_POINT('',(-4.94787923025509E-15,-26.935,88.629));
#8893=CARTESIAN_POINT('',(6.,-26.935,87.129));
#8894=CARTESIAN_POINT('',(9.2,-26.935,88.629));
#8895=CARTESIAN_POINT('',(9.2,-26.935,83.929));
#8896=CARTESIAN_POINT('',(-4.94787923025509E-15,-26.935,83.929));
#8897=CARTESIAN_POINT('',(4.3,-26.935,83.929));
#8898=CARTESIAN_POINT('',(4.3,-26.935,88.629));
#8899=CARTESIAN_POINT('',(-5.03972774019115E-15,-27.435,83.929));
#8900=CARTESIAN_POINT('',(-4.3,-27.435,83.929));
#8901=CARTESIAN_POINT('',(-9.2,-27.435,83.929));
#8902=CARTESIAN_POINT('',(0.,2.13394704751427E-15,95.629));
#8903=CARTESIAN_POINT('',(9.2,-33.6137248754136,95.629));
#8904=CARTESIAN_POINT('',(7.6,-34.0112113868353,95.629));
#8905=CARTESIAN_POINT('',(-33.6137248754136,9.2,95.629));
#8906=CARTESIAN_POINT('',(-34.0112113868353,7.6,95.629));
#8907=CARTESIAN_POINT('',(-34.7933386635384,-2.36902097409868,73.9516678670948));
#8908=CARTESIAN_POINT('',(-34.8782301782939,0.00195628184227392,74.4270654362697));
#8909=CARTESIAN_POINT('',(-34.793740623286,2.3611958467296,73.9540703878266));
#8910=CARTESIAN_POINT('',(-34.5909320912212,4.35323141903394,72.620627418069));
#8911=CARTESIAN_POINT('',(-34.3868366725781,5.68508482371185,70.6299013946085));
#8912=CARTESIAN_POINT('',(-34.3011219856119,6.1567497492658,68.2729042626893));
#8913=CARTESIAN_POINT('',(-34.3863694044836,5.68791015707846,65.913304487031));
#8914=CARTESIAN_POINT('',(-34.5909008146988,4.35372652839934,63.9171995585044));
#8915=CARTESIAN_POINT('',(-34.793844948615,2.36036835106469,62.5833957725922));
#8916=CARTESIAN_POINT('',(-34.8780013054811,0.00239494196372047,62.1122568285219));
#8917=CARTESIAN_POINT('',(-34.7941493498004,-2.35578500433887,62.5815796993453));
#8918=CARTESIAN_POINT('',(-34.5915645329949,-4.34837131588007,63.9126609019556));
#8919=CARTESIAN_POINT('',(-34.3871558808824,-5.68336510918326,65.902744965186));
#8920=CARTESIAN_POINT('',(-34.301015513796,-6.15729381406765,68.2642776679466));
#8921=CARTESIAN_POINT('',(-34.3864769902533,-5.68744842398917,70.6257338020772));
#8922=CARTESIAN_POINT('',(-34.590628834495,-4.35470733846936,72.6182432361793));
#8923=CARTESIAN_POINT('',(-34.7933386635384,-2.36902097409868,73.9516678670948));
#8924=CARTESIAN_POINT('',(-34.8782301782939,0.00195628184227392,74.4270654362697));
#8925=CARTESIAN_POINT('',(-34.793740623286,2.3611958467296,73.9540703878266));
#8926=CARTESIAN_POINT('',(-34.85,6.95761755146416E-15,74.269));
#8927=CARTESIAN_POINT('',(-9.2,33.6137248754136,95.629));
#8928=CARTESIAN_POINT('',(-7.6,34.0112113868353,95.629));
#8929=CARTESIAN_POINT('',(33.6137248754136,-9.2,95.629));
#8930=CARTESIAN_POINT('',(34.0112113868353,-7.6,95.629));
#8931=CARTESIAN_POINT('',(34.7933386635384,2.36902097409869,73.9516678670948));
#8932=CARTESIAN_POINT('',(34.8782301782939,-0.00195628184227359,74.4270654362697));
#8933=CARTESIAN_POINT('',(34.793740623286,-2.36119584672959,73.9540703878265));
#8934=CARTESIAN_POINT('',(34.5909320912212,-4.35323141903394,72.620627418069));
#8935=CARTESIAN_POINT('',(34.386836672578,-5.68508482371184,70.6299013946084));
#8936=CARTESIAN_POINT('',(34.3011219856119,-6.15674974926579,68.2729042626893));
#8937=CARTESIAN_POINT('',(34.3863694044836,-5.68791015707846,65.913304487031));
#8938=CARTESIAN_POINT('',(34.5909008146988,-4.35372652839934,63.9171995585044));
#8939=CARTESIAN_POINT('',(34.793844948615,-2.36036835106469,62.5833957725922));
#8940=CARTESIAN_POINT('',(34.8780013054811,-0.00239494196372448,62.1122568285219));
#8941=CARTESIAN_POINT('',(34.7941493498004,2.35578500433888,62.5815796993453));
#8942=CARTESIAN_POINT('',(34.591564532995,4.34837131588008,63.9126609019556));
#8943=CARTESIAN_POINT('',(34.3871558808823,5.68336510918326,65.902744965186));
#8944=CARTESIAN_POINT('',(34.301015513796,6.15729381406766,68.2642776679466));
#8945=CARTESIAN_POINT('',(34.3864769902533,5.68744842398917,70.6257338020772));
#8946=CARTESIAN_POINT('',(34.590628834495,4.35470733846935,72.6182432361793));
#8947=CARTESIAN_POINT('',(34.7933386635384,2.36902097409869,73.9516678670948));
#8948=CARTESIAN_POINT('',(34.8782301782939,-0.00195628184227359,74.4270654362697));
#8949=CARTESIAN_POINT('',(34.793740623286,-2.36119584672959,73.9540703878265));
#8950=CARTESIAN_POINT('',(34.85,-1.98353568247536E-15,74.269));
#8951=CARTESIAN_POINT('',(0.,2.13394704751427E-15,94.629));
#8952=CARTESIAN_POINT('',(34.85,2.13394704751427E-15,94.629));
#8953=CARTESIAN_POINT('',(0.,2.13394704751427E-15,53.129));
#8954=CARTESIAN_POINT('',(34.85,2.13394704751427E-15,53.129));
#8955=CARTESIAN_POINT('',(33.6137248754136,9.2,95.629));
#8956=CARTESIAN_POINT('',(34.0112113868353,7.6,95.629));
#8957=CARTESIAN_POINT('',(5.68266368667911,34.3872661221355,70.637991336149));
#8958=CARTESIAN_POINT('',(6.15806751021889,34.3008919399185,68.2670439644081));
#8959=CARTESIAN_POINT('',(5.68506627244535,34.3868590851718,65.9078328062184));
#8960=CARTESIAN_POINT('',(4.35173421006737,34.5911133412075,63.9158763664153));
#8961=CARTESIAN_POINT('',(2.36093369220705,34.7937621916399,62.5839106196184));
#8962=CARTESIAN_POINT('',(0.00388787391056937,34.8780032802181,62.1122518258433));
#8963=CARTESIAN_POINT('',(-2.35572229411283,34.7942236566465,62.581088064478));
#8964=CARTESIAN_POINT('',(-4.35190073508547,34.5911474836372,63.9153716683116));
#8965=CARTESIAN_POINT('',(-5.68560269613676,34.3867526519398,65.9086668260109));
#8966=CARTESIAN_POINT('',(-6.15674418424188,34.301124252294,68.2665955335423));
#8967=CARTESIAN_POINT('',(-5.68741776833338,34.3864437949875,70.6247560941897));
#8968=CARTESIAN_POINT('',(-4.35644480155847,34.5904812445278,72.6172631484829));
#8969=CARTESIAN_POINT('',(-2.36629209552089,34.7934478247312,73.9523685039175));
#8970=CARTESIAN_POINT('',(-0.00469820138634203,34.8781083705991,74.4262928079182));
#8971=CARTESIAN_POINT('',(2.35676477267569,34.7941167750587,73.956449125107));
#8972=CARTESIAN_POINT('',(4.34935210361995,34.5914163939515,72.6235991821709));
#8973=CARTESIAN_POINT('',(5.68266368667911,34.3872661221355,70.637991336149));
#8974=CARTESIAN_POINT('',(6.15806751021889,34.3008919399185,68.2670439644081));
#8975=CARTESIAN_POINT('',(5.68506627244535,34.3868590851718,65.9078328062184));
#8976=CARTESIAN_POINT('',(6.,34.3296154944969,68.269));
#8977=CARTESIAN_POINT('',(9.2,33.6137248754136,95.629));
#8978=CARTESIAN_POINT('',(7.6,34.0112113868353,95.629));
#8979=CARTESIAN_POINT('',(-33.6137248754136,-9.2,95.629));
#8980=CARTESIAN_POINT('',(-34.0112113868353,-7.6,95.629));
#8981=CARTESIAN_POINT('',(-5.68266368667912,-34.3872661221356,70.637991336149));
#8982=CARTESIAN_POINT('',(-6.15806751021888,-34.3008919399185,68.2670439644082));
#8983=CARTESIAN_POINT('',(-5.68506627244534,-34.3868590851718,65.9078328062184));
#8984=CARTESIAN_POINT('',(-4.35173421006737,-34.5911133412075,63.9158763664153));
#8985=CARTESIAN_POINT('',(-2.36093369220705,-34.7937621916399,62.5839106196184));
#8986=CARTESIAN_POINT('',(-0.00388787391056231,-34.8780032802181,62.1122518258432));
#8987=CARTESIAN_POINT('',(2.35572229411283,-34.7942236566465,62.5810880644779));
#8988=CARTESIAN_POINT('',(4.35190073508546,-34.5911474836372,63.9153716683116));
#8989=CARTESIAN_POINT('',(5.68560269613677,-34.3867526519398,65.908666826011));
#8990=CARTESIAN_POINT('',(6.15674418424186,-34.301124252294,68.2665955335424));
#8991=CARTESIAN_POINT('',(5.68741776833339,-34.3864437949875,70.6247560941897));
#8992=CARTESIAN_POINT('',(4.35644480155846,-34.5904812445278,72.6172631484829));
#8993=CARTESIAN_POINT('',(2.36629209552088,-34.7934478247312,73.9523685039175));
#8994=CARTESIAN_POINT('',(0.00469820138633756,-34.8781083705991,74.4262928079182));
#8995=CARTESIAN_POINT('',(-2.35676477267568,-34.7941167750587,73.956449125107));
#8996=CARTESIAN_POINT('',(-4.34935210361996,-34.5914163939515,72.6235991821709));
#8997=CARTESIAN_POINT('',(-5.68266368667912,-34.3872661221356,70.637991336149));
#8998=CARTESIAN_POINT('',(-6.15806751021888,-34.3008919399185,68.2670439644082));
#8999=CARTESIAN_POINT('',(-5.68506627244534,-34.3868590851718,65.9078328062184));
#9000=CARTESIAN_POINT('',(-6.,-34.3296154944969,68.269));
#9001=CARTESIAN_POINT('',(-9.2,-33.6137248754136,95.629));
#9002=CARTESIAN_POINT('',(-7.6,-34.0112113868353,95.629));
#9003=CARTESIAN_POINT('',(0.,0.,94.629));
#9004=CARTESIAN_POINT('',(0.,0.,53.129));
#9005=CARTESIAN_POINT('',(35.35,0.,68.269));
#9006=CARTESIAN_POINT('',(33.7,0.,68.269));
#9007=CARTESIAN_POINT('',(33.7,0.,62.269));
#9008=CARTESIAN_POINT('',(33.7,0.,68.269));
#9009=CARTESIAN_POINT('',(33.7,0.,68.269));
#9010=CARTESIAN_POINT('',(33.7,0.,64.269));
#9011=CARTESIAN_POINT('',(27.935,0.,88.629));
#9012=CARTESIAN_POINT('',(27.935,4.3,88.629));
#9013=CARTESIAN_POINT('',(27.935,4.3,83.929));
#9014=CARTESIAN_POINT('',(27.935,4.3,63.829));
#9015=CARTESIAN_POINT('',(27.935,0.,83.929));
#9016=CARTESIAN_POINT('',(27.935,9.2,83.929));
#9017=CARTESIAN_POINT('',(27.935,9.2,88.629));
#9018=CARTESIAN_POINT('',(27.935,9.2,63.829));
#9019=CARTESIAN_POINT('',(27.935,0.,63.829));
#9020=CARTESIAN_POINT('',(29.935,-9.2,88.629));
#9021=CARTESIAN_POINT('',(29.935,9.2,88.629));
#9022=CARTESIAN_POINT('',(27.435,9.2,63.829));
#9023=CARTESIAN_POINT('',(27.435,9.2,83.929));
#9024=CARTESIAN_POINT('',(33.8925,-7.6,88.629));
#9025=CARTESIAN_POINT('',(33.8925,7.6,88.629));
#9026=CARTESIAN_POINT('',(27.435,0.,63.829));
#9027=CARTESIAN_POINT('',(27.435,4.3,63.829));
#9028=CARTESIAN_POINT('',(27.435,0.,83.929));
#9029=CARTESIAN_POINT('',(27.435,4.3,83.929));
#9030=CARTESIAN_POINT('',(2.53195725723716E-15,35.35,68.269));
#9031=CARTESIAN_POINT('',(2.43092389630749E-15,33.7,68.269));
#9032=CARTESIAN_POINT('',(-6.,33.7,68.269));
#9033=CARTESIAN_POINT('',(2.06352985656329E-15,33.7,68.269));
#9034=CARTESIAN_POINT('',(2.30845921639276E-15,33.7,68.269));
#9035=CARTESIAN_POINT('',(-4.,33.7,68.269));
#9036=CARTESIAN_POINT('',(1.71052541670907E-15,27.935,88.629));
#9037=CARTESIAN_POINT('',(-4.3,27.935,88.629));
#9038=CARTESIAN_POINT('',(-4.3,27.935,83.929));
#9039=CARTESIAN_POINT('',(-4.3,27.935,63.829));
#9040=CARTESIAN_POINT('',(1.71052541670907E-15,27.935,83.929));
#9041=CARTESIAN_POINT('',(-9.2,27.935,83.929));
#9042=CARTESIAN_POINT('',(-9.2,27.935,88.629));
#9043=CARTESIAN_POINT('',(-9.2,27.935,63.829));
#9044=CARTESIAN_POINT('',(1.71052541670907E-15,27.935,63.829));
#9045=CARTESIAN_POINT('',(9.2,29.935,88.629));
#9046=CARTESIAN_POINT('',(-9.2,29.935,88.629));
#9047=CARTESIAN_POINT('',(-9.2,27.435,63.829));
#9048=CARTESIAN_POINT('',(-9.2,27.435,83.929));
#9049=CARTESIAN_POINT('',(7.6,33.8925,88.629));
#9050=CARTESIAN_POINT('',(-7.6,33.8925,88.629));
#9051=CARTESIAN_POINT('',(1.67990924673038E-15,27.435,63.829));
#9052=CARTESIAN_POINT('',(-4.3,27.435,63.829));
#9053=CARTESIAN_POINT('',(1.67990924673038E-15,27.435,83.929));
#9054=CARTESIAN_POINT('',(-4.3,27.435,83.929));
#9055=CARTESIAN_POINT('',(-35.35,4.53887541180133E-15,68.269));
#9056=CARTESIAN_POINT('',(-33.7,4.33680868994202E-15,68.269));
#9057=CARTESIAN_POINT('',(-33.7,-6.,68.269));
#9058=CARTESIAN_POINT('',(-33.7,4.12705971312658E-15,68.269));
#9059=CARTESIAN_POINT('',(-33.7,4.45927336985676E-15,68.269));
#9060=CARTESIAN_POINT('',(-33.7,-4.,68.269));
#9061=CARTESIAN_POINT('',(-27.935,3.42105083341813E-15,88.629));
#9062=CARTESIAN_POINT('',(-27.935,-4.3,88.629));
#9063=CARTESIAN_POINT('',(-27.935,-4.3,83.929));
#9064=CARTESIAN_POINT('',(-27.935,-4.3,63.829));
#9065=CARTESIAN_POINT('',(-27.935,3.42105083341813E-15,83.929));
#9066=CARTESIAN_POINT('',(-27.935,-9.2,83.929));
#9067=CARTESIAN_POINT('',(-27.935,-9.2,88.629));
#9068=CARTESIAN_POINT('',(-27.935,-9.2,63.829));
#9069=CARTESIAN_POINT('',(-27.935,3.42105083341813E-15,63.829));
#9070=CARTESIAN_POINT('',(-29.935,9.2,88.629));
#9071=CARTESIAN_POINT('',(-26.935,9.2,88.629));
#9072=CARTESIAN_POINT('',(-26.935,9.2,63.829));
#9073=CARTESIAN_POINT('',(-29.935,-9.2,88.629));
#9074=CARTESIAN_POINT('',(-27.435,-9.2,63.829));
#9075=CARTESIAN_POINT('',(-27.435,-9.2,83.929));
#9076=CARTESIAN_POINT('',(-33.8925,7.6,88.629));
#9077=CARTESIAN_POINT('',(-33.8925,-7.6,88.629));
#9078=CARTESIAN_POINT('',(-26.935,3.29858615350339E-15,63.829));
#9079=CARTESIAN_POINT('',(-26.935,4.3,63.829));
#9080=CARTESIAN_POINT('',(-26.935,6.,60.629));
#9081=CARTESIAN_POINT('',(-27.435,3.35981849346077E-15,63.829));
#9082=CARTESIAN_POINT('',(-27.435,-4.3,63.829));
#9083=CARTESIAN_POINT('',(-26.935,3.29858615350339E-15,88.629));
#9084=CARTESIAN_POINT('',(-26.935,4.3,88.629));
#9085=CARTESIAN_POINT('',(-26.935,6.,87.129));
#9086=CARTESIAN_POINT('',(-27.435,3.35981849346077E-15,83.929));
#9087=CARTESIAN_POINT('',(-27.435,-4.3,83.929));
#9088=CARTESIAN_POINT('',(-6.12629561273463E-15,-35.35,68.269));
#9089=CARTESIAN_POINT('',(-5.82319552994566E-15,-33.7,68.269));
#9090=CARTESIAN_POINT('',(5.99999999999999,-33.7,68.269));
#9091=CARTESIAN_POINT('',(-6.19058956968987E-15,-33.7,68.269));
#9092=CARTESIAN_POINT('',(-5.9456602098604E-15,-33.7,68.269));
#9093=CARTESIAN_POINT('',(3.99999999999999,-33.7,68.269));
#9094=CARTESIAN_POINT('',(-5.1315762501272E-15,-27.935,88.629));
#9095=CARTESIAN_POINT('',(4.3,-27.935,88.629));
#9096=CARTESIAN_POINT('',(4.3,-27.935,83.929));
#9097=CARTESIAN_POINT('',(4.3,-27.935,63.829));
#9098=CARTESIAN_POINT('',(-5.1315762501272E-15,-27.935,83.929));
#9099=CARTESIAN_POINT('',(9.2,-27.935,83.929));
#9100=CARTESIAN_POINT('',(9.2,-27.935,88.629));
#9101=CARTESIAN_POINT('',(9.2,-27.935,63.829));
#9102=CARTESIAN_POINT('',(-5.1315762501272E-15,-27.935,63.829));
#9103=CARTESIAN_POINT('',(-9.2,-29.935,88.629));
#9104=CARTESIAN_POINT('',(-9.2,-26.935,63.829));
#9105=CARTESIAN_POINT('',(9.2,-29.935,88.629));
#9106=CARTESIAN_POINT('',(9.2,-27.435,63.829));
#9107=CARTESIAN_POINT('',(9.2,-27.435,83.929));
#9108=CARTESIAN_POINT('',(-7.6,-33.8925,88.629));
#9109=CARTESIAN_POINT('',(7.6,-33.8925,88.629));
#9110=CARTESIAN_POINT('',(-4.94787923025509E-15,-26.935,63.829));
#9111=CARTESIAN_POINT('',(-4.3,-26.935,63.829));
#9112=CARTESIAN_POINT('',(-6.,-26.935,60.629));
#9113=CARTESIAN_POINT('',(-5.03972774019115E-15,-27.435,63.829));
#9114=CARTESIAN_POINT('',(4.3,-27.435,63.829));
#9115=CARTESIAN_POINT('',(-5.03972774019115E-15,-27.435,83.929));
#9116=CARTESIAN_POINT('',(4.3,-27.435,83.929));
#9117=CARTESIAN_POINT('',(4.3,-29.435,85.929));
#9118=CARTESIAN_POINT('',(4.3,-29.435,85.929));
#9119=CARTESIAN_POINT('',(4.3,-27.935,85.929));
#9120=CARTESIAN_POINT('',(4.3,-27.935,89.629));
#9121=CARTESIAN_POINT('',(4.3,-27.935,89.629));
#9122=CARTESIAN_POINT('',(4.3,-27.935,61.829));
#9123=CARTESIAN_POINT('',(4.3,-29.435,61.829));
#9124=CARTESIAN_POINT('',(-4.3,-29.435,85.929));
#9125=CARTESIAN_POINT('',(-4.3,-29.435,61.829));
#9126=CARTESIAN_POINT('',(-4.3,-27.935,61.829));
#9127=CARTESIAN_POINT('',(-4.3,-27.935,89.629));
#9128=CARTESIAN_POINT('',(-4.3,-27.935,89.629));
#9129=CARTESIAN_POINT('',(-4.3,-27.935,85.929));
#9130=CARTESIAN_POINT('',(-4.3,-29.435,85.929));
#9131=CARTESIAN_POINT('',(-5.40712177993535E-15,-29.435,61.829));
#9132=CARTESIAN_POINT('',(-5.1315762501272E-15,-27.935,61.829));
#9133=CARTESIAN_POINT('',(-5.40712177993535E-15,-29.435,85.929));
#9134=CARTESIAN_POINT('',(-5.1315762501272E-15,-27.935,85.929));
#9135=CARTESIAN_POINT('',(-5.1315762501272E-15,-27.935,89.629));
#9136=CARTESIAN_POINT('',(-5.1315762501272E-15,-27.935,89.629));
#9137=CARTESIAN_POINT('',(6.,-30.935,87.129));
#9138=CARTESIAN_POINT('',(6.,-30.935,87.129));
#9139=CARTESIAN_POINT('',(6.,-30.935,87.129));
#9140=CARTESIAN_POINT('',(-6.,-30.935,87.129));
#9141=CARTESIAN_POINT('',(-6.,-30.935,87.129));
#9142=CARTESIAN_POINT('',(-6.,-30.935,87.129));
#9143=CARTESIAN_POINT('',(-6.,-30.935,60.629));
#9144=CARTESIAN_POINT('',(-6.,-30.935,60.629));
#9145=CARTESIAN_POINT('',(-6.,-30.935,60.629));
#9146=CARTESIAN_POINT('',(6.,-30.935,60.629));
#9147=CARTESIAN_POINT('',(6.,-30.935,60.629));
#9148=CARTESIAN_POINT('',(6.,-30.935,60.629));
#9149=CARTESIAN_POINT('',(-6.78148165027847E-15,-38.25,68.269));
#9150=CARTESIAN_POINT('',(-29.435,-4.3,85.929));
#9151=CARTESIAN_POINT('',(-29.435,-4.3,85.929));
#9152=CARTESIAN_POINT('',(-27.935,-4.3,85.929));
#9153=CARTESIAN_POINT('',(-27.935,-4.3,89.629));
#9154=CARTESIAN_POINT('',(-27.935,-4.3,89.629));
#9155=CARTESIAN_POINT('',(-27.935,-4.3,61.829));
#9156=CARTESIAN_POINT('',(-29.435,-4.3,61.829));
#9157=CARTESIAN_POINT('',(-29.435,4.3,85.929));
#9158=CARTESIAN_POINT('',(-29.435,4.3,61.829));
#9159=CARTESIAN_POINT('',(-27.935,4.3,61.829));
#9160=CARTESIAN_POINT('',(-27.935,4.3,89.629));
#9161=CARTESIAN_POINT('',(-27.935,4.3,89.629));
#9162=CARTESIAN_POINT('',(-27.935,4.3,85.929));
#9163=CARTESIAN_POINT('',(-29.435,4.3,85.929));
#9164=CARTESIAN_POINT('',(-29.435,3.60474785329023E-15,61.829));
#9165=CARTESIAN_POINT('',(-27.935,3.42105083341813E-15,61.829));
#9166=CARTESIAN_POINT('',(-29.435,3.60474785329023E-15,85.929));
#9167=CARTESIAN_POINT('',(-27.935,3.42105083341813E-15,85.929));
#9168=CARTESIAN_POINT('',(-27.935,3.42105083341813E-15,89.629));
#9169=CARTESIAN_POINT('',(-27.935,3.42105083341813E-15,89.629));
#9170=CARTESIAN_POINT('',(-30.935,6.,87.129));
#9171=CARTESIAN_POINT('',(-30.935,6.,87.129));
#9172=CARTESIAN_POINT('',(-30.935,6.,87.129));
#9173=CARTESIAN_POINT('',(-30.935,-6.,87.129));
#9174=CARTESIAN_POINT('',(-30.935,-6.,87.129));
#9175=CARTESIAN_POINT('',(-30.935,-6.,87.129));
#9176=CARTESIAN_POINT('',(-30.935,6.,60.629));
#9177=CARTESIAN_POINT('',(-30.935,6.,60.629));
#9178=CARTESIAN_POINT('',(-30.935,6.,60.629));
#9179=CARTESIAN_POINT('',(-30.935,-6.,60.629));
#9180=CARTESIAN_POINT('',(-30.935,-6.,60.629));
#9181=CARTESIAN_POINT('',(-30.935,-6.,60.629));
#9182=CARTESIAN_POINT('',(-38.25,5.0164876634688E-15,68.269));
#9183=CARTESIAN_POINT('',(-4.3,29.435,85.929));
#9184=CARTESIAN_POINT('',(-4.3,29.435,85.929));
#9185=CARTESIAN_POINT('',(-4.3,27.935,85.929));
#9186=CARTESIAN_POINT('',(-4.3,27.935,89.629));
#9187=CARTESIAN_POINT('',(-4.3,27.935,89.629));
#9188=CARTESIAN_POINT('',(-4.3,27.935,61.829));
#9189=CARTESIAN_POINT('',(-4.3,29.435,61.829));
#9190=CARTESIAN_POINT('',(4.3,29.435,85.929));
#9191=CARTESIAN_POINT('',(4.3,29.435,61.829));
#9192=CARTESIAN_POINT('',(4.3,27.935,61.829));
#9193=CARTESIAN_POINT('',(4.3,27.935,89.629));
#9194=CARTESIAN_POINT('',(4.3,27.935,89.629));
#9195=CARTESIAN_POINT('',(4.3,27.935,85.929));
#9196=CARTESIAN_POINT('',(4.3,29.435,85.929));
#9197=CARTESIAN_POINT('',(1.80237392664511E-15,29.435,61.829));
#9198=CARTESIAN_POINT('',(1.71052541670907E-15,27.935,61.829));
#9199=CARTESIAN_POINT('',(1.80237392664511E-15,29.435,85.929));
#9200=CARTESIAN_POINT('',(1.71052541670907E-15,27.935,85.929));
#9201=CARTESIAN_POINT('',(1.71052541670907E-15,27.935,89.629));
#9202=CARTESIAN_POINT('',(1.71052541670907E-15,27.935,89.629));
#9203=CARTESIAN_POINT('',(-6.,30.935,87.129));
#9204=CARTESIAN_POINT('',(-6.,30.935,87.129));
#9205=CARTESIAN_POINT('',(-6.,30.935,87.129));
#9206=CARTESIAN_POINT('',(6.,30.935,87.129));
#9207=CARTESIAN_POINT('',(6.,30.935,87.129));
#9208=CARTESIAN_POINT('',(6.,30.935,87.129));
#9209=CARTESIAN_POINT('',(6.,30.935,60.629));
#9210=CARTESIAN_POINT('',(6.,30.935,60.629));
#9211=CARTESIAN_POINT('',(6.,30.935,60.629));
#9212=CARTESIAN_POINT('',(-6.,30.935,60.629));
#9213=CARTESIAN_POINT('',(-6.,30.935,60.629));
#9214=CARTESIAN_POINT('',(-6.,30.935,60.629));
#9215=CARTESIAN_POINT('',(2.58706636319878E-15,38.25,68.269));
#9216=CARTESIAN_POINT('',(29.435,4.3,85.929));
#9217=CARTESIAN_POINT('',(29.435,4.3,85.929));
#9218=CARTESIAN_POINT('',(27.935,4.3,85.929));
#9219=CARTESIAN_POINT('',(27.935,4.3,89.629));
#9220=CARTESIAN_POINT('',(27.935,4.3,89.629));
#9221=CARTESIAN_POINT('',(27.935,4.3,61.829));
#9222=CARTESIAN_POINT('',(29.435,4.3,61.829));
#9223=CARTESIAN_POINT('',(29.435,-4.3,85.929));
#9224=CARTESIAN_POINT('',(29.435,-4.3,61.829));
#9225=CARTESIAN_POINT('',(27.935,-4.3,61.829));
#9226=CARTESIAN_POINT('',(27.935,-4.3,89.629));
#9227=CARTESIAN_POINT('',(27.935,-4.3,89.629));
#9228=CARTESIAN_POINT('',(27.935,-4.3,85.929));
#9229=CARTESIAN_POINT('',(29.435,-4.3,85.929));
#9230=CARTESIAN_POINT('',(29.435,0.,61.829));
#9231=CARTESIAN_POINT('',(27.935,0.,61.829));
#9232=CARTESIAN_POINT('',(29.435,0.,85.929));
#9233=CARTESIAN_POINT('',(27.935,0.,85.929));
#9234=CARTESIAN_POINT('',(27.935,0.,89.629));
#9235=CARTESIAN_POINT('',(27.935,0.,89.629));
#9236=CARTESIAN_POINT('',(30.935,6.,87.129));
#9237=CARTESIAN_POINT('',(30.935,6.,87.129));
#9238=CARTESIAN_POINT('',(30.935,6.,87.129));
#9239=CARTESIAN_POINT('',(30.935,-6.,87.129));
#9240=CARTESIAN_POINT('',(30.935,-6.,87.129));
#9241=CARTESIAN_POINT('',(30.935,-6.,87.129));
#9242=CARTESIAN_POINT('',(30.935,-6.,60.629));
#9243=CARTESIAN_POINT('',(30.935,-6.,60.629));
#9244=CARTESIAN_POINT('',(30.935,-6.,60.629));
#9245=CARTESIAN_POINT('',(30.935,6.,60.629));
#9246=CARTESIAN_POINT('',(30.935,6.,60.629));
#9247=CARTESIAN_POINT('',(30.935,6.,60.629));
#9248=CARTESIAN_POINT('',(38.25,0.,68.269));
#9249=CARTESIAN_POINT('',(0.,0.,0.));
#9250=CARTESIAN_POINT('',(-6.14,0.,-16.8));
#9251=CARTESIAN_POINT('',(-6.14,-4.,-16.8));
#9252=CARTESIAN_POINT('',(-6.14,-4.,-16.8));
#9253=CARTESIAN_POINT('',(-6.14,-4.,-6.25));
#9254=CARTESIAN_POINT('',(-6.14,0.,-6.25));
#9255=CARTESIAN_POINT('',(-6.14,4.,-6.25));
#9256=CARTESIAN_POINT('',(-6.14,4.,-16.8));
#9257=CARTESIAN_POINT('',(-6.14,4.,-16.8));
#9258=CARTESIAN_POINT('',(-6.14,0.,-16.8));
#9259=CARTESIAN_POINT('',(17.36,0.,-16.8));
#9260=CARTESIAN_POINT('',(17.36,4.,-16.8));
#9261=CARTESIAN_POINT('',(17.36,4.,-16.8));
#9262=CARTESIAN_POINT('',(17.36,4.,-6.25));
#9263=CARTESIAN_POINT('',(17.36,0.,-6.25));
#9264=CARTESIAN_POINT('',(17.36,-4.,-6.25));
#9265=CARTESIAN_POINT('',(17.36,-4.,-16.8));
#9266=CARTESIAN_POINT('',(17.36,-4.,-16.8));
#9267=CARTESIAN_POINT('',(17.36,0.,-16.8));
#9268=CARTESIAN_POINT('',(-6.14,0.,-16.8));
#9269=CARTESIAN_POINT('',(-6.14,0.,-5.25));
#9270=CARTESIAN_POINT('',(-6.14,-4.,-5.25));
#9271=CARTESIAN_POINT('',(-6.14,4.,-5.25));
#9272=CARTESIAN_POINT('',(-6.14,-4.,-16.8));
#9273=CARTESIAN_POINT('',(-6.14,-4.,0.));
#9274=CARTESIAN_POINT('',(-6.14,0.,0.));
#9275=CARTESIAN_POINT('',(-6.14,4.,0.));
#9276=CARTESIAN_POINT('',(-6.14,4.,-16.8));
#9277=CARTESIAN_POINT('',(5.61,-4.,-16.8));
#9278=CARTESIAN_POINT('',(5.61,-4.,-6.25));
#9279=CARTESIAN_POINT('',(20.36,-4.,-6.25));
#9280=CARTESIAN_POINT('',(20.36,-4.,-6.25));
#9281=CARTESIAN_POINT('',(20.36,-4.,-5.25));
#9282=CARTESIAN_POINT('',(5.61,-4.,-5.25));
#9283=CARTESIAN_POINT('',(17.36,-4.,-5.25));
#9284=CARTESIAN_POINT('',(17.36,-4.,-16.8));
#9285=CARTESIAN_POINT('',(17.36,-4.,0.));
#9286=CARTESIAN_POINT('',(5.61,-4.,0.));
#9287=CARTESIAN_POINT('',(5.61,-4.,-5.25));
#9288=CARTESIAN_POINT('',(-9.14,-4.,-5.25));
#9289=CARTESIAN_POINT('',(-9.14,-4.,-6.25));
#9290=CARTESIAN_POINT('',(-9.14,-4.,-6.25));
#9291=CARTESIAN_POINT('',(5.61,-4.,-6.25));
#9292=CARTESIAN_POINT('',(5.61,-4.,-16.8));
#9293=CARTESIAN_POINT('',(17.36,0.,-16.8));
#9294=CARTESIAN_POINT('',(17.36,0.,-5.25));
#9295=CARTESIAN_POINT('',(17.36,4.,-5.25));
#9296=CARTESIAN_POINT('',(17.36,4.,-16.8));
#9297=CARTESIAN_POINT('',(17.36,4.,0.));
#9298=CARTESIAN_POINT('',(17.36,0.,0.));
#9299=CARTESIAN_POINT('',(5.61,4.,-16.8));
#9300=CARTESIAN_POINT('',(5.61,4.,-6.25));
#9301=CARTESIAN_POINT('',(-9.14,4.,-6.25));
#9302=CARTESIAN_POINT('',(-9.14,4.,-6.25));
#9303=CARTESIAN_POINT('',(-9.14,4.,-5.25));
#9304=CARTESIAN_POINT('',(5.61,4.,-5.25));
#9305=CARTESIAN_POINT('',(5.61,4.,0.));
#9306=CARTESIAN_POINT('',(5.61,4.,-5.25));
#9307=CARTESIAN_POINT('',(20.36,4.,-5.25));
#9308=CARTESIAN_POINT('',(20.36,4.,-6.25));
#9309=CARTESIAN_POINT('',(20.36,4.,-6.25));
#9310=CARTESIAN_POINT('',(5.61,4.,-6.25));
#9311=CARTESIAN_POINT('',(5.61,4.,-16.8));
#9312=CARTESIAN_POINT('',(5.61,0.,-16.8));
#9313=CARTESIAN_POINT('',(5.61,0.,0.));
#9314=CARTESIAN_POINT('',(20.36,0.,-6.25));
#9315=CARTESIAN_POINT('',(20.36,0.,-5.25));
#9316=CARTESIAN_POINT('',(20.36,0.,-6.25));
#9317=CARTESIAN_POINT('',(5.61,0.,-5.25));
#9318=CARTESIAN_POINT('',(18.86,-2.5,-5.25));
#9319=CARTESIAN_POINT('',(19.61,-2.5,-5.25));
#9320=CARTESIAN_POINT('',(18.86,2.5,-5.25));
#9321=CARTESIAN_POINT('',(19.61,2.5,-5.25));
#9322=CARTESIAN_POINT('',(18.86,6.12323399573677E-17,-5.25));
#9323=CARTESIAN_POINT('',(19.86,6.12323399573677E-17,-5.25));
#9324=CARTESIAN_POINT('',(5.61,0.,-6.25));
#9325=CARTESIAN_POINT('',(18.86,-2.5,-6.25));
#9326=CARTESIAN_POINT('',(19.61,-2.5,-6.25));
#9327=CARTESIAN_POINT('',(18.86,2.5,-6.25));
#9328=CARTESIAN_POINT('',(19.61,2.5,-6.25));
#9329=CARTESIAN_POINT('',(18.86,6.12323399573677E-17,-6.25));
#9330=CARTESIAN_POINT('',(19.86,6.12323399573677E-17,-6.25));
#9331=CARTESIAN_POINT('',(5.61,0.,-6.25));
#9332=CARTESIAN_POINT('',(-7.64,2.5,-6.25));
#9333=CARTESIAN_POINT('',(-6.89,2.5,-6.25));
#9334=CARTESIAN_POINT('',(-7.64,6.12323399573677E-17,-6.25));
#9335=CARTESIAN_POINT('',(-6.64,6.12323399573677E-17,-6.25));
#9336=CARTESIAN_POINT('',(-7.64,-2.5,-6.25));
#9337=CARTESIAN_POINT('',(-6.89,-2.5,-6.25));
#9338=CARTESIAN_POINT('',(-9.14,0.,-6.25));
#9339=CARTESIAN_POINT('',(5.61,0.,-5.25));
#9340=CARTESIAN_POINT('',(-7.64,2.5,-5.25));
#9341=CARTESIAN_POINT('',(-6.89,2.5,-5.25));
#9342=CARTESIAN_POINT('',(-7.64,6.12323399573677E-17,-5.25));
#9343=CARTESIAN_POINT('',(-6.64,6.12323399573677E-17,-5.25));
#9344=CARTESIAN_POINT('',(-7.64,-2.5,-5.25));
#9345=CARTESIAN_POINT('',(-6.89,-2.5,-5.25));
#9346=CARTESIAN_POINT('',(-9.14,0.,-5.25));
#9347=CARTESIAN_POINT('',(-9.14,0.,-6.25));
#9348=CARTESIAN_POINT('',(-7.64,-2.5,-7.25));
#9349=CARTESIAN_POINT('',(-7.64,6.12323399573677E-17,-7.25));
#9350=CARTESIAN_POINT('',(-7.64,2.5,-7.25));
#9351=CARTESIAN_POINT('',(18.86,6.12323399573677E-17,-7.25));
#9352=CARTESIAN_POINT('',(18.86,2.5,-7.25));
#9353=CARTESIAN_POINT('',(18.86,-2.5,-7.25));
#9354=CARTESIAN_POINT('',(-6.09607396963496E-15,-33.1854810376308,68.27));
#9355=CARTESIAN_POINT('',(0.,0.,26.5));
#9356=CARTESIAN_POINT('',(0.,2.4492935982947E-16,-6.));
#9357=CARTESIAN_POINT('',(0.,2.4492935982947E-16,-6.));
#9358=CARTESIAN_POINT('',(4.,2.4492935982947E-16,-6.));
#9359=CARTESIAN_POINT('',(0.,2.4492935982947E-16,0.));
#9360=CARTESIAN_POINT('',(4.,2.4492935982947E-16,0.));
#9361=CARTESIAN_POINT('',(0.,0.,-6.));
#9362=CARTESIAN_POINT('',(0.,1.84615504971464E-16,-6.));
#9363=CARTESIAN_POINT('',(3.015,1.84615504971464E-16,-6.));
#9364=CARTESIAN_POINT('',(0.,0.,0.));
#9365=CARTESIAN_POINT('',(0.,1.84615504971464E-16,0.));
#9366=CARTESIAN_POINT('',(3.015,1.84615504971464E-16,0.));
#9367=CARTESIAN_POINT('',(0.,1.84615504971464E-16,-7.));
#9368=CARTESIAN_POINT('',(2.43095335136724E-15,39.7004810376308,68.27));
#9369=CARTESIAN_POINT('',(-40.2,1.15196514011642E-14,68.27));
#9370=CARTESIAN_POINT('',(-33.485,1.06973010755367E-14,68.27));
#9371=CARTESIAN_POINT('',(-33.485,1.06973010755367E-14,65.27));
#9372=CARTESIAN_POINT('',(-40.2,0.9,65.4081823957492));
#9373=CARTESIAN_POINT('',(-40.2,0.9,65.4081823957492));
#9374=CARTESIAN_POINT('',(-39.8,0.9,65.4081823957492));
#9375=CARTESIAN_POINT('',(-40.2,1.15196514011642E-14,68.27));
#9376=CARTESIAN_POINT('',(-40.2,0.9,71.1318176042508));
#9377=CARTESIAN_POINT('',(-40.2,0.9,71.1318176042508));
#9378=CARTESIAN_POINT('',(-39.8,0.9,71.1318176042508));
#9379=CARTESIAN_POINT('',(-39.8,1.14706655291983E-14,68.27));
#9380=CARTESIAN_POINT('',(-39.8,-0.9,71.1318176042508));
#9381=CARTESIAN_POINT('',(-40.2,-0.9,71.1318176042508));
#9382=CARTESIAN_POINT('',(-40.2,-0.9,71.1318176042508));
#9383=CARTESIAN_POINT('',(-40.2,1.15196514011642E-14,68.27));
#9384=CARTESIAN_POINT('',(-40.2,-0.9,65.4081823957492));
#9385=CARTESIAN_POINT('',(-40.2,-0.9,65.4081823957492));
#9386=CARTESIAN_POINT('',(-39.8,-0.9,65.4081823957492));
#9387=CARTESIAN_POINT('',(-39.8,1.14706655291983E-14,68.27));
#9388=CARTESIAN_POINT('',(-40.2,1.15196514011642E-14,68.27));
#9389=CARTESIAN_POINT('',(-40.2,0.9,68.27));
#9390=CARTESIAN_POINT('',(-40.2,1.15196514011642E-14,68.27));
#9391=CARTESIAN_POINT('',(-40.2,-0.9,68.27));
#9392=CARTESIAN_POINT('',(-33.485,1.06973010755367E-14,68.27));
#9393=CARTESIAN_POINT('',(-33.485,4.02559250086255E-15,68.269));
#9394=CARTESIAN_POINT('',(-33.485,-2.05,68.269));
#9395=CARTESIAN_POINT('',(-36.685,4.4174794765897E-15,68.269));
#9396=CARTESIAN_POINT('',(-36.685,4.4174794765897E-15,68.269));
#9397=CARTESIAN_POINT('',(-36.685,-2.05,68.269));
#9398=CARTESIAN_POINT('',(-36.685,4.49261678267206E-15,68.269));
#9399=CARTESIAN_POINT('',(-39.8,4.87409426060647E-15,74.219));
#9400=CARTESIAN_POINT('',(-39.8,0.9,74.219));
#9401=CARTESIAN_POINT('',(-39.8,0.9,74.219));
#9402=CARTESIAN_POINT('',(-39.8,4.87409426060647E-15,74.219));
#9403=CARTESIAN_POINT('',(-39.8,-0.9,74.219));
#9404=CARTESIAN_POINT('',(-39.8,-0.9,74.219));
#9405=CARTESIAN_POINT('',(-52.75,0.9,74.219));
#9406=CARTESIAN_POINT('',(-39.8,0.9,74.219));
#9407=CARTESIAN_POINT('',(-39.8,0.9,62.319));
#9408=CARTESIAN_POINT('',(-52.75,0.9,62.319));
#9409=CARTESIAN_POINT('',(-65.7,0.9,62.319));
#9410=CARTESIAN_POINT('',(-65.7,0.9,74.219));
#9411=CARTESIAN_POINT('',(-65.7,0.9,74.219));
#9412=CARTESIAN_POINT('',(-52.75,0.9,74.219));
#9413=CARTESIAN_POINT('',(-52.75,-0.9,74.219));
#9414=CARTESIAN_POINT('',(-52.75,-0.9,74.219));
#9415=CARTESIAN_POINT('',(-65.7,-0.9,74.219));
#9416=CARTESIAN_POINT('',(-65.7,-0.9,74.219));
#9417=CARTESIAN_POINT('',(-65.7,-0.9,62.319));
#9418=CARTESIAN_POINT('',(-52.75,-0.9,62.319));
#9419=CARTESIAN_POINT('',(-39.8,-0.9,62.319));
#9420=CARTESIAN_POINT('',(-39.8,-0.9,74.219));
#9421=CARTESIAN_POINT('',(-39.8,4.87409426060647E-15,74.219));
#9422=CARTESIAN_POINT('',(-39.8,4.87409426060647E-15,62.319));
#9423=CARTESIAN_POINT('',(-65.7,8.04592947039811E-15,74.219));
#9424=CARTESIAN_POINT('',(-65.7,8.04592947039811E-15,62.319));
#9425=CARTESIAN_POINT('',(-65.7,8.04592947039811E-15,74.219));
#9426=CARTESIAN_POINT('',(-52.75,6.46001186550229E-15,74.219));
#9427=CARTESIAN_POINT('',(-52.75,6.46001186550229E-15,62.319));
#9428=CARTESIAN_POINT('',(0.,0.,0.));
#9429=CARTESIAN_POINT('',(-1.6,-40.2,71.455));
#9430=CARTESIAN_POINT('',(-1.6,-40.2,74.319));
#9431=CARTESIAN_POINT('',(-1.,-40.2,74.319));
#9432=CARTESIAN_POINT('',(1.,-40.2,74.319));
#9433=CARTESIAN_POINT('',(-1.,-40.2,71.455));
#9434=CARTESIAN_POINT('',(-1.,-40.2,62.219));
#9435=CARTESIAN_POINT('',(-1.6,-40.2,62.219));
#9436=CARTESIAN_POINT('',(1.,-40.2,62.219));
#9437=CARTESIAN_POINT('',(1.,-40.2,71.455));
#9438=CARTESIAN_POINT('',(1.6,-40.2,71.455));
#9439=CARTESIAN_POINT('',(1.6,-40.2,37.71));
#9440=CARTESIAN_POINT('',(1.6,-40.2,105.2));
#9441=CARTESIAN_POINT('',(-1.6,-40.2,37.71));
#9442=CARTESIAN_POINT('',(-1.6,-40.2,37.71));
#9443=CARTESIAN_POINT('',(-1.6,-40.2,71.455));
#9444=CARTESIAN_POINT('',(-1.6,-40.2,105.2));
#9445=CARTESIAN_POINT('',(-1.6,-40.2,105.2));
#9446=CARTESIAN_POINT('',(-1.6,-73.695,61.66));
#9447=CARTESIAN_POINT('',(1.6,-73.695,61.66));
#9448=CARTESIAN_POINT('',(1.6,-107.19,85.61));
#9449=CARTESIAN_POINT('',(-1.6,-107.19,85.61));
#9450=CARTESIAN_POINT('',(-1.6,-107.19,85.61));
#9451=CARTESIAN_POINT('',(-1.6,-73.695,61.66));
#9452=CARTESIAN_POINT('',(-1.6,-107.19,99.11));
#9453=CARTESIAN_POINT('',(1.6,-107.19,99.11));
#9454=CARTESIAN_POINT('',(1.6,-107.19,112.61));
#9455=CARTESIAN_POINT('',(-1.6,-107.19,112.61));
#9456=CARTESIAN_POINT('',(-1.6,-107.19,112.61));
#9457=CARTESIAN_POINT('',(-1.6,-107.19,99.11));
#9458=CARTESIAN_POINT('',(-1.6,-73.695,108.905));
#9459=CARTESIAN_POINT('',(1.6,-73.695,108.905));
#9460=CARTESIAN_POINT('',(-1.6,-73.695,108.905));
#9461=CARTESIAN_POINT('',(-1.6,-73.695,75.16));
#9462=CARTESIAN_POINT('',(1.6,-73.695,75.16));
#9463=CARTESIAN_POINT('',(-1.,-52.5,74.319));
#9464=CARTESIAN_POINT('',(-1.,-52.5,74.319));
#9465=CARTESIAN_POINT('',(-1.00000000000001,-65.8,74.319));
#9466=CARTESIAN_POINT('',(-1.00000000000001,-65.8,74.319));
#9467=CARTESIAN_POINT('',(-1.00000000000001,-65.8,62.219));
#9468=CARTESIAN_POINT('',(-1.,-52.5,62.219));
#9469=CARTESIAN_POINT('',(-1.20872639075844E-14,-65.8,74.319));
#9470=CARTESIAN_POINT('',(-1.20872639075844E-14,-65.8,62.219));
#9471=CARTESIAN_POINT('',(0.999999999999988,-65.8,62.219));
#9472=CARTESIAN_POINT('',(-1.20872639075844E-14,-65.8,74.319));
#9473=CARTESIAN_POINT('',(0.999999999999988,-65.8,74.319));
#9474=CARTESIAN_POINT('',(0.999999999999988,-65.8,74.319));
#9475=CARTESIAN_POINT('',(1.,-52.5,74.319));
#9476=CARTESIAN_POINT('',(1.,-52.5,62.219));
#9477=CARTESIAN_POINT('',(1.,-52.5,74.319));
#9478=CARTESIAN_POINT('',(-9.64409354328541E-15,-52.5,74.319));
#9479=CARTESIAN_POINT('',(-9.64409354328541E-15,-52.5,62.219));
#9480=CARTESIAN_POINT('',(0.,0.,0.));
#9481=CARTESIAN_POINT('',(-33.1854810376308,-5.48172618408671E-13,68.2700000000078));
#9482=CARTESIAN_POINT('',(-39.7004810376308,4.86190670273448E-15,68.27));
#9483=CARTESIAN_POINT('',(0.,0.,26.5));
#9484=CARTESIAN_POINT('',(2.03202465654499E-15,33.1854810376308,68.27));
#9485=CARTESIAN_POINT('',(33.1854810376308,0.,68.27));
#9486=CARTESIAN_POINT('',(-33.1854810376308,4.06404931308997E-15,68.27));
#9487=CARTESIAN_POINT('',(0.,0.,0.));
#9488=CARTESIAN_POINT('',(0.,0.,0.));
#9489=CARTESIAN_POINT('',(-6.09607396963496E-15,-33.1854810376308,68.27));
#9490=CARTESIAN_POINT('',(0.,2.29008951440555E-15,2.4));
#9491=CARTESIAN_POINT('',(0.,2.29008951440555E-15,2.4));
#9492=CARTESIAN_POINT('',(37.4,2.29008951440555E-15,2.4));
#9493=CARTESIAN_POINT('',(0.,2.29008951440555E-15,0.));
#9494=CARTESIAN_POINT('',(37.4,2.29008951440555E-15,0.));
#9495=CARTESIAN_POINT('',(0.,0.,2.4));
#9496=CARTESIAN_POINT('',(22.5977523815625,2.4492935982947E-16,2.4));
#9497=CARTESIAN_POINT('',(26.5977523815625,2.4492935982947E-16,2.4));
#9498=CARTESIAN_POINT('',(0.,0.,0.));
#9499=CARTESIAN_POINT('',(22.5977523815625,2.4492935982947E-16,0.));
#9500=CARTESIAN_POINT('',(26.5977523815625,2.4492935982947E-16,0.));
#9501=CARTESIAN_POINT('',(22.5977523815625,2.4492935982947E-16,3.4));
#9502=CARTESIAN_POINT('',(0.,0.,0.));
#9503=CARTESIAN_POINT('',(5.44703171456717E-13,-33.1854810376308,68.2700000000078));
#9504=CARTESIAN_POINT('',(-7.29286005410171E-15,-39.7004810376308,68.27));
#9505=CARTESIAN_POINT('',(6.62718743857048E-15,40.2,68.27));
#9506=CARTESIAN_POINT('',(6.21601227575676E-15,33.485,68.27));
#9507=CARTESIAN_POINT('',(6.21601227575676E-15,33.485,65.27));
#9508=CARTESIAN_POINT('',(0.9,40.2,65.4081823957492));
#9509=CARTESIAN_POINT('',(0.9,40.2,65.4081823957492));
#9510=CARTESIAN_POINT('',(0.9,39.8,65.4081823957492));
#9511=CARTESIAN_POINT('',(6.62718743857048E-15,40.2,68.27));
#9512=CARTESIAN_POINT('',(0.9,40.2,71.1318176042508));
#9513=CARTESIAN_POINT('',(0.9,40.2,71.1318176042508));
#9514=CARTESIAN_POINT('',(0.9,39.8,71.1318176042508));
#9515=CARTESIAN_POINT('',(6.60269450258754E-15,39.8,68.27));
#9516=CARTESIAN_POINT('',(-0.9,39.8,71.1318176042508));
#9517=CARTESIAN_POINT('',(-0.9,40.2,71.1318176042508));
#9518=CARTESIAN_POINT('',(-0.9,40.2,71.1318176042508));
#9519=CARTESIAN_POINT('',(6.62718743857048E-15,40.2,68.27));
#9520=CARTESIAN_POINT('',(-0.9,40.2,65.4081823957492));
#9521=CARTESIAN_POINT('',(-0.9,40.2,65.4081823957492));
#9522=CARTESIAN_POINT('',(-0.9,39.8,65.4081823957492));
#9523=CARTESIAN_POINT('',(6.60269450258754E-15,39.8,68.27));
#9524=CARTESIAN_POINT('',(6.62718743857048E-15,40.2,68.27));
#9525=CARTESIAN_POINT('',(0.9,40.2,68.27));
#9526=CARTESIAN_POINT('',(6.62718743857048E-15,40.2,68.27));
#9527=CARTESIAN_POINT('',(-0.9,40.2,68.27));
#9528=CARTESIAN_POINT('',(6.21601227575676E-15,33.485,68.27));
#9529=CARTESIAN_POINT('',(2.17589120038506E-15,33.485,68.269));
#9530=CARTESIAN_POINT('',(-2.05,33.485,68.269));
#9531=CARTESIAN_POINT('',(2.37183468824863E-15,36.685,68.269));
#9532=CARTESIAN_POINT('',(2.37183468824863E-15,36.685,68.269));
#9533=CARTESIAN_POINT('',(-2.05,36.685,68.269));
#9534=CARTESIAN_POINT('',(2.24630839133603E-15,36.685,68.269));
#9535=CARTESIAN_POINT('',(2.43704713030324E-15,39.8,74.219));
#9536=CARTESIAN_POINT('',(0.9,39.8,74.219));
#9537=CARTESIAN_POINT('',(0.9,39.8,74.219));
#9538=CARTESIAN_POINT('',(2.43704713030324E-15,39.8,74.219));
#9539=CARTESIAN_POINT('',(-0.9,39.8,74.219));
#9540=CARTESIAN_POINT('',(-0.9,39.8,74.219));
#9541=CARTESIAN_POINT('',(0.9,52.75,74.219));
#9542=CARTESIAN_POINT('',(0.9,39.8,74.219));
#9543=CARTESIAN_POINT('',(0.9,39.8,62.319));
#9544=CARTESIAN_POINT('',(0.9,52.75,62.319));
#9545=CARTESIAN_POINT('',(0.9,65.7,62.319));
#9546=CARTESIAN_POINT('',(0.9,65.7,74.219));
#9547=CARTESIAN_POINT('',(0.9,65.7,74.219));
#9548=CARTESIAN_POINT('',(0.9,52.75,74.219));
#9549=CARTESIAN_POINT('',(-0.9,52.75,74.219));
#9550=CARTESIAN_POINT('',(-0.9,52.75,74.219));
#9551=CARTESIAN_POINT('',(-0.9,65.7,74.219));
#9552=CARTESIAN_POINT('',(-0.9,65.7,74.219));
#9553=CARTESIAN_POINT('',(-0.9,65.7,62.319));
#9554=CARTESIAN_POINT('',(-0.9,52.75,62.319));
#9555=CARTESIAN_POINT('',(-0.9,39.8,62.319));
#9556=CARTESIAN_POINT('',(-0.9,39.8,74.219));
#9557=CARTESIAN_POINT('',(2.43704713030324E-15,39.8,74.219));
#9558=CARTESIAN_POINT('',(2.43704713030324E-15,39.8,62.319));
#9559=CARTESIAN_POINT('',(4.02296473519905E-15,65.7,74.219));
#9560=CARTESIAN_POINT('',(4.02296473519905E-15,65.7,62.319));
#9561=CARTESIAN_POINT('',(4.02296473519905E-15,65.7,74.219));
#9562=CARTESIAN_POINT('',(3.23000593275115E-15,52.75,74.219));
#9563=CARTESIAN_POINT('',(3.23000593275115E-15,52.75,62.319));
#9564=CARTESIAN_POINT('',(0.,0.,0.));
#9565=CARTESIAN_POINT('',(39.7004810376308,0.,68.27));
#9566=CARTESIAN_POINT('',(0.,0.,26.5));
#9567=CARTESIAN_POINT('',(2.03202465654499E-15,33.1854810376308,68.27));
#9568=CARTESIAN_POINT('',(0.,0.,0.));
#9569=CARTESIAN_POINT('',(-1.15502675711428E-14,-40.2,68.27));
#9570=CARTESIAN_POINT('',(-1.03167420827017E-14,-33.485,68.27));
#9571=CARTESIAN_POINT('',(-1.03167420827017E-14,-33.485,65.27));
#9572=CARTESIAN_POINT('',(-0.9,-40.2,65.4081823957492));
#9573=CARTESIAN_POINT('',(-0.9,-40.2,65.4081823957492));
#9574=CARTESIAN_POINT('',(-0.9,-39.8,65.4081823957492));
#9575=CARTESIAN_POINT('',(-1.15502675711428E-14,-40.2,68.27));
#9576=CARTESIAN_POINT('',(-0.9,-40.2,71.1318176042508));
#9577=CARTESIAN_POINT('',(-0.9,-40.2,71.1318176042508));
#9578=CARTESIAN_POINT('',(-0.9,-39.8,71.1318176042508));
#9579=CARTESIAN_POINT('',(-1.1476788763194E-14,-39.8,68.27));
#9580=CARTESIAN_POINT('',(0.9,-39.8,71.1318176042508));
#9581=CARTESIAN_POINT('',(0.9,-40.2,71.1318176042508));
#9582=CARTESIAN_POINT('',(0.9,-40.2,71.1318176042508));
#9583=CARTESIAN_POINT('',(-1.15502675711428E-14,-40.2,68.27));
#9584=CARTESIAN_POINT('',(0.9,-40.2,65.4081823957492));
#9585=CARTESIAN_POINT('',(0.9,-40.2,65.4081823957492));
#9586=CARTESIAN_POINT('',(0.9,-39.8,65.4081823957492));
#9587=CARTESIAN_POINT('',(-1.1476788763194E-14,-39.8,68.27));
#9588=CARTESIAN_POINT('',(-1.15502675711428E-14,-40.2,68.27));
#9589=CARTESIAN_POINT('',(-0.9,-40.2,68.27));
#9590=CARTESIAN_POINT('',(-1.15502675711428E-14,-40.2,68.27));
#9591=CARTESIAN_POINT('',(0.9,-40.2,68.27));
#9592=CARTESIAN_POINT('',(-1.03167420827017E-14,-33.485,68.27));
#9593=CARTESIAN_POINT('',(-6.02556841350477E-15,-33.485,68.269));
#9594=CARTESIAN_POINT('',(2.04999999999999,-33.485,68.269));
#9595=CARTESIAN_POINT('',(-6.61339887709549E-15,-36.685,68.269));
#9596=CARTESIAN_POINT('',(-6.61339887709549E-15,-36.685,68.269));
#9597=CARTESIAN_POINT('',(2.04999999999999,-36.685,68.269));
#9598=CARTESIAN_POINT('',(-6.7389251740081E-15,-36.685,68.269));
#9599=CARTESIAN_POINT('',(-7.3111413909097E-15,-39.8,74.219));
#9600=CARTESIAN_POINT('',(-0.9,-39.8,74.219));
#9601=CARTESIAN_POINT('',(-0.9,-39.8,74.219));
#9602=CARTESIAN_POINT('',(-7.3111413909097E-15,-39.8,74.219));
#9603=CARTESIAN_POINT('',(0.9,-39.8,74.219));
#9604=CARTESIAN_POINT('',(0.9,-39.8,74.219));
#9605=CARTESIAN_POINT('',(-0.90000000000001,-52.75,74.219));
#9606=CARTESIAN_POINT('',(-0.9,-39.8,74.219));
#9607=CARTESIAN_POINT('',(-0.9,-39.8,62.319));
#9608=CARTESIAN_POINT('',(-0.90000000000001,-52.75,62.319));
#9609=CARTESIAN_POINT('',(-0.900000000000012,-65.7,62.319));
#9610=CARTESIAN_POINT('',(-0.900000000000012,-65.7,74.219));
#9611=CARTESIAN_POINT('',(-0.900000000000012,-65.7,74.219));
#9612=CARTESIAN_POINT('',(-0.90000000000001,-52.75,74.219));
#9613=CARTESIAN_POINT('',(0.89999999999999,-52.75,74.219));
#9614=CARTESIAN_POINT('',(0.89999999999999,-52.75,74.219));
#9615=CARTESIAN_POINT('',(0.899999999999988,-65.7,74.219));
#9616=CARTESIAN_POINT('',(0.899999999999988,-65.7,74.219));
#9617=CARTESIAN_POINT('',(0.899999999999988,-65.7,62.319));
#9618=CARTESIAN_POINT('',(0.89999999999999,-52.75,62.319));
#9619=CARTESIAN_POINT('',(0.9,-39.8,62.319));
#9620=CARTESIAN_POINT('',(0.9,-39.8,74.219));
#9621=CARTESIAN_POINT('',(-7.3111413909097E-15,-39.8,74.219));
#9622=CARTESIAN_POINT('',(-7.3111413909097E-15,-39.8,62.319));
#9623=CARTESIAN_POINT('',(-1.20688942055972E-14,-65.7,74.219));
#9624=CARTESIAN_POINT('',(-1.20688942055972E-14,-65.7,62.319));
#9625=CARTESIAN_POINT('',(-1.20688942055972E-14,-65.7,74.219));
#9626=CARTESIAN_POINT('',(-9.69001779825343E-15,-52.75,74.219));
#9627=CARTESIAN_POINT('',(-9.69001779825343E-15,-52.75,62.319));
#9628=CARTESIAN_POINT('',(0.,0.,0.));
#9629=CARTESIAN_POINT('',(-33.1854810376308,4.06404931308997E-15,68.27));
#9630=CARTESIAN_POINT('',(0.,2.29008951440555E-15,142.9));
#9631=CARTESIAN_POINT('',(25.8874149010809,26.9947432743643,119.215498614493));
#9632=CARTESIAN_POINT('',(25.6501872852664,27.2177541360059,120.000201202969));
#9633=CARTESIAN_POINT('',(25.8872270325738,26.9949126305711,120.783696573629));
#9634=CARTESIAN_POINT('',(26.4475807781096,26.4487279581829,121.108037521937));
#9635=CARTESIAN_POINT('',(26.9949540826344,25.8871946734566,120.784152489271));
#9636=CARTESIAN_POINT('',(27.2175074712228,25.6504449033028,120.000146651515));
#9637=CARTESIAN_POINT('',(26.9956882219989,25.8864170617471,119.217387815733));
#9638=CARTESIAN_POINT('',(26.4489927521077,26.4473222029237,118.891779167343));
#9639=CARTESIAN_POINT('',(25.8874149010809,26.9947432743643,119.215498614493));
#9640=CARTESIAN_POINT('',(25.6501872852664,27.2177541360059,120.000201202969));
#9641=CARTESIAN_POINT('',(25.8872270325738,26.9949126305711,120.783696573629));
#9642=CARTESIAN_POINT('',(25.7292318457867,27.1434454081599,120.));
#9643=CARTESIAN_POINT('',(-37.292777901364,-3.13795530711899,71.4019046748241));
#9644=CARTESIAN_POINT('',(-37.453560169923,0.000782492862357433,72.7038057543663));
#9645=CARTESIAN_POINT('',(-37.292981418944,3.13482533566958,71.4028723077106));
#9646=CARTESIAN_POINT('',(-37.1317483127581,4.43225135315521,68.2734951379133));
#9647=CARTESIAN_POINT('',(-37.2929119448214,3.13616563530244,65.1363224027868));
#9648=CARTESIAN_POINT('',(-37.4534288861325,0.000814919755480613,63.8378215953591));
#9649=CARTESIAN_POINT('',(-37.2933723354451,-3.13055788477298,65.1323928539292));
#9650=CARTESIAN_POINT('',(-37.1316842826768,-4.4328690485364,68.265782756827));
#9651=CARTESIAN_POINT('',(-37.292777901364,-3.13795530711899,71.4019046748241));
#9652=CARTESIAN_POINT('',(-37.453560169923,0.000782492862357433,72.7038057543663));
#9653=CARTESIAN_POINT('',(-37.292981418944,3.13482533566958,71.4028723077106));
#9654=CARTESIAN_POINT('',(-37.4,2.46958867071996E-15,72.27));
#9655=CARTESIAN_POINT('',(37.292777901364,3.13795530711901,71.4019046748241));
#9656=CARTESIAN_POINT('',(37.453560169923,-0.000782492862363884,72.7038057543663));
#9657=CARTESIAN_POINT('',(37.292981418944,-3.13482533566956,71.4028723077106));
#9658=CARTESIAN_POINT('',(37.1317483127581,-4.43225135315521,68.2734951379133));
#9659=CARTESIAN_POINT('',(37.2929119448214,-3.13616563530242,65.1363224027868));
#9660=CARTESIAN_POINT('',(37.4534288861325,-0.000814919755468138,63.8378215953591));
#9661=CARTESIAN_POINT('',(37.2933723354451,3.13055788477299,65.1323928539292));
#9662=CARTESIAN_POINT('',(37.1316842826768,4.4328690485364,68.265782756827));
#9663=CARTESIAN_POINT('',(37.292777901364,3.13795530711901,71.4019046748241));
#9664=CARTESIAN_POINT('',(37.453560169923,-0.000782492862363884,72.7038057543663));
#9665=CARTESIAN_POINT('',(37.292981418944,-3.13482533566956,71.4028723077106));
#9666=CARTESIAN_POINT('',(37.4,-2.61849937889066E-15,72.27));
#9667=CARTESIAN_POINT('',(0.,2.29008951440555E-15,142.9));
#9668=CARTESIAN_POINT('',(37.4,2.29008951440555E-15,142.9));
#9669=CARTESIAN_POINT('',(0.,2.29008951440555E-15,0.));
#9670=CARTESIAN_POINT('',(37.4,2.29008951440555E-15,0.));
#9671=CARTESIAN_POINT('',(3.13191673216496,37.2933189913135,71.4079425290621));
#9672=CARTESIAN_POINT('',(4.43379945519046,37.1316129367968,68.2692175440085));
#9673=CARTESIAN_POINT('',(3.13288544707321,37.293115487284,65.135187294904));
#9674=CARTESIAN_POINT('',(0.00349329990706858,37.4534247743894,63.8377424987864));
#9675=CARTESIAN_POINT('',(-3.13368896273213,37.2931850287045,65.1338463232959));
#9676=CARTESIAN_POINT('',(-4.43217219732516,37.1317442034961,68.2691844520784));
#9677=CARTESIAN_POINT('',(-3.13762060863042,37.2927245594374,71.400545233599));
#9678=CARTESIAN_POINT('',(-0.00421438737575181,37.4534888287684,72.702875408199));
#9679=CARTESIAN_POINT('',(3.13191673216496,37.2933189913135,71.4079425290621));
#9680=CARTESIAN_POINT('',(4.43379945519046,37.1316129367968,68.2692175440085));
#9681=CARTESIAN_POINT('',(3.13288544707321,37.293115487284,65.135187294904));
#9682=CARTESIAN_POINT('',(4.,37.1854810376308,68.27));
#9683=CARTESIAN_POINT('',(-3.13191673216497,-37.2933189913135,71.4079425290621));
#9684=CARTESIAN_POINT('',(-4.43379945519046,-37.1316129367968,68.2692175440085));
#9685=CARTESIAN_POINT('',(-3.1328854470732,-37.293115487284,65.1351872949039));
#9686=CARTESIAN_POINT('',(-0.00349329990707438,-37.4534247743894,63.8377424987865));
#9687=CARTESIAN_POINT('',(3.13368896273213,-37.2931850287045,65.1338463232959));
#9688=CARTESIAN_POINT('',(4.43217219732516,-37.1317442034961,68.2691844520784));
#9689=CARTESIAN_POINT('',(3.13762060863042,-37.2927245594374,71.400545233599));
#9690=CARTESIAN_POINT('',(0.00421438737574167,-37.4534888287684,72.702875408199));
#9691=CARTESIAN_POINT('',(-3.13191673216497,-37.2933189913135,71.4079425290621));
#9692=CARTESIAN_POINT('',(-4.43379945519046,-37.1316129367968,68.2692175440085));
#9693=CARTESIAN_POINT('',(-3.1328854470732,-37.293115487284,65.1351872949039));
#9694=CARTESIAN_POINT('',(-4.,-37.1854810376308,68.27));
#9695=CARTESIAN_POINT('',(-26.9947432743643,-25.8874149010809,120.784501385507));
#9696=CARTESIAN_POINT('',(-27.2177541360059,-25.6501872852665,119.999798797031));
#9697=CARTESIAN_POINT('',(-26.9949126305711,-25.8872270325738,119.216303426371));
#9698=CARTESIAN_POINT('',(-26.4487279581829,-26.4475807781096,118.891962478063));
#9699=CARTESIAN_POINT('',(-25.8871946734566,-26.9949540826343,119.215847510729));
#9700=CARTESIAN_POINT('',(-25.6504449033028,-27.2175074712228,119.999853348485));
#9701=CARTESIAN_POINT('',(-25.8864170617471,-26.9956882219989,120.782612184267));
#9702=CARTESIAN_POINT('',(-26.4473222029237,-26.4489927521078,121.108220832657));
#9703=CARTESIAN_POINT('',(-26.9947432743643,-25.8874149010809,120.784501385507));
#9704=CARTESIAN_POINT('',(-27.2177541360059,-25.6501872852665,119.999798797031));
#9705=CARTESIAN_POINT('',(-26.9949126305711,-25.8872270325738,119.216303426371));
#9706=CARTESIAN_POINT('',(-27.1434454081599,-25.7292318457867,120.));
#9707=CARTESIAN_POINT('',(0.,2.4309238963075E-15,142.9));
#9708=CARTESIAN_POINT('',(-39.5989892532151,-3.13796100786389,71.4019176561023));
#9709=CARTESIAN_POINT('',(-39.7504572730739,0.00078517428832558,72.7037982774333));
#9710=CARTESIAN_POINT('',(-39.5991816544891,3.1348203107106,71.4028892341643));
#9711=CARTESIAN_POINT('',(-39.4473885345947,4.43223907989654,68.2734646068511));
#9712=CARTESIAN_POINT('',(-39.5991123603507,3.13621978026695,65.1363783786801));
#9713=CARTESIAN_POINT('',(-39.7503343990453,0.00078665854324406,63.8378044188333));
#9714=CARTESIAN_POINT('',(-39.599549880005,-3.13054180347034,65.1324055683569));
#9715=CARTESIAN_POINT('',(-39.447327438659,-4.43287158626353,68.2657156136573));
#9716=CARTESIAN_POINT('',(-39.5989892532151,-3.13796100786389,71.4019176561023));
#9717=CARTESIAN_POINT('',(-39.7504572730739,0.00078517428832558,72.7037982774333));
#9718=CARTESIAN_POINT('',(-39.5991816544891,3.1348203107106,71.4028892341643));
#9719=CARTESIAN_POINT('',(-39.7,3.01827943065553E-15,72.27));
#9720=CARTESIAN_POINT('',(39.5989892532151,3.13796100786389,71.4019176561023));
#9721=CARTESIAN_POINT('',(39.7504572730739,-0.000785174288328073,72.7037982774334));
#9722=CARTESIAN_POINT('',(39.5991816544891,-3.13482031071059,71.4028892341643));
#9723=CARTESIAN_POINT('',(39.4473885345947,-4.43223907989654,68.2734646068511));
#9724=CARTESIAN_POINT('',(39.5991123603507,-3.13621978026692,65.1363783786801));
#9725=CARTESIAN_POINT('',(39.7503343990453,-0.000786658543235015,63.8378044188333));
#9726=CARTESIAN_POINT('',(39.599549880005,3.13054180347036,65.1324055683568));
#9727=CARTESIAN_POINT('',(39.447327438659,4.43287158626354,68.2657156136573));
#9728=CARTESIAN_POINT('',(39.5989892532151,3.13796100786389,71.4019176561023));
#9729=CARTESIAN_POINT('',(39.7504572730739,-0.000785174288328073,72.7037982774334));
#9730=CARTESIAN_POINT('',(39.5991816544891,-3.13482031071059,71.4028892341643));
#9731=CARTESIAN_POINT('',(39.7,-2.72001133661926E-15,72.27));
#9732=CARTESIAN_POINT('',(0.,2.4309238963075E-15,142.9));
#9733=CARTESIAN_POINT('',(39.7,2.4309238963075E-15,142.9));
#9734=CARTESIAN_POINT('',(0.,2.4309238963075E-15,0.));
#9735=CARTESIAN_POINT('',(39.7,2.4309238963075E-15,0.));
#9736=CARTESIAN_POINT('',(3.13192713550974,39.5994998835892,71.4079509613505));
#9737=CARTESIAN_POINT('',(4.43379332391511,39.4472601034849,68.2692148533518));
#9738=CARTESIAN_POINT('',(3.13289956882983,39.5993074921841,65.1351896252423));
#9739=CARTESIAN_POINT('',(0.00346316454839961,39.7503288275299,63.8377560843885));
#9740=CARTESIAN_POINT('',(-3.13363056042962,39.5993768362812,65.1337896242483));
#9741=CARTESIAN_POINT('',(-4.4321906981004,39.4473829649823,68.269212846892));
#9742=CARTESIAN_POINT('',(-3.13760502386942,39.5989392578955,71.4005318502029));
#9743=CARTESIAN_POINT('',(-0.00428213847987317,39.7503899416787,72.7028765880808));
#9744=CARTESIAN_POINT('',(3.13192713550974,39.5994998835892,71.4079509613505));
#9745=CARTESIAN_POINT('',(4.43379332391511,39.4472601034849,68.2692148533518));
#9746=CARTESIAN_POINT('',(3.13289956882983,39.5993074921841,65.1351896252423));
#9747=CARTESIAN_POINT('',(4.,39.4979746316188,68.27));
#9748=CARTESIAN_POINT('',(-3.13192713550974,-39.5994998835892,71.4079509613505));
#9749=CARTESIAN_POINT('',(-4.4337933239151,-39.4472601034849,68.2692148533518));
#9750=CARTESIAN_POINT('',(-3.13289956882984,-39.5993074921841,65.1351896252423));
#9751=CARTESIAN_POINT('',(-0.00346316454840275,-39.7503288275299,63.8377560843885));
#9752=CARTESIAN_POINT('',(3.13363056042961,-39.5993768362812,65.1337896242482));
#9753=CARTESIAN_POINT('',(4.43219069810039,-39.4473829649822,68.269212846892));
#9754=CARTESIAN_POINT('',(3.13760502386943,-39.5989392578955,71.4005318502029));
#9755=CARTESIAN_POINT('',(0.00428213847988444,-39.7503899416787,72.7028765880808));
#9756=CARTESIAN_POINT('',(-3.13192713550974,-39.5994998835892,71.4079509613505));
#9757=CARTESIAN_POINT('',(-4.4337933239151,-39.4472601034849,68.2692148533518));
#9758=CARTESIAN_POINT('',(-3.13289956882984,-39.5993074921841,65.1351896252423));
#9759=CARTESIAN_POINT('',(-4.,-39.4979746316188,68.27));
#9760=CARTESIAN_POINT('',(27.5140335369746,28.6213621019883,119.215498507589));
#9761=CARTESIAN_POINT('',(27.2772181713224,28.84478488932,120.000201245967));
#9762=CARTESIAN_POINT('',(27.513846129076,28.6215320663106,120.783696508542));
#9763=CARTESIAN_POINT('',(28.0737899288045,28.0749364586266,121.108037333512));
#9764=CARTESIAN_POINT('',(28.6215724925391,27.5138142893796,120.784153308456));
#9765=CARTESIAN_POINT('',(28.8445381635502,27.277475211043,120.000146239871));
#9766=CARTESIAN_POINT('',(28.6223083191565,27.5130374908956,119.217387965339));
#9767=CARTESIAN_POINT('',(28.0752019958185,28.0735302536145,118.891779157431));
#9768=CARTESIAN_POINT('',(27.5140335369746,28.6213621019883,119.215498507589));
#9769=CARTESIAN_POINT('',(27.2772181713224,28.84478488932,120.000201245967));
#9770=CARTESIAN_POINT('',(27.513846129076,28.6215320663106,120.783696508542));
#9771=CARTESIAN_POINT('',(27.35612539189,28.7703389542631,120.));
#9772=CARTESIAN_POINT('',(-28.6213621019883,-27.5140335369746,120.784501492411));
#9773=CARTESIAN_POINT('',(-28.84478488932,-27.2772181713224,119.999798754033));
#9774=CARTESIAN_POINT('',(-28.6215320663106,-27.513846129076,119.216303491458));
#9775=CARTESIAN_POINT('',(-28.0749364586266,-28.0737899288044,118.891962666488));
#9776=CARTESIAN_POINT('',(-27.5138142893796,-28.6215724925391,119.215846691544));
#9777=CARTESIAN_POINT('',(-27.277475211043,-28.8445381635502,119.999853760129));
#9778=CARTESIAN_POINT('',(-27.5130374908956,-28.6223083191565,120.782612034661));
#9779=CARTESIAN_POINT('',(-28.0735302536145,-28.0752019958185,121.108220842569));
#9780=CARTESIAN_POINT('',(-28.6213621019883,-27.5140335369746,120.784501492411));
#9781=CARTESIAN_POINT('',(-28.84478488932,-27.2772181713224,119.999798754033));
#9782=CARTESIAN_POINT('',(-28.6215320663106,-27.513846129076,119.216303491458));
#9783=CARTESIAN_POINT('',(-28.7703389542631,-27.35612539189,120.));
#9784=CARTESIAN_POINT('',(0.,0.,142.9));
#9785=CARTESIAN_POINT('',(0.,0.,0.));
#9786=CARTESIAN_POINT('',(41.,-1.7347234759768E-15,68.27));
#9787=CARTESIAN_POINT('',(6.67617331053638E-15,41.,68.27));
#9788=CARTESIAN_POINT('',(-41.,1.16176231450959E-14,68.27));
#9789=CARTESIAN_POINT('',(-1.16972251870405E-14,-41.,68.27));
#9790=CARTESIAN_POINT('',(-237.007048704941,-237.007048704941,120.));
#9791=CARTESIAN_POINT('',(-237.007048704941,-237.007048704941,120.));
#9792=CARTESIAN_POINT('',(0.,0.,0.));
#9793=MECHANICAL_DESIGN_GEOMETRIC_PRESENTATION_REPRESENTATION('',(#5765,
#5766,#5767,#5768,#5769,#5770,#5771,#5772,#5773,#5774,#5775,#5776,#5777,
#5778,#5779,#5780,#5781),#9794);
#9794=(
GEOMETRIC_REPRESENTATION_CONTEXT(3)
GLOBAL_UNCERTAINTY_ASSIGNED_CONTEXT((#9812))
GLOBAL_UNIT_ASSIGNED_CONTEXT((#9832,#9831,#9830))
REPRESENTATION_CONTEXT('Assembly 1','TOP_LEVEL_ASSEMBLY_PART')
);
#9795=(
GEOMETRIC_REPRESENTATION_CONTEXT(3)
GLOBAL_UNCERTAINTY_ASSIGNED_CONTEXT((#9813))
GLOBAL_UNIT_ASSIGNED_CONTEXT((#9832,#9831,#9830))
REPRESENTATION_CONTEXT('Canard panel 0 (+X)','COMPONENT_PART')
);
#9796=(
GEOMETRIC_REPRESENTATION_CONTEXT(3)
GLOBAL_UNCERTAINTY_ASSIGNED_CONTEXT((#9814))
GLOBAL_UNIT_ASSIGNED_CONTEXT((#9832,#9831,#9830))
REPRESENTATION_CONTEXT('Canard shaft 0 (+X)','COMPONENT_PART')
);
#9797=(
GEOMETRIC_REPRESENTATION_CONTEXT(3)
GLOBAL_UNCERTAINTY_ASSIGNED_CONTEXT((#9815))
GLOBAL_UNIT_ASSIGNED_CONTEXT((#9832,#9831,#9830))
REPRESENTATION_CONTEXT('Servo lower boss (keep-out)','COMPONENT_PART')
);
#9798=(
GEOMETRIC_REPRESENTATION_CONTEXT(3)
GLOBAL_UNCERTAINTY_ASSIGNED_CONTEXT((#9816))
GLOBAL_UNIT_ASSIGNED_CONTEXT((#9832,#9831,#9830))
REPRESENTATION_CONTEXT('Servo output spline (15T, 4 mm)',
'COMPONENT_PART')
);
#9799=(
GEOMETRIC_REPRESENTATION_CONTEXT(3)
GLOBAL_UNCERTAINTY_ASSIGNED_CONTEXT((#9817))
GLOBAL_UNIT_ASSIGNED_CONTEXT((#9832,#9831,#9830))
REPRESENTATION_CONTEXT('Servo retainer bar (8 off)','COMPONENT_PART')
);
#9800=(
GEOMETRIC_REPRESENTATION_CONTEXT(3)
GLOBAL_UNCERTAINTY_ASSIGNED_CONTEXT((#9818))
GLOBAL_UNIT_ASSIGNED_CONTEXT((#9832,#9831,#9830))
REPRESENTATION_CONTEXT('Aft gas seal (G-10, dia 74.8 x 4.8)',
'COMPONENT_PART')
);
#9801=(
GEOMETRIC_REPRESENTATION_CONTEXT(3)
GLOBAL_UNCERTAINTY_ASSIGNED_CONTEXT((#9819))
GLOBAL_UNIT_ASSIGNED_CONTEXT((#9832,#9831,#9830))
REPRESENTATION_CONTEXT('Canard panel 1 (+Y)','COMPONENT_PART')
);
#9802=(
GEOMETRIC_REPRESENTATION_CONTEXT(3)
GLOBAL_UNCERTAINTY_ASSIGNED_CONTEXT((#9820))
GLOBAL_UNIT_ASSIGNED_CONTEXT((#9832,#9831,#9830))
REPRESENTATION_CONTEXT('Canard panel 2 (-X)','COMPONENT_PART')
);
#9803=(
GEOMETRIC_REPRESENTATION_CONTEXT(3)
GLOBAL_UNCERTAINTY_ASSIGNED_CONTEXT((#9821))
GLOBAL_UNIT_ASSIGNED_CONTEXT((#9832,#9831,#9830))
REPRESENTATION_CONTEXT('Canard bay (printed, PETG-CF)','COMPONENT_PART')
);
#9804=(
GEOMETRIC_REPRESENTATION_CONTEXT(3)
GLOBAL_UNCERTAINTY_ASSIGNED_CONTEXT((#9822))
GLOBAL_UNIT_ASSIGNED_CONTEXT((#9832,#9831,#9830))
REPRESENTATION_CONTEXT('Servo case + flange (KST X08 Plus)',
'COMPONENT_PART')
);
#9805=(
GEOMETRIC_REPRESENTATION_CONTEXT(3)
GLOBAL_UNCERTAINTY_ASSIGNED_CONTEXT((#9823))
GLOBAL_UNIT_ASSIGNED_CONTEXT((#9832,#9831,#9830))
REPRESENTATION_CONTEXT('Hinge bearing (iglidur G, 6/8 x 6 plain)',
'COMPONENT_PART')
);
#9806=(
GEOMETRIC_REPRESENTATION_CONTEXT(3)
GLOBAL_UNCERTAINTY_ASSIGNED_CONTEXT((#9824))
GLOBAL_UNIT_ASSIGNED_CONTEXT((#9832,#9831,#9830))
REPRESENTATION_CONTEXT('Canard shaft 2 (-X)','COMPONENT_PART')
);
#9807=(
GEOMETRIC_REPRESENTATION_CONTEXT(3)
GLOBAL_UNCERTAINTY_ASSIGNED_CONTEXT((#9825))
GLOBAL_UNIT_ASSIGNED_CONTEXT((#9832,#9831,#9830))
REPRESENTATION_CONTEXT('Canard panel 3 (-Y)','COMPONENT_PART')
);
#9808=(
GEOMETRIC_REPRESENTATION_CONTEXT(3)
GLOBAL_UNCERTAINTY_ASSIGNED_CONTEXT((#9826))
GLOBAL_UNIT_ASSIGNED_CONTEXT((#9832,#9831,#9830))
REPRESENTATION_CONTEXT('Pass-through plate (G-10, dia 74.8 x 2.4)',
'COMPONENT_PART')
);
#9809=(
GEOMETRIC_REPRESENTATION_CONTEXT(3)
GLOBAL_UNCERTAINTY_ASSIGNED_CONTEXT((#9827))
GLOBAL_UNIT_ASSIGNED_CONTEXT((#9832,#9831,#9830))
REPRESENTATION_CONTEXT('Canard shaft 1 (+Y)','COMPONENT_PART')
);
#9810=(
GEOMETRIC_REPRESENTATION_CONTEXT(3)
GLOBAL_UNCERTAINTY_ASSIGNED_CONTEXT((#9828))
GLOBAL_UNIT_ASSIGNED_CONTEXT((#9832,#9831,#9830))
REPRESENTATION_CONTEXT('Canard shaft 3 (-Y)','COMPONENT_PART')
);
#9811=(
GEOMETRIC_REPRESENTATION_CONTEXT(3)
GLOBAL_UNCERTAINTY_ASSIGNED_CONTEXT((#9829))
GLOBAL_UNIT_ASSIGNED_CONTEXT((#9832,#9831,#9830))
REPRESENTATION_CONTEXT('Canard module tube','COMPONENT_PART')
);
#9812=UNCERTAINTY_MEASURE_WITH_UNIT(LENGTH_MEASURE(1.E-5),#9832,
'DISTANCE_ACCURACY_VALUE','Maximum Tolerance applied to model');
#9813=UNCERTAINTY_MEASURE_WITH_UNIT(LENGTH_MEASURE(1.E-5),#9832,
'DISTANCE_ACCURACY_VALUE','Maximum Tolerance applied to model');
#9814=UNCERTAINTY_MEASURE_WITH_UNIT(LENGTH_MEASURE(1.E-5),#9832,
'DISTANCE_ACCURACY_VALUE','Maximum Tolerance applied to model');
#9815=UNCERTAINTY_MEASURE_WITH_UNIT(LENGTH_MEASURE(1.E-5),#9832,
'DISTANCE_ACCURACY_VALUE','Maximum Tolerance applied to model');
#9816=UNCERTAINTY_MEASURE_WITH_UNIT(LENGTH_MEASURE(1.E-5),#9832,
'DISTANCE_ACCURACY_VALUE','Maximum Tolerance applied to model');
#9817=UNCERTAINTY_MEASURE_WITH_UNIT(LENGTH_MEASURE(1.E-5),#9832,
'DISTANCE_ACCURACY_VALUE','Maximum Tolerance applied to model');
#9818=UNCERTAINTY_MEASURE_WITH_UNIT(LENGTH_MEASURE(1.E-5),#9832,
'DISTANCE_ACCURACY_VALUE','Maximum Tolerance applied to model');
#9819=UNCERTAINTY_MEASURE_WITH_UNIT(LENGTH_MEASURE(1.E-5),#9832,
'DISTANCE_ACCURACY_VALUE','Maximum Tolerance applied to model');
#9820=UNCERTAINTY_MEASURE_WITH_UNIT(LENGTH_MEASURE(1.E-5),#9832,
'DISTANCE_ACCURACY_VALUE','Maximum Tolerance applied to model');
#9821=UNCERTAINTY_MEASURE_WITH_UNIT(LENGTH_MEASURE(1.E-5),#9832,
'DISTANCE_ACCURACY_VALUE','Maximum Tolerance applied to model');
#9822=UNCERTAINTY_MEASURE_WITH_UNIT(LENGTH_MEASURE(1.E-5),#9832,
'DISTANCE_ACCURACY_VALUE','Maximum Tolerance applied to model');
#9823=UNCERTAINTY_MEASURE_WITH_UNIT(LENGTH_MEASURE(1.E-5),#9832,
'DISTANCE_ACCURACY_VALUE','Maximum Tolerance applied to model');
#9824=UNCERTAINTY_MEASURE_WITH_UNIT(LENGTH_MEASURE(1.E-5),#9832,
'DISTANCE_ACCURACY_VALUE','Maximum Tolerance applied to model');
#9825=UNCERTAINTY_MEASURE_WITH_UNIT(LENGTH_MEASURE(1.E-5),#9832,
'DISTANCE_ACCURACY_VALUE','Maximum Tolerance applied to model');
#9826=UNCERTAINTY_MEASURE_WITH_UNIT(LENGTH_MEASURE(1.E-5),#9832,
'DISTANCE_ACCURACY_VALUE','Maximum Tolerance applied to model');
#9827=UNCERTAINTY_MEASURE_WITH_UNIT(LENGTH_MEASURE(1.E-5),#9832,
'DISTANCE_ACCURACY_VALUE','Maximum Tolerance applied to model');
#9828=UNCERTAINTY_MEASURE_WITH_UNIT(LENGTH_MEASURE(1.E-5),#9832,
'DISTANCE_ACCURACY_VALUE','Maximum Tolerance applied to model');
#9829=UNCERTAINTY_MEASURE_WITH_UNIT(LENGTH_MEASURE(1.E-5),#9832,
'DISTANCE_ACCURACY_VALUE','Maximum Tolerance applied to model');
#9830=(
NAMED_UNIT(*)
SI_UNIT($,.STERADIAN.)
SOLID_ANGLE_UNIT()
);
#9831=(
NAMED_UNIT(*)
PLANE_ANGLE_UNIT()
SI_UNIT($,.RADIAN.)
);
#9832=(
LENGTH_UNIT()
NAMED_UNIT(*)
SI_UNIT(.MILLI.,.METRE.)
);
#9833=PRODUCT_DEFINITION_SHAPE('','',#9887);
#9834=PRODUCT_DEFINITION_SHAPE('','',#9888);
#9835=PRODUCT_DEFINITION_SHAPE(' ','NAUO PRDDFN',#254);
#9836=PRODUCT_DEFINITION_SHAPE('','',#9889);
#9837=PRODUCT_DEFINITION_SHAPE(' ','NAUO PRDDFN',#255);
#9838=PRODUCT_DEFINITION_SHAPE('','',#9890);
#9839=PRODUCT_DEFINITION_SHAPE(' ','NAUO PRDDFN',#256);
#9840=PRODUCT_DEFINITION_SHAPE('','',#9891);
#9841=PRODUCT_DEFINITION_SHAPE(' ','NAUO PRDDFN',#257);
#9842=PRODUCT_DEFINITION_SHAPE(' ','NAUO PRDDFN',#258);
#9843=PRODUCT_DEFINITION_SHAPE('','',#9892);
#9844=PRODUCT_DEFINITION_SHAPE(' ','NAUO PRDDFN',#259);
#9845=PRODUCT_DEFINITION_SHAPE('','',#9893);
#9846=PRODUCT_DEFINITION_SHAPE(' ','NAUO PRDDFN',#260);
#9847=PRODUCT_DEFINITION_SHAPE('','',#9894);
#9848=PRODUCT_DEFINITION_SHAPE(' ','NAUO PRDDFN',#261);
#9849=PRODUCT_DEFINITION_SHAPE('','',#9895);
#9850=PRODUCT_DEFINITION_SHAPE(' ','NAUO PRDDFN',#262);
#9851=PRODUCT_DEFINITION_SHAPE(' ','NAUO PRDDFN',#263);
#9852=PRODUCT_DEFINITION_SHAPE('','',#9896);
#9853=PRODUCT_DEFINITION_SHAPE(' ','NAUO PRDDFN',#264);
#9854=PRODUCT_DEFINITION_SHAPE('','',#9897);
#9855=PRODUCT_DEFINITION_SHAPE(' ','NAUO PRDDFN',#265);
#9856=PRODUCT_DEFINITION_SHAPE(' ','NAUO PRDDFN',#266);
#9857=PRODUCT_DEFINITION_SHAPE('','',#9898);
#9858=PRODUCT_DEFINITION_SHAPE(' ','NAUO PRDDFN',#267);
#9859=PRODUCT_DEFINITION_SHAPE('','',#9899);
#9860=PRODUCT_DEFINITION_SHAPE(' ','NAUO PRDDFN',#268);
#9861=PRODUCT_DEFINITION_SHAPE('','',#9900);
#9862=PRODUCT_DEFINITION_SHAPE(' ','NAUO PRDDFN',#269);
#9863=PRODUCT_DEFINITION_SHAPE(' ','NAUO PRDDFN',#270);
#9864=PRODUCT_DEFINITION_SHAPE(' ','NAUO PRDDFN',#271);
#9865=PRODUCT_DEFINITION_SHAPE(' ','NAUO PRDDFN',#272);
#9866=PRODUCT_DEFINITION_SHAPE(' ','NAUO PRDDFN',#273);
#9867=PRODUCT_DEFINITION_SHAPE(' ','NAUO PRDDFN',#274);
#9868=PRODUCT_DEFINITION_SHAPE(' ','NAUO PRDDFN',#275);
#9869=PRODUCT_DEFINITION_SHAPE(' ','NAUO PRDDFN',#276);
#9870=PRODUCT_DEFINITION_SHAPE(' ','NAUO PRDDFN',#277);
#9871=PRODUCT_DEFINITION_SHAPE(' ','NAUO PRDDFN',#278);
#9872=PRODUCT_DEFINITION_SHAPE('','',#9901);
#9873=PRODUCT_DEFINITION_SHAPE(' ','NAUO PRDDFN',#279);
#9874=PRODUCT_DEFINITION_SHAPE(' ','NAUO PRDDFN',#280);
#9875=PRODUCT_DEFINITION_SHAPE(' ','NAUO PRDDFN',#281);
#9876=PRODUCT_DEFINITION_SHAPE('','',#9902);
#9877=PRODUCT_DEFINITION_SHAPE(' ','NAUO PRDDFN',#282);
#9878=PRODUCT_DEFINITION_SHAPE(' ','NAUO PRDDFN',#283);
#9879=PRODUCT_DEFINITION_SHAPE(' ','NAUO PRDDFN',#284);
#9880=PRODUCT_DEFINITION_SHAPE(' ','NAUO PRDDFN',#285);
#9881=PRODUCT_DEFINITION_SHAPE(' ','NAUO PRDDFN',#286);
#9882=PRODUCT_DEFINITION_SHAPE('','',#9903);
#9883=PRODUCT_DEFINITION_SHAPE(' ','NAUO PRDDFN',#287);
#9884=PRODUCT_DEFINITION_SHAPE(' ','NAUO PRDDFN',#288);
#9885=PRODUCT_DEFINITION_SHAPE('','',#9904);
#9886=PRODUCT_DEFINITION_SHAPE(' ','NAUO PRDDFN',#289);
#9887=PRODUCT_DEFINITION('','',#9923,#9905);
#9888=PRODUCT_DEFINITION('','',#9924,#9906);
#9889=PRODUCT_DEFINITION('','',#9925,#9907);
#9890=PRODUCT_DEFINITION('','',#9926,#9908);
#9891=PRODUCT_DEFINITION('','',#9927,#9909);
#9892=PRODUCT_DEFINITION('','',#9928,#9910);
#9893=PRODUCT_DEFINITION('','',#9929,#9911);
#9894=PRODUCT_DEFINITION('','',#9930,#9912);
#9895=PRODUCT_DEFINITION('','',#9931,#9913);
#9896=PRODUCT_DEFINITION('','',#9932,#9914);
#9897=PRODUCT_DEFINITION('','',#9933,#9915);
#9898=PRODUCT_DEFINITION('','',#9934,#9916);
#9899=PRODUCT_DEFINITION('','',#9935,#9917);
#9900=PRODUCT_DEFINITION('','',#9936,#9918);
#9901=PRODUCT_DEFINITION('','',#9937,#9919);
#9902=PRODUCT_DEFINITION('','',#9938,#9920);
#9903=PRODUCT_DEFINITION('','',#9939,#9921);
#9904=PRODUCT_DEFINITION('','',#9940,#9922);
#9905=PRODUCT_DEFINITION_CONTEXT('',#10014,'design');
#9906=PRODUCT_DEFINITION_CONTEXT('',#10014,'design');
#9907=PRODUCT_DEFINITION_CONTEXT('',#10014,'design');
#9908=PRODUCT_DEFINITION_CONTEXT('',#10014,'design');
#9909=PRODUCT_DEFINITION_CONTEXT('',#10014,'design');
#9910=PRODUCT_DEFINITION_CONTEXT('',#10014,'design');
#9911=PRODUCT_DEFINITION_CONTEXT('',#10014,'design');
#9912=PRODUCT_DEFINITION_CONTEXT('',#10014,'design');
#9913=PRODUCT_DEFINITION_CONTEXT('',#10014,'design');
#9914=PRODUCT_DEFINITION_CONTEXT('',#10014,'design');
#9915=PRODUCT_DEFINITION_CONTEXT('',#10014,'design');
#9916=PRODUCT_DEFINITION_CONTEXT('',#10014,'design');
#9917=PRODUCT_DEFINITION_CONTEXT('',#10014,'design');
#9918=PRODUCT_DEFINITION_CONTEXT('',#10014,'design');
#9919=PRODUCT_DEFINITION_CONTEXT('',#10014,'design');
#9920=PRODUCT_DEFINITION_CONTEXT('',#10014,'design');
#9921=PRODUCT_DEFINITION_CONTEXT('',#10014,'design');
#9922=PRODUCT_DEFINITION_CONTEXT('',#10014,'design');
#9923=PRODUCT_DEFINITION_FORMATION_WITH_SPECIFIED_SOURCE('','',#9959,
 .NOT_KNOWN.);
#9924=PRODUCT_DEFINITION_FORMATION_WITH_SPECIFIED_SOURCE('','',#9960,
 .NOT_KNOWN.);
#9925=PRODUCT_DEFINITION_FORMATION_WITH_SPECIFIED_SOURCE('','',#9961,
 .NOT_KNOWN.);
#9926=PRODUCT_DEFINITION_FORMATION_WITH_SPECIFIED_SOURCE('','',#9962,
 .NOT_KNOWN.);
#9927=PRODUCT_DEFINITION_FORMATION_WITH_SPECIFIED_SOURCE('','',#9963,
 .NOT_KNOWN.);
#9928=PRODUCT_DEFINITION_FORMATION_WITH_SPECIFIED_SOURCE('','',#9964,
 .NOT_KNOWN.);
#9929=PRODUCT_DEFINITION_FORMATION_WITH_SPECIFIED_SOURCE('','',#9965,
 .NOT_KNOWN.);
#9930=PRODUCT_DEFINITION_FORMATION_WITH_SPECIFIED_SOURCE('','',#9966,
 .NOT_KNOWN.);
#9931=PRODUCT_DEFINITION_FORMATION_WITH_SPECIFIED_SOURCE('','',#9967,
 .NOT_KNOWN.);
#9932=PRODUCT_DEFINITION_FORMATION_WITH_SPECIFIED_SOURCE('','',#9968,
 .NOT_KNOWN.);
#9933=PRODUCT_DEFINITION_FORMATION_WITH_SPECIFIED_SOURCE('','',#9969,
 .NOT_KNOWN.);
#9934=PRODUCT_DEFINITION_FORMATION_WITH_SPECIFIED_SOURCE('','',#9970,
 .NOT_KNOWN.);
#9935=PRODUCT_DEFINITION_FORMATION_WITH_SPECIFIED_SOURCE('','',#9971,
 .NOT_KNOWN.);
#9936=PRODUCT_DEFINITION_FORMATION_WITH_SPECIFIED_SOURCE('','',#9972,
 .NOT_KNOWN.);
#9937=PRODUCT_DEFINITION_FORMATION_WITH_SPECIFIED_SOURCE('','',#9973,
 .NOT_KNOWN.);
#9938=PRODUCT_DEFINITION_FORMATION_WITH_SPECIFIED_SOURCE('','',#9974,
 .NOT_KNOWN.);
#9939=PRODUCT_DEFINITION_FORMATION_WITH_SPECIFIED_SOURCE('','',#9975,
 .NOT_KNOWN.);
#9940=PRODUCT_DEFINITION_FORMATION_WITH_SPECIFIED_SOURCE('','',#9976,
 .NOT_KNOWN.);
#9941=PRODUCT_RELATED_PRODUCT_CATEGORY('','',(#9959));
#9942=PRODUCT_RELATED_PRODUCT_CATEGORY('','',(#9960));
#9943=PRODUCT_RELATED_PRODUCT_CATEGORY('','',(#9961));
#9944=PRODUCT_RELATED_PRODUCT_CATEGORY('','',(#9962));
#9945=PRODUCT_RELATED_PRODUCT_CATEGORY('','',(#9963));
#9946=PRODUCT_RELATED_PRODUCT_CATEGORY('','',(#9964));
#9947=PRODUCT_RELATED_PRODUCT_CATEGORY('','',(#9965));
#9948=PRODUCT_RELATED_PRODUCT_CATEGORY('','',(#9966));
#9949=PRODUCT_RELATED_PRODUCT_CATEGORY('','',(#9967));
#9950=PRODUCT_RELATED_PRODUCT_CATEGORY('','',(#9968));
#9951=PRODUCT_RELATED_PRODUCT_CATEGORY('','',(#9969));
#9952=PRODUCT_RELATED_PRODUCT_CATEGORY('','',(#9970));
#9953=PRODUCT_RELATED_PRODUCT_CATEGORY('','',(#9971));
#9954=PRODUCT_RELATED_PRODUCT_CATEGORY('','',(#9972));
#9955=PRODUCT_RELATED_PRODUCT_CATEGORY('','',(#9973));
#9956=PRODUCT_RELATED_PRODUCT_CATEGORY('','',(#9974));
#9957=PRODUCT_RELATED_PRODUCT_CATEGORY('','',(#9975));
#9958=PRODUCT_RELATED_PRODUCT_CATEGORY('','',(#9976));
#9959=PRODUCT('Assembly 1','Assembly 1','Assembly 1',(#9995));
#9960=PRODUCT('Canard panel 0 (+X)','Canard panel 0 (+X)',
'Canard panel 0 (+X)',(#9996));
#9961=PRODUCT('Canard shaft 0 (+X)','Canard shaft 0 (+X)',
'Canard shaft 0 (+X)',(#9997));
#9962=PRODUCT('Servo lower boss (keep-out)',
'Servo lower boss (keep-out)','Servo lower boss (keep-out)',(#9998));
#9963=PRODUCT('Servo output spline (15T, 4 mm)',
'Servo output spline (15T, 4 mm)','Servo output spline (15T, 4 mm)',(#9999));
#9964=PRODUCT('Servo retainer bar (8 off)','Servo retainer bar (8 off)',
'Servo retainer bar (8 off)',(#10000));
#9965=PRODUCT('Aft gas seal (G-10, dia 74.8 x 4.8)',
'Aft gas seal (G-10, dia 74.8 x 4.8)',
'Aft gas seal (G-10, dia 74.8 x 4.8)',(#10001));
#9966=PRODUCT('Canard panel 1 (+Y)','Canard panel 1 (+Y)',
'Canard panel 1 (+Y)',(#10002));
#9967=PRODUCT('Canard panel 2 (-X)','Canard panel 2 (-X)',
'Canard panel 2 (-X)',(#10003));
#9968=PRODUCT('Canard bay (printed, PETG-CF)',
'Canard bay (printed, PETG-CF)','Canard bay (printed, PETG-CF)',(#10004));
#9969=PRODUCT('Servo case + flange (KST X08 Plus)',
'Servo case + flange (KST X08 Plus)',
'Servo case + flange (KST X08 Plus)',(#10005));
#9970=PRODUCT('Hinge bearing (iglidur G, 6/8 x 6 plain)',
'Hinge bearing (iglidur G, 6/8 x 6 plain)',
'Hinge bearing (iglidur G, 6/8 x 6 plain)',(#10006));
#9971=PRODUCT('Canard shaft 2 (-X)','Canard shaft 2 (-X)',
'Canard shaft 2 (-X)',(#10007));
#9972=PRODUCT('Canard panel 3 (-Y)','Canard panel 3 (-Y)',
'Canard panel 3 (-Y)',(#10008));
#9973=PRODUCT('Pass-through plate (G-10, dia 74.8 x 2.4)',
'Pass-through plate (G-10, dia 74.8 x 2.4)',
'Pass-through plate (G-10, dia 74.8 x 2.4)',(#10009));
#9974=PRODUCT('Canard shaft 1 (+Y)','Canard shaft 1 (+Y)',
'Canard shaft 1 (+Y)',(#10010));
#9975=PRODUCT('Canard shaft 3 (-Y)','Canard shaft 3 (-Y)',
'Canard shaft 3 (-Y)',(#10011));
#9976=PRODUCT('Canard module tube','Canard module tube',
'Canard module tube',(#10012));
#9977=PRODUCT_CATEGORY('','');
#9978=PRODUCT_CATEGORY('','');
#9979=PRODUCT_CATEGORY('','');
#9980=PRODUCT_CATEGORY('','');
#9981=PRODUCT_CATEGORY('','');
#9982=PRODUCT_CATEGORY('','');
#9983=PRODUCT_CATEGORY('','');
#9984=PRODUCT_CATEGORY('','');
#9985=PRODUCT_CATEGORY('','');
#9986=PRODUCT_CATEGORY('','');
#9987=PRODUCT_CATEGORY('','');
#9988=PRODUCT_CATEGORY('','');
#9989=PRODUCT_CATEGORY('','');
#9990=PRODUCT_CATEGORY('','');
#9991=PRODUCT_CATEGORY('','');
#9992=PRODUCT_CATEGORY('','');
#9993=PRODUCT_CATEGORY('','');
#9994=PRODUCT_CATEGORY('','');
#9995=PRODUCT_CONTEXT('',#10014,'mechanical');
#9996=PRODUCT_CONTEXT('',#10014,'mechanical');
#9997=PRODUCT_CONTEXT('',#10014,'mechanical');
#9998=PRODUCT_CONTEXT('',#10014,'mechanical');
#9999=PRODUCT_CONTEXT('',#10014,'mechanical');
#10000=PRODUCT_CONTEXT('',#10014,'mechanical');
#10001=PRODUCT_CONTEXT('',#10014,'mechanical');
#10002=PRODUCT_CONTEXT('',#10014,'mechanical');
#10003=PRODUCT_CONTEXT('',#10014,'mechanical');
#10004=PRODUCT_CONTEXT('',#10014,'mechanical');
#10005=PRODUCT_CONTEXT('',#10014,'mechanical');
#10006=PRODUCT_CONTEXT('',#10014,'mechanical');
#10007=PRODUCT_CONTEXT('',#10014,'mechanical');
#10008=PRODUCT_CONTEXT('',#10014,'mechanical');
#10009=PRODUCT_CONTEXT('',#10014,'mechanical');
#10010=PRODUCT_CONTEXT('',#10014,'mechanical');
#10011=PRODUCT_CONTEXT('',#10014,'mechanical');
#10012=PRODUCT_CONTEXT('',#10014,'mechanical');
#10013=APPLICATION_PROTOCOL_DEFINITION('international standard',
'ap242_managed_model_based_3d_engineering',2020,#10014);
#10014=APPLICATION_CONTEXT('managed model based 3d engineering');
ENDSEC;
END-ISO-10303-21;
