"Time_Iter","Outer_Iter","Inner_Iter",    "rms[Rho]"    ,    "rms[RhoU]"   ,    "rms[RhoV]"   ,    "rms[RhoW]"   ,    "rms[RhoE]"   ,    "RefForce"    ,       "CD"       ,       "CL"       ,       "CSF"      ,       "CMx"      ,       "CMy"      ,       "CMz"      ,       "CFx"      ,       "CFy"      ,       "CFz"      ,      "CEff"      ,    "CD(BODY)"    ,   "CD(CANARD0)"  ,   "CD(CANARD1)"  ,   "CD(CANARD2)"  ,   "CD(CANARD3)"  ,    "CD(FIN0)"    ,    "CD(FIN1)"    ,    "CD(FIN2)"    ,    "CD(FIN3)"    ,    "CL(BODY)"    ,   "CL(CANARD0)"  ,   "CL(CANARD1)"  ,   "CL(CANARD2)"  ,   "CL(CANARD3)"  ,    "CL(FIN0)"    ,    "CL(FIN1)"    ,    "CL(FIN2)"    ,    "CL(FIN3)"    ,    "CSF(BODY)"   ,  "CSF(CANARD0)"  ,  "CSF(CANARD1)"  ,  "CSF(CANARD2)"  ,  "CSF(CANARD3)"  ,    "CSF(FIN0)"   ,    "CSF(FIN1)"   ,    "CSF(FIN2)"   ,    "CSF(FIN3)"   ,    "CMx(BODY)"   ,  "CMx(CANARD0)"  ,  "CMx(CANARD1)"  ,  "CMx(CANARD2)"  ,  "CMx(CANARD3)"  ,    "CMx(FIN0)"   ,    "CMx(FIN1)"   ,    "CMx(FIN2)"   ,    "CMx(FIN3)"   ,    "CMy(BODY)"   ,  "CMy(CANARD0)"  ,  "CMy(CANARD1)"  ,  "CMy(CANARD2)"  ,  "CMy(CANARD3)"  ,    "CMy(FIN0)"   ,    "CMy(FIN1)"   ,    "CMy(FIN2)"   ,    "CMy(FIN3)"   ,    "CMz(BODY)"   ,  "CMz(CANARD0)"  ,  "CMz(CANARD1)"  ,  "CMz(CANARD2)"  ,  "CMz(CANARD3)"  ,    "CMz(FIN0)"   ,    "CMz(FIN1)"   ,    "CMz(FIN2)"   ,    "CMz(FIN3)"   ,    "CFx(BODY)"   ,  "CFx(CANARD0)"  ,  "CFx(CANARD1)"  ,  "CFx(CANARD2)"  ,  "CFx(CANARD3)"  ,    "CFx(FIN0)"   ,    "CFx(FIN1)"   ,    "CFx(FIN2)"   ,    "CFx(FIN3)"   ,    "CFy(BODY)"   ,  "CFy(CANARD0)"  ,  "CFy(CANARD1)"  ,  "CFy(CANARD2)"  ,  "CFy(CANARD3)"  ,    "CFy(FIN0)"   ,    "CFy(FIN1)"   ,    "CFy(FIN2)"   ,    "CFy(FIN3)"   ,    "CFz(BODY)"   ,  "CFz(CANARD0)"  ,  "CFz(CANARD1)"  ,  "CFz(CANARD2)"  ,  "CFz(CANARD3)"  ,    "CFz(FIN0)"   ,    "CFz(FIN1)"   ,    "CFz(FIN2)"   ,    "CFz(FIN3)"   ,   "CEff(BODY)"   ,  "CEff(CANARD0)" ,  "CEff(CANARD1)" ,  "CEff(CANARD2)" ,  "CEff(CANARD3)" ,   "CEff(FIN0)"   ,   "CEff(FIN1)"   ,   "CEff(FIN2)"   ,   "CEff(FIN3)"   
          0,           0,           0,      -4.256365777,       -2.08962785,      -3.009063839,      -2.970093398,        1.22253263,       71.11653136,       0.861054097,       1.537754425,     0.00785388271,     0.01533153697,      -10.48043211,      0.1800536033,       0.861054097,     0.00785388271,       1.537754425,       1.785897577,      0.3665888985,      0.1403722559,      0.0639195047,      0.1427432092,     0.06404682302,     0.02182173834,     0.02003246968,      0.0211252682,     0.02040392949,     0.04423360301,      0.7442170026,     -0.0398953095,       0.741051665,      0.0398840615,   -0.005825401782,   -0.003852160803,    0.005341184491,     0.01259978069,   -0.002122119328,    -0.03966957009,  -0.0005427390555,     0.04019679265,   0.0003210200648,   -0.005777125566,    0.008178505338,    0.006491470593,   0.0007776481095,   2.176368072e-05,      0.7367496955,   0.0003631778515,     -0.7348438555,   0.0004725967662,    0.001237615402,   -0.004762067637,    0.003699431155,     0.01239317974,     -0.2663958225,      -5.045963728,        0.35794343,      -5.027111268,     -0.3584567669,      0.1164220474,     0.07978696092,     -0.1080652359,     -0.2285917306,     0.01145638857,     -0.4301819706,    -0.00376958898,       0.437921642,    0.001125953579,     -0.1174723021,      0.1569581406,      0.1289457877,   -0.004930447474,      0.3665888985,      0.1403722559,      0.0639195047,      0.1427432092,     0.06404682302,     0.02182173834,     0.02003246968,      0.0211252682,     0.02040392949,   -0.002122119328,    -0.03966957009,  -0.0005427390555,     0.04019679265,   0.0003210200648,   -0.005777125566,    0.008178505338,    0.006491470593,   0.0007776481095,     0.04423360301,      0.7442170026,     -0.0398953095,       0.741051665,      0.0398840615,   -0.005825401782,   -0.003852160803,    0.005341184491,     0.01259978069,      0.1206626911,       5.301738566,     -0.6241492278,       5.191502063,      0.6227328636,     -0.2669540662,      -0.192295851,      0.2528339257,      0.6175173606
          0,           0,           5,      -3.512552022,      -0.992387183,     -0.8709354181,     -0.8793466133,       1.928675497,       71.11653136,    0.001066332117,        1.46897353,     0.02370220028,      0.1164819758,      -9.800303559,      0.9239313482,    0.001066332117,     0.02370220028,        1.46897353,       1377.594754,     0.08457313289,     0.04459807366,    -0.02248634757,     0.04135351127,    -0.02344724797,    -0.02897064045,     -0.0318767916,    -0.03154851529,    -0.03112884281,      0.2653665792,      0.6130435201,    0.009705155193,      0.6070230595,    -0.01058530595,     0.02506938206,     0.01149633306,    -0.05878170312,    0.006636510051,    -0.02813808129,    0.008203955536,    0.005962359407,   -0.009571185812,   -0.003757492334,    -0.01341952506,   0.0008198918719,     0.04613262763,     0.01746965032,   5.287663652e-06,      0.5974378529,     -0.0115228588,     -0.5950617748,   -0.001657413557,     0.02846042127,    -0.03438225805,      0.1179919345,      0.0152107846,      -1.836177381,      -4.127184068,    -0.09783208355,      -4.083426979,      0.1047945956,     -0.4571489867,     -0.2315858302,       1.007586234,    -0.07932905909,     0.07635986416,     0.02094171698,     0.04098269478,    -0.03485687159,     -0.0239381115,      -0.206020434,    -0.01009425723,      0.7376599569,      0.3228967896,     0.08457313289,     0.04459807366,    -0.02248634757,     0.04135351127,    -0.02344724797,    -0.02897064045,     -0.0318767916,    -0.03154851529,    -0.03112884281,    -0.02813808129,    0.008203955536,    0.005962359407,   -0.009571185812,   -0.003757492334,    -0.01341952506,   0.0008198918719,     0.04613262763,     0.01746965032,      0.2653665792,      0.6130435201,    0.009705155193,      0.6070230595,    -0.01058530595,     0.02506938206,     0.01149633306,    -0.05878170312,    0.006636510051,       3.137717265,       13.74596411,      -0.431602116,       14.67887589,      0.4514519556,     -0.8653375166,     -0.3606490013,       1.863216148,     -0.2131948846
          0,           0,          10,      -3.364430001,      -1.006241644,     -0.9152529535,     -0.9119039257,        2.08740965,       71.11653136,     -0.4430206965,      0.9530757815,     0.07306550415,      0.3390078154,       -6.02811043,       1.044162305,     -0.4430206965,     0.07306550415,      0.9530757815,      -2.151312092,     -0.1118928747,    -0.02113634585,    -0.04930591613,     -0.0254628152,    -0.05265174788,     -0.0450403246,    -0.04562455122,     -0.0460318114,    -0.04587430953,      0.4378410932,      0.2892223897,      0.0304454534,      0.2436509554,    -0.02962319801,     0.06220096026,  -0.0002980029837,     -0.1007317373,     0.02036786777,     0.01619535921,     0.03098882075,    0.003384000191,    -0.03060378853,   -0.005464018654,    -0.04155824873,     -0.0192319046,     0.07956218187,     0.03979310266,   0.0002373770081,      0.2982022113,   -0.004799382556,     -0.2545138842,   -0.006186489136,     0.09148073593,    -0.01313663662,      0.2007254938,     0.02699838997,      -2.834138121,      -1.902416387,     -0.2723765944,      -1.580689627,      0.2708375876,      -1.091059506,    -0.05040929195,       1.724861649,     -0.2927201399,     0.08343765905,      0.2473625907,     0.02200874321,     -0.2484027745,    -0.03811245816,     -0.6601226694,     -0.3540767075,       1.286041608,      0.7060263136,     -0.1118928747,    -0.02113634585,    -0.04930591613,     -0.0254628152,    -0.05265174788,     -0.0450403246,    -0.04562455122,     -0.0460318114,    -0.04587430953,     0.01619535921,     0.03098882075,    0.003384000191,    -0.03060378853,   -0.005464018654,    -0.04155824873,     -0.0192319046,     0.07956218187,     0.03979310266,      0.4378410932,      0.2892223897,      0.0304454534,      0.2436509554,    -0.02962319801,     0.06220096026,  -0.0002980029837,     -0.1007317373,     0.02036786777,      -3.913038204,      -13.68365146,     -0.6174807363,      -9.568893052,      0.5626251588,      -1.381006039,    0.006531636493,       2.188307047,     -0.4439929011
          0,           0,          15,      -3.398552507,      -1.074482492,      -1.022991723,     -0.9889772735,       2.071692966,       71.11653136,     -0.2454509171,      0.7730046193,     0.03756042117,      0.4316588949,      -5.190254932,      0.8860155496,     -0.2454509171,     0.03756042117,      0.7730046193,      -3.149324632,     0.02212779508,   -0.009635093524,    -0.04131883152,    -0.01601399133,    -0.03775503368,     -0.0400938277,    -0.04024290736,    -0.04170547137,     -0.0408135557,      0.2106359872,      0.3119875823,     0.02659309144,      0.2432065497,    -0.01983869128,     0.07747292857,   0.0005496037177,      -0.102777263,     0.02517483066,    -0.00858767455,     0.02561038291,    0.006526032649,     -0.0250802513,     -0.0122540452,     -0.0581089053,    -0.01713588206,     0.08274615117,     0.04384461285,   0.0001337971561,       0.325695302,   -0.008585661708,     -0.2586113032,    -0.01339364878,      0.1321644638,    -0.00122346598,      0.2047667705,     0.05071264118,        -1.4371207,      -2.077007785,     -0.2313985892,       -1.60355221,      0.1846071608,      -1.336429014,    -0.05875810945,       1.749608103,     -0.3802037874,     0.07155854248,      0.1927788622,     0.04319381104,     -0.1946332343,    -0.08490624509,     -0.9383853364,     -0.3122885674,       1.339779841,      0.7689178758,     0.02212779508,   -0.009635093524,    -0.04131883152,    -0.01601399133,    -0.03775503368,     -0.0400938277,    -0.04024290736,    -0.04170547137,     -0.0408135557,    -0.00858767455,     0.02561038291,    0.006526032649,     -0.0250802513,     -0.0122540452,     -0.0581089053,    -0.01713588206,     0.08274615117,     0.04384461285,      0.2106359872,      0.3119875823,     0.02659309144,      0.2432065497,    -0.01983869128,     0.07747292857,   0.0005496037177,      -0.102777263,     0.02517483066,       9.519068052,      -32.38033772,     -0.6436070544,      -15.18712884,        0.52545818,      -1.932290654,    -0.01365715734,       2.464359222,     -0.6168252245
          0,           0,          20,      -3.110787529,     -0.7349486618,     -0.9073762086,     -0.8273025048,       2.384102069,       71.11653136,     -0.2642229131,      0.9341153215,     0.07439962358,      0.3154461167,      -6.154430887,       1.224399064,     -0.2642229131,     0.07439962358,      0.9341153215,      -3.535330493,    -0.02826966094,    0.004615497412,    -0.03965233251,   0.0001796241955,    -0.03664737779,    -0.04034375172,    -0.04086375609,    -0.04197433245,    -0.04126682316,       0.164410825,      0.4053691419,     0.02301192732,      0.3524831351,    -0.02315967127,     0.07261281948,     0.02177095431,    -0.09555523473,     0.01317142444,     0.02385135022,     0.02366208716,    0.005022569762,    -0.02246194599,    -0.01409160079,    -0.05235775544,    0.002796955723,     0.07476622962,      0.0332117333,    0.000164553991,      0.4152460782,   -0.006567619461,     -0.3630753574,    -0.01482371316,      0.1142894008,    -0.04145346299,       0.182755395,     0.02891084176,     -0.8791173387,      -2.712165166,     -0.2051383548,      -2.346191181,      0.2021842066,      -1.247056041,     -0.4100789699,       1.621782056,     -0.1786500975,      0.3115054845,      0.1633332296,     0.03252201085,     -0.1590707077,    -0.09639328164,     -0.8371418975,     0.01940906809,        1.20222011,       0.588015048,    -0.02826966094,    0.004615497412,    -0.03965233251,   0.0001796241955,    -0.03664737779,    -0.04034375172,    -0.04086375609,    -0.04197433245,    -0.04126682316,     0.02385135022,     0.02366208716,    0.005022569762,    -0.02246194599,    -0.01409160079,    -0.05235775544,    0.002796955723,     0.07476622962,      0.0332117333,       0.164410825,      0.4053691419,     0.02301192732,      0.3524831351,    -0.02315967127,     0.07261281948,     0.02177095431,    -0.09555523473,     0.01317142444,      -5.815804631,       87.82783429,     -0.5803423371,       1962.336611,      0.6319598472,      -1.799852923,     -0.5327692899,       2.276515889,     -0.3191770879
          0,           0,          25,      -2.688554055,     -0.2777947928,     -0.4773121793,     -0.4359432236,       2.812754553,       71.11653136,     -0.2432016607,      0.8624532341,     0.05473824481,      0.3626131606,      -5.412507356,       1.154119062,     -0.2432016607,     0.05473824481,      0.8624532341,      -3.546247306,    -0.01831395991,    0.003912614419,    -0.03704166877,   -0.001428460655,    -0.03381170401,    -0.03844514697,    -0.03892329321,    -0.03957949525,    -0.03957054636,      0.1602314044,      0.3831837063,     0.02162834628,      0.3196194503,    -0.01811979481,     0.06306473632,     0.01277817646,     -0.1014010625,     0.02146827138,   -0.004602267062,     0.02127159583,    0.001083615983,    -0.02027586799,    -0.01564078477,    -0.04383835886,   -0.004855009691,     0.08202899943,     0.03956632194,   0.0001675181374,      0.3909190204,    -0.00146133254,     -0.3273322079,    -0.01684797822,      0.1034161159,    -0.02516310837,      0.1969272155,     0.04198791774,      -0.760113566,      -2.557707225,      -0.193079935,      -2.120046017,       0.166531271,      -1.088406925,      -0.254034917,       1.715096192,     -0.3207462335,     0.04465804504,       0.148615456,    0.005877012122,      -0.146541537,     -0.1072523378,       -0.69961694,     -0.1098469304,       1.324197259,       0.694029035,    -0.01831395991,    0.003912614419,    -0.03704166877,   -0.001428460655,    -0.03381170401,    -0.03844514697,    -0.03892329321,    -0.03957949525,    -0.03957054636,   -0.004602267062,     0.02127159583,    0.001083615983,    -0.02027586799,    -0.01564078477,    -0.04383835886,   -0.004855009691,     0.08202899943,     0.03956632194,      0.1602314044,      0.3831837063,     0.02162834628,      0.3196194503,    -0.01811979481,     0.06306473632,     0.01277817646,     -0.1014010625,     0.02146827138,      -8.749140283,       97.93546341,     -0.5838923298,      -223.7509651,      0.5359030354,      -1.640382241,     -0.3282912468,       2.561959466,     -0.5425315885
          0,           0,          30,       -2.77475488,     -0.3661409687,     -0.5002344243,     -0.5634943879,       2.724032199,       71.11653136,     -0.2210082184,        1.00682628,     0.06949644514,      0.3470571508,      -7.004826373,       1.181630349,     -0.2210082184,     0.06949644514,        1.00682628,      -4.555605614,    -0.01705112199,      0.0068207574,    -0.03487112161,    0.001633220451,    -0.03277965877,     -0.0358409295,    -0.03588346302,    -0.03669444289,    -0.03634145846,      0.2734610061,      0.3884396632,     0.02094806284,      0.3259140993,    -0.01849668121,     0.06952281693,     0.01734491063,    -0.09055016053,     0.02024256317,     0.02445021973,     0.02070995973,   -0.001225910414,    -0.01956077514,    -0.01382649796,    -0.05236144455,    0.001646130913,     0.07323535863,     0.03642940422,   0.0001624760695,      0.3928625153,   0.0008273512227,     -0.3295544196,    -0.01510828387,      0.1131411271,    -0.03384194913,      0.1797602813,     0.03880805239,      -1.950137165,      -2.591201061,     -0.1861455745,      -2.160985071,      0.1678863403,      -1.189625265,     -0.3270983542,       1.533599215,     -0.3011194378,      0.3027156575,      0.1419202321,   -0.009463829867,     -0.1386894939,    -0.09458872245,     -0.8389939835,  -1.503624754e-05,       1.181054766,      0.6376907595,    -0.01705112199,      0.0068207574,    -0.03487112161,    0.001633220451,    -0.03277965877,     -0.0358409295,    -0.03588346302,    -0.03669444289,    -0.03634145846,     0.02445021973,     0.02070995973,   -0.001225910414,    -0.01956077514,    -0.01382649796,    -0.05236144455,    0.001646130913,     0.07323535863,     0.03642940422,      0.2734610061,      0.3884396632,     0.02094806284,      0.3259140993,    -0.01849668121,     0.06952281693,     0.01734491063,    -0.09055016053,     0.02024256317,      -16.03771331,       56.94963777,     -0.6007281061,       199.5530359,       0.564273147,      -1.939760433,     -0.4833678014,       2.467680482,     -0.5570102034
          0,           0,          35,      -2.675336845,     -0.3494900318,     -0.4371727548,      -0.404082954,       2.817621341,       71.11653136,     -0.2144687474,      0.8755074788,     0.06950868149,      0.3480285225,      -5.301510345,       1.311754677,     -0.2144687474,     0.06950868149,      0.8755074788,      -4.082214725,    -0.01689562601,    0.007100343416,    -0.03488031047,     0.00195272124,    -0.03202399192,    -0.03450044136,    -0.03467896322,    -0.03529986955,    -0.03524260953,       0.182573659,      0.3871830555,     0.02110451525,      0.3226646685,    -0.01856118232,     0.05538750447,    0.009725097654,     -0.1005451269,      0.0159752876,     0.01187409559,       0.020797614,     -0.0010374275,    -0.01955994038,    -0.01412330495,    -0.03805886711,    -0.00594315573,     0.08299573938,      0.0325639282,   0.0001641536794,      0.3913563171,   0.0008781489501,     -0.3263556396,    -0.01532313456,     0.09046143111,    -0.02116969586,      0.1945338985,     0.03348304319,     -0.8651742471,      -2.582224628,     -0.1871172144,      -2.139156598,      0.1673445806,     -0.9559544413,     -0.2004940466,       1.694289282,     -0.2330230324,      0.2273052638,      0.1420229059,   -0.008427123279,     -0.1381222092,     -0.0967601148,     -0.6052419666,     -0.1236158372,       1.340885343,      0.5737084154,    -0.01689562601,    0.007100343416,    -0.03488031047,     0.00195272124,    -0.03202399192,    -0.03450044136,    -0.03467896322,    -0.03529986955,    -0.03524260953,     0.01187409559,       0.020797614,     -0.0010374275,    -0.01955994038,    -0.01412330495,    -0.03805886711,    -0.00594315573,     0.08299573938,      0.0325639282,       0.182573659,      0.3871830555,     0.02110451525,      0.3226646685,    -0.01856118232,     0.05538750447,    0.009725097654,     -0.1005451269,      0.0159752876,      -10.80597184,       54.53018718,     -0.6050552579,       165.2384692,       0.579602392,      -1.605414374,     -0.2804321915,       2.848314403,     -0.4532946855
          0,           0,          40,      -2.648754092,     -0.3220485345,     -0.4213264863,     -0.3997928271,       2.842563826,       71.11653136,     -0.2146306886,      0.9562052528,     0.09074064239,      0.3438256731,      -6.370220141,       1.488054523,     -0.2146306886,     0.09074064239,      0.9562052528,      -4.455118972,    -0.01690893182,    0.007251726492,    -0.03474392565,    0.001974977451,    -0.03204129346,    -0.03469051382,    -0.03469762803,    -0.03542602628,    -0.03534907351,      0.2467739512,      0.3873247837,     0.02107459632,      0.3220315576,    -0.01842275693,      0.0588442169,     0.01344144574,    -0.09457159004,     0.01970904835,     0.03460198833,     0.02070351886,  -0.0004834469652,    -0.01944312542,    -0.01401156922,    -0.04166498825,   -0.002151522489,     0.07741532917,     0.03577445838,   0.0001624336714,      0.3913670704,   0.0002921033482,     -0.3254385052,    -0.01531915071,     0.09463426345,    -0.02621024754,       0.186079909,     0.03825779666,      -1.656564537,      -2.583232685,     -0.1867632608,      -2.134933279,      0.1664460647,      -1.014469262,     -0.2621533277,       1.595216485,     -0.2937663389,      0.4373333817,      0.1412218112,   -0.004601429558,     -0.1373177116,    -0.09599216101,      -0.665701927,    -0.06092373902,       1.247758055,      0.6262782435,    -0.01690893182,    0.007251726492,    -0.03474392565,    0.001974977451,    -0.03204129346,    -0.03469051382,    -0.03469762803,    -0.03542602628,    -0.03534907351,     0.03460198833,     0.02070351886,  -0.0004834469652,    -0.01944312542,    -0.01401156922,    -0.04166498825,   -0.002151522489,     0.07741532917,     0.03577445838,      0.2467739512,      0.3873247837,     0.02107459632,      0.3220315576,    -0.01842275693,      0.0588442169,     0.01344144574,    -0.09457159004,     0.01970904835,      -14.59429571,       53.41138888,     -0.6065692327,       163.0558149,      0.5749692021,      -1.696262477,     -0.3873880293,       2.669551173,     -0.5575548774
          0,           0,          45,      -2.737423335,     -0.3747823475,     -0.4554752304,      -0.496361315,       2.761116814,       71.11653136,     -0.2135986424,      0.8877955192,     0.06969495112,       0.341666461,      -5.317627495,       1.190742779,     -0.2135986424,     0.06969495112,      0.8877955192,       -4.15637248,    -0.01634963641,    0.007213038376,    -0.03477490596,      0.0019569375,    -0.03199496441,    -0.03460750021,    -0.03471213893,    -0.03523325149,     -0.0350962209,      0.2115028333,      0.3871018478,     0.02098792542,      0.3214559931,    -0.01828905552,     0.05253653368,    0.004881145196,     -0.1014791389,    0.009097435145,     0.01849632298,     0.02062751506,   0.0003139348857,    -0.01930504063,    -0.01363473168,    -0.03562853925,    -0.01056211829,     0.08402090732,     0.02536670072,   0.0001604039027,       0.391067921,  -0.0004681408288,       -0.32476726,    -0.01497423837,     0.08493420419,     -0.0122474047,      0.1971153484,     0.02084562736,      -1.140229757,      -2.581643282,     -0.1862363276,      -2.131079988,      0.1655206888,     -0.9105873841,      -0.121759619,       1.708592943,     -0.1202047691,      0.2323665496,      0.1407669399,    0.000646150511,     -0.1364280161,    -0.09348649965,     -0.5665079299,     -0.1987503495,       1.356715431,      0.4554205025,    -0.01634963641,    0.007213038376,    -0.03477490596,      0.0019569375,    -0.03199496441,    -0.03460750021,    -0.03471213893,    -0.03523325149,     -0.0350962209,     0.01849632298,     0.02062751506,   0.0003139348857,    -0.01930504063,    -0.01363473168,    -0.03562853925,    -0.01056211829,     0.08402090732,     0.02536670072,      0.2115028333,      0.3871018478,     0.02098792542,      0.3214559931,    -0.01828905552,     0.05253653368,    0.004881145196,     -0.1014791389,    0.009097435145,      -12.93624078,        53.6669608,     -0.6035365112,       164.2648235,      0.5716229368,      -1.518067857,     -0.1406178169,       2.880209308,     -0.2592140952
          0,           0,          50,       -2.84013326,     -0.4379600671,     -0.5100048658,     -0.6328793547,       2.664000565,       71.11653136,      -0.212390568,      0.8376312587,     0.08055988243,      0.3337166833,      -4.511380842,       1.339568163,      -0.212390568,     0.08055988243,      0.8376312587,      -3.943825127,    -0.01632667484,    0.007183269869,     -0.0347646799,    0.001964993154,    -0.03193600326,     -0.0341901079,    -0.03425524878,    -0.03507782507,    -0.03498829125,      0.2082854668,      0.3866650992,     0.02093133901,      0.3210279514,    -0.01825911953,     0.03982016247,   -0.004509756979,     -0.1126237102,   -0.003706173465,      0.0266133039,      0.0205840238,   0.0007643963811,    -0.01925795414,    -0.01325053594,    -0.02242840787,    -0.02025818639,     0.09466843629,      0.0131248064,      0.0001503863,       0.390676954,  -0.0009355321509,      -0.324362598,    -0.01456610996,     0.06395737912,     0.00349394719,      0.2146437471,   0.0006585097401,      -1.079832145,      -2.578715417,     -0.1858620265,      -2.128214259,       0.165271544,     -0.7055532125,     0.02902872716,       1.887692612,      0.0848033353,      0.3431662077,      0.1405154661,    0.003647624177,     -0.1361117255,    -0.09093899923,      -0.354323353,     -0.3537088971,        1.52796544,      0.2593564002,    -0.01632667484,    0.007183269869,     -0.0347646799,    0.001964993154,    -0.03193600326,     -0.0341901079,    -0.03425524878,    -0.03507782507,    -0.03498829125,      0.0266133039,      0.0205840238,   0.0007643963811,    -0.01925795414,    -0.01325053594,    -0.02242840787,    -0.02025818639,     0.09466843629,      0.0131248064,      0.2082854668,      0.3866650992,     0.02093133901,      0.3210279514,    -0.01825911953,     0.03982016247,   -0.004509756979,     -0.1126237102,   -0.003706173465,      -12.75737214,       53.82856364,     -0.6020863437,       163.3735725,       0.571740909,      -1.164669108,      0.1316515611,       3.210681106,      0.1059261065
          0,           0,          55,      -2.805062348,     -0.4078308892,     -0.4727601384,     -0.5761680097,       2.698731214,       71.11653136,     -0.2132720738,      0.7471508756,     0.08463879889,      0.3223439053,      -3.031615608,       1.404051462,     -0.2132720738,     0.08463879889,      0.7471508756,      -3.503275709,    -0.01625490203,    0.007263904497,    -0.03465086263,    0.002064736904,    -0.03184832949,    -0.03454501075,    -0.03456122302,    -0.03538618288,    -0.03535420442,      0.1963447219,      0.3866186348,      0.0208841808,      0.3210717889,    -0.01819236334,     0.02045815401,    -0.01995768929,     -0.1324074627,    -0.02766908943,      0.0307122396,     0.02051887639,   0.0008553968838,     -0.0192060007,    -0.01316963793,   -0.003532564752,    -0.03528260719,      0.1149090928,    -0.01116599626,   0.0001329073914,      0.3906148358,   -0.001032969917,     -0.3244013521,    -0.01446468006,     0.03246135059,     0.02930079921,      0.2453505975,    -0.03561758314,     -0.8623356008,      -2.578436743,      -0.185406753,      -2.128588786,      0.1647217977,     -0.3939668422,      0.2778550014,       2.205404735,      0.4691375821,      0.4089113679,      0.1399758848,    0.004243975973,     -0.1356439987,    -0.09038943336,    -0.04966643046,     -0.5962697507,       1.852520003,     -0.1296301559,    -0.01625490203,    0.007263904497,    -0.03465086263,    0.002064736904,    -0.03184832949,    -0.03454501075,    -0.03456122302,    -0.03538618288,    -0.03535420442,      0.0307122396,     0.02051887639,   0.0008553968838,     -0.0192060007,    -0.01316963793,   -0.003532564752,    -0.03528260719,      0.1149090928,    -0.01116599626,      0.1963447219,      0.3866186348,      0.0208841808,      0.3210717889,    -0.01819236334,     0.02045815401,    -0.01995768929,     -0.1324074627,    -0.02766908943,      -12.07910829,       53.22463077,     -0.6027030559,       155.5025186,      0.5712187619,     -0.5922173295,      0.5774590001,       3.741784278,      0.7826251469
          0,           0,          60,      -2.840564012,     -0.4450294704,     -0.5165568244,     -0.6047190811,       2.662286643,       71.11653136,     -0.2106084837,      0.6219900214,     0.07648703189,      0.3069794985,      -1.021785638,       1.237068823,     -0.2106084837,     0.07648703189,      0.6219900214,      -2.953299936,    -0.01629930599,    0.007470978565,    -0.03450513209,    0.002260881184,    -0.03167651907,    -0.03401106917,    -0.03400264412,    -0.03492340621,    -0.03492226679,      0.1713648577,      0.3869412774,     0.02094480481,      0.3214417752,     -0.0182425661,    0.003412634114,    -0.03630041111,     -0.1609974873,    -0.06657486336,     0.03211456294,     0.02058454244,   0.0008757965081,     -0.0192575205,    -0.01309161178,     0.01295230165,     -0.0510391285,      0.1438367875,    -0.05048869843,   0.0001085084461,      0.3909257095,   -0.001047831752,     -0.3247537592,    -0.01439287334,    0.004412882739,     0.05679009029,      0.2903535478,    -0.09541677607,     -0.4723228905,      -2.580603874,      -0.185656358,      -2.131069592,      0.1648726769,     -0.1192670741,      0.5422299045,       2.665496797,       1.094534773,       0.396971815,       0.140195059,    0.004388050511,     -0.1357821922,    -0.08985706185,      0.2151022735,     -0.8502718394,       2.318752109,     -0.7624293908,    -0.01629930599,    0.007470978565,    -0.03450513209,    0.002260881184,    -0.03167651907,    -0.03401106917,    -0.03400264412,    -0.03492340621,    -0.03492226679,     0.03211456294,     0.02058454244,   0.0008757965081,     -0.0192575205,    -0.01309161178,     0.01295230165,     -0.0510391285,      0.1438367875,    -0.05048869843,      0.1713648577,      0.3869412774,     0.02094480481,      0.3214417752,     -0.0182425661,    0.003412634114,    -0.03630041111,     -0.1609974873,    -0.06657486336,       -10.5136291,       51.79258301,     -0.6070054955,       142.1754391,      0.5759018552,     -0.1003389249,       1.067576127,       4.610016741,        1.90637291
          0,           0,          65,      -2.816796396,     -0.4198988361,     -0.4748131957,      -0.590124859,       2.687505617,       71.11653136,     -0.2107318645,      0.5432308645,     0.05892225641,      0.2919652853,      0.2239418785,      0.9833866068,     -0.2107318645,     0.05892225641,      0.5432308645,      -2.577829726,    -0.01617801885,    0.007278096558,    -0.03470373615,    0.002076944754,    -0.03185631768,    -0.03382600293,    -0.03388245005,    -0.03485752892,    -0.03478285121,      0.1543843809,      0.3870223456,     0.02096818829,      0.3214273703,     -0.0182673631,   -0.004645034889,    -0.04447083289,     -0.1786763687,    -0.09451182096,     0.02472456263,     0.02061669561,    0.001052185626,    -0.01928216693,    -0.01295993251,     0.02146869817,    -0.05972596807,      0.1610839694,    -0.07805578756,   8.738867251e-05,      0.3910066508,   -0.001214225736,     -0.3247376123,    -0.01426952376,   -0.009982193691,     0.07150647934,      0.3186618263,     -0.1390935043,     -0.2191795515,      -2.581079529,     -0.1860305673,      -2.130918121,      0.1652390162,    0.009775481784,       0.673274201,       2.949824365,       1.543036583,      0.3095534234,       0.140620204,    0.005552485803,     -0.1361471296,    -0.08898772705,      0.3513265157,     -0.9895514374,       2.596172346,      -1.205152074,    -0.01617801885,    0.007278096558,    -0.03470373615,    0.002076944754,    -0.03185631768,    -0.03382600293,    -0.03388245005,    -0.03485752892,    -0.03478285121,     0.02472456263,     0.02061669561,    0.001052185626,    -0.01928216693,    -0.01295993251,     0.02146869817,    -0.05972596807,      0.1610839694,    -0.07805578756,      0.1543843809,      0.3870223456,     0.02096818829,      0.3214273703,     -0.0182673631,   -0.004645034889,    -0.04447083289,     -0.1786763687,    -0.09451182096,      -9.542848372,       53.17631369,      -0.604205501,       154.7597112,      0.5734298385,      0.1373214239,       1.312503459,       5.125904626,       2.717195908
          0,           0,          70,      -2.854090908,     -0.4495265352,     -0.5243823334,      -0.626609044,       2.650710288,       71.11653136,     -0.2119511334,      0.5374320035,      0.0594903438,      0.2874438886,      0.3008422149,      0.9788960603,     -0.2119511334,      0.0594903438,      0.5374320035,      -2.535641092,     -0.0160427006,    0.007235581519,    -0.03469454004,    0.002050204957,    -0.03184707307,    -0.03423399433,    -0.03430071833,    -0.03508368257,    -0.03503421096,      0.1561183066,      0.3865091115,     0.02083319132,      0.3209856508,    -0.01813368709,   -0.007636225871,    -0.04702406269,     -0.1778056971,    -0.09641458393,     0.02791274981,     0.02046541979,   0.0009379657717,     -0.0191467938,    -0.01306132877,     0.02478325643,    -0.06259137681,      0.1601709423,    -0.07998049098,   7.797019563e-05,      0.3904975961,   -0.001114433445,     -0.3242964277,    -0.01435632372,    -0.01459040718,     0.07588833598,      0.3181517311,     -0.1428141527,     -0.2505905333,      -2.577655769,     -0.1851358741,       -2.12798978,      0.1643522961,     0.05667143825,      0.7135444359,        2.93492277,       1.572723231,      0.3454243032,      0.1396680679,    0.004780686013,     -0.1352845665,    -0.08966946179,      0.4041336568,       -1.03557174,       2.580243044,       -1.23482793,     -0.0160427006,    0.007235581519,    -0.03469454004,    0.002050204957,    -0.03184707307,    -0.03423399433,    -0.03430071833,    -0.03508368257,    -0.03503421096,     0.02791274981,     0.02046541979,   0.0009379657717,     -0.0191467938,    -0.01306132877,     0.02478325643,    -0.06259137681,      0.1601709423,    -0.07998049098,      0.1561183066,      0.3865091115,     0.02083319132,      0.3209856508,    -0.01813368709,   -0.007636225871,    -0.04702406269,     -0.1778056971,    -0.09641458393,      -9.731423064,       53.41783664,     -0.6004746364,       156.5627132,      0.5693988596,      0.2230597399,       1.370935216,        5.06804543,       2.752012427
          0,           0,          75,      -2.817325286,     -0.4110067108,     -0.4857419687,     -0.5897548035,       2.688121493,       71.11653136,     -0.2108858593,      0.5597215724,     0.06311629014,       0.288284029,    -0.05198091887,       1.040761046,     -0.2108858593,     0.06311629014,      0.5597215724,      -2.654144637,    -0.01590807599,    0.007362114305,    -0.03456066846,    0.002166322726,    -0.03171139547,    -0.03421103478,    -0.03432353164,    -0.03492495588,    -0.03477463414,      0.1624208703,      0.3863393576,     0.02086212735,      0.3208965996,    -0.01816130768,   -0.007299015203,    -0.04539478003,     -0.1714884618,    -0.08845381775,     0.02880759702,     0.02049440242,   0.0008611859561,    -0.01917497687,    -0.01309707861,     0.02414850732,     -0.0606807653,       0.154307809,    -0.07255039074,   7.610755232e-05,      0.3902997574,   -0.001030513806,     -0.3241835435,     -0.0143991584,     -0.0129585857,     0.07191433359,      0.3085428127,     -0.1299771809,      -0.340587837,      -2.576543489,     -0.1851779387,       -2.12741611,      0.1643836947,     0.05041470736,      0.6865867327,       2.832400035,       1.443959287,      0.3628463441,      0.1397178704,    0.004281273508,     -0.1353418495,     -0.0898975402,      0.3930474817,       -1.00411006,       2.485318691,      -1.115101165,    -0.01590807599,    0.007362114305,    -0.03456066846,    0.002166322726,    -0.03171139547,    -0.03421103478,    -0.03432353164,    -0.03492495588,    -0.03477463414,     0.02880759702,     0.02049440242,   0.0008611859561,    -0.01917497687,    -0.01309707861,     0.02414850732,     -0.0606807653,       0.154307809,    -0.07255039074,      0.1624208703,      0.3863393576,     0.02086212735,      0.3208965996,    -0.01816130768,   -0.007299015203,    -0.04539478003,     -0.1714884618,    -0.08845381775,      -10.20996319,       52.47668558,     -0.6036378428,       148.1296373,      0.5727060386,       0.213352658,       1.322555631,        4.91019838,       2.543630435
          0,           0,          80,      -2.847797702,     -0.4453973007,     -0.5280313485,     -0.6115496693,       2.656320226,       71.11653136,     -0.2103289509,      0.5685281531,     0.06260101134,      0.2886217509,     -0.1909612169,       1.024152883,     -0.2103289509,     0.06260101134,      0.5685281531,      -2.703042784,    -0.01603010566,    0.007354560027,    -0.03458959819,    0.002161098429,    -0.03174204223,    -0.03407612516,    -0.03424518756,    -0.03469059448,    -0.03447095608,      0.1606291021,      0.3865755572,     0.02091545314,      0.3210942025,    -0.01821390192,   -0.006315727057,    -0.04368829437,     -0.1681550228,    -0.08431321579,     0.02664228538,     0.02055274289,   0.0009297976774,    -0.01922346105,     -0.0130263925,     0.02309835065,    -0.05892138701,      0.1510588714,    -0.06850979609,   7.564723305e-05,      0.3905386372,   -0.001089506668,     -0.3243829222,    -0.01433480887,    -0.01086399375,     0.06817026859,      0.3026740149,     -0.1221655856,     -0.3122372189,      -2.578110876,     -0.1855550682,      -2.128723656,      0.1647585989,     0.03432581577,      0.6588233052,       2.778459423,        1.37729846,      0.3215292579,      0.1401099065,    0.004734236164,     -0.1356653996,    -0.08942967007,      0.3756971061,     -0.9753841646,       2.433105664,      -1.050544054,    -0.01603010566,    0.007354560027,    -0.03458959819,    0.002161098429,    -0.03174204223,    -0.03407612516,    -0.03424518756,    -0.03469059448,    -0.03447095608,     0.02664228538,     0.02055274289,   0.0009297976774,    -0.01922346105,     -0.0130263925,     0.02309835065,    -0.05892138701,      0.1510588714,    -0.06850979609,      0.1606291021,      0.3865755572,     0.02091545314,      0.3210942025,    -0.01821390192,   -0.006315727057,    -0.04368829437,     -0.1681550228,    -0.08431321579,      -10.02046434,       52.56270339,     -0.6046746489,       148.5791662,      0.5738100211,      0.1853417027,       1.275749893,        4.84727994,       2.445920432
          0,           0,          85,      -2.804532969,     -0.3948175726,     -0.4760562659,     -0.5849878826,       2.701104193,       71.11653136,     -0.2106489607,      0.5755299118,     0.06632523251,      0.2877781827,     -0.3131186683,       1.101035987,     -0.2106489607,     0.06632523251,      0.5755299118,      -2.732175415,    -0.01588865632,    0.007279699353,    -0.03465684055,    0.002084499102,    -0.03180370398,    -0.03418463344,    -0.03433151616,    -0.03467481949,    -0.03447298923,       0.161529314,      0.3865223632,     0.02087539023,       0.320994038,    -0.01817337991,   -0.006231671071,    -0.04226364645,     -0.1661799545,    -0.08154254176,       0.028209915,     0.02051179955,   0.0009381049561,    -0.01918916924,    -0.01305611765,      0.0232147814,    -0.05769108264,       0.148909196,    -0.06552219482,   7.473983632e-05,      0.3905007047,   -0.001105072639,       -0.32429066,    -0.01436009926,    -0.01074665593,     0.06576328031,       0.298757842,     -0.1168158963,     -0.3338457364,      -2.577747761,     -0.1853675454,      -2.128046179,      0.1645624137,     0.03279355335,      0.6355546476,       2.746413881,       1.332564058,       0.363351139,      0.1399209753,    0.004786339799,        -0.1355235,    -0.08963117658,      0.3775786868,     -0.9553966693,       2.398255264,      -1.002305072,    -0.01588865632,    0.007279699353,    -0.03465684055,    0.002084499102,    -0.03180370398,    -0.03418463344,    -0.03433151616,    -0.03467481949,    -0.03447298923,       0.028209915,     0.02051179955,   0.0009381049561,    -0.01918916924,    -0.01305611765,      0.0232147814,    -0.05769108264,       0.148909196,    -0.06552219482,       0.161529314,      0.3865223632,     0.02087539023,       0.320994038,    -0.01817337991,   -0.006231671071,    -0.04226364645,     -0.1661799545,    -0.08154254176,      -10.16632941,       53.09592394,     -0.6023454503,       153.9909697,      0.5714233765,       0.182294512,        1.23104515,       4.792525439,       2.365403859
          0,           0,          90,      -2.839865661,     -0.4269862462,     -0.5221377162,     -0.6088514629,       2.665455062,       71.11653136,     -0.2108016131,      0.5770420846,     0.06630204553,      0.2864300718,     -0.3342558656,       1.079645367,     -0.2108016131,     0.06630204553,      0.5770420846,      -2.737370346,     -0.0158495752,    0.007296543063,    -0.03462125278,    0.002101713191,    -0.03177134965,    -0.03429151058,     -0.0344306575,    -0.03470996685,    -0.03452555683,      0.1623571236,      0.3863179908,      0.0208383628,      0.3208020956,    -0.01813959428,   -0.006146385902,    -0.04228194117,      -0.165240581,    -0.08146498589,       0.029170519,     0.02047290299,   0.0009456415614,    -0.01914865312,    -0.01306246132,     0.02317558762,    -0.05776539202,      0.1479141296,    -0.06540022881,   7.364291915e-05,      0.3902914284,   -0.001113252453,     -0.3240950195,    -0.01436712379,    -0.01073112576,     0.06575208909,      0.2969391071,     -0.1163196742,     -0.3406552736,      -2.576389992,     -0.1850873708,      -2.126775556,      0.1643061476,     0.03127014024,      0.6359933401,       2.731253944,       1.331828754,      0.3586152973,      0.1396488237,    0.004839756152,      -0.135239419,    -0.08967178578,      0.3769765757,     -0.9568921647,       2.382146856,      -1.000778572,     -0.0158495752,    0.007296543063,    -0.03462125278,    0.002101713191,    -0.03177134965,    -0.03429151058,     -0.0344306575,    -0.03470996685,    -0.03452555683,       0.029170519,     0.02047290299,   0.0009456415614,    -0.01914865312,    -0.01306246132,     0.02317558762,    -0.05776539202,      0.1479141296,    -0.06540022881,      0.1623571236,      0.3863179908,      0.0208383628,      0.3208020956,    -0.01813959428,   -0.006146385902,    -0.04228194117,      -0.165240581,    -0.08146498589,      -10.24362619,       52.94534514,     -0.6018951115,       152.6383795,      0.5709418858,      0.1792392869,       1.228031767,       4.760609011,       2.359556032
          0,           0,          95,      -2.798024494,     -0.3845521703,     -0.4808272428,     -0.5753440452,       2.707552988,       71.11653136,     -0.2104274882,      0.5780601985,       0.066302121,      0.2858865505,      -0.351175503,       1.093241241,     -0.2104274882,       0.066302121,      0.5780601985,      -2.747075506,    -0.01579755441,    0.007322181948,    -0.03459272671,    0.002124648076,    -0.03174273167,    -0.03422891329,    -0.03437872386,    -0.03466515135,    -0.03446851691,      0.1620750325,      0.3862931515,     0.02085957796,      0.3207973291,    -0.01815913029,    -0.00627851728,    -0.04166126512,     -0.1650294962,    -0.08083648376,     0.02797381669,     0.02049538531,    0.000955188885,    -0.01917148887,    -0.01304022193,     0.02317387537,     -0.0570107588,      0.1478139256,    -0.06488760131,   7.327072276e-05,       0.390256017,   -0.001120924602,     -0.3240810297,    -0.01434631079,    -0.01083307763,     0.06449764806,      0.2967539859,     -0.1153130285,     -0.3364324063,      -2.576227337,     -0.1851919202,      -2.126747492,      0.1644002322,     0.03343304182,      0.6259093601,        2.72794941,       1.321731608,      0.3530883791,       0.139764262,    0.004904700552,      -0.135361405,    -0.08952206836,      0.3768721833,     -0.9445504965,        2.38069284,     -0.9926471541,    -0.01579755441,    0.007322181948,    -0.03459272671,    0.002124648076,    -0.03174273167,    -0.03422891329,    -0.03437872386,    -0.03466515135,    -0.03446851691,     0.02797381669,     0.02049538531,    0.000955188885,    -0.01917148887,    -0.01304022193,     0.02317387537,     -0.0570107588,      0.1478139256,    -0.06488760131,      0.1620750325,      0.3862931515,     0.02085957796,      0.3207973291,    -0.01815913029,    -0.00627851728,    -0.04166126512,     -0.1650294962,    -0.08083648376,      -10.25950146,       52.75656276,     -0.6030047337,       150.9884544,      0.5720720723,      0.1834273039,       1.211832798,        4.76067433,        2.34522663
          0,           0,         100,       -2.83083013,     -0.4228186225,     -0.5208101888,     -0.5916224274,       2.673372868,       71.11653136,     -0.2103105645,      0.5790155856,     0.06948484492,      0.2859873281,     -0.3663859461,       1.131074725,     -0.2103105645,     0.06948484492,      0.5790155856,      -2.753145506,    -0.01586676927,    0.007318856674,    -0.03460211041,    0.002123222747,    -0.03175332167,    -0.03418690219,    -0.03432355213,     -0.0346067044,    -0.03441328388,      0.1620514428,      0.3863534834,     0.02086396648,      0.3208400888,    -0.01816422467,   -0.006542468732,    -0.04120974551,     -0.1650239152,    -0.08015304196,     0.02963870057,     0.02050022495,   0.0009987247563,    -0.01917261289,    -0.01300044685,     0.02339448271,     -0.0564991688,      0.1478695363,    -0.06424459587,   7.314217676e-05,      0.3903206146,   -0.001164289929,     -0.3241277594,     -0.0143052037,    -0.01122639679,     0.06361415355,      0.2969870828,     -0.1141840153,     -0.3367089438,      -2.576627924,     -0.1852300837,      -2.127031197,      0.1644440827,      0.0377415568,      0.6185317341,       2.727929778,        1.31056505,      0.3668834852,      0.1398009669,    0.005193875448,     -0.1353705277,    -0.08925707425,      0.3804124785,     -0.9361109274,       2.381739688,     -0.9822172395,    -0.01586676927,    0.007318856674,    -0.03460211041,    0.002123222747,    -0.03175332167,    -0.03418690219,    -0.03432355213,     -0.0346067044,    -0.03441328388,     0.02963870057,     0.02050022495,   0.0009987247563,    -0.01917261289,    -0.01300044685,     0.02339448271,     -0.0564991688,      0.1478695363,    -0.06424459587,      0.1620514428,      0.3863534834,     0.02086396648,      0.3208400888,    -0.01816422467,   -0.006542468732,    -0.04120974551,     -0.1650239152,    -0.08015304196,      -10.21326018,       52.78877571,     -0.6029680338,       151.1099527,      0.5720417177,       0.191373547,       1.200625895,       4.768553319,       2.329130874
          0,           0,         105,      -3.153616171,     -0.7246366319,     -0.8556895521,     -0.9470179296,       2.350870137,       71.11653136,     -0.2103021393,      0.5779027587,     0.06694419106,      0.2852083337,     -0.3468722014,       1.100417756,     -0.2103021393,     0.06694419106,      0.5779027587,      -2.747964242,    -0.01583240656,    0.007308667788,    -0.03461463855,    0.002111286296,    -0.03176508759,    -0.03418239901,     -0.0343228705,    -0.03460162129,    -0.03440306987,      0.1612436175,      0.3863780894,     0.02086318322,      0.3208842354,    -0.01816104538,   -0.006496965593,    -0.04116364701,     -0.1651030911,    -0.08054161758,      0.0274251786,     0.02050197216,   0.0009980375209,    -0.01917600132,    -0.01297860293,     0.02336668626,    -0.05647932608,      0.1478983033,    -0.06461205642,   7.316576671e-05,      0.3903482378,   -0.001162902069,     -0.3241746037,    -0.01428177915,    -0.01123686043,     0.06348760299,      0.2969849472,     -0.1148294748,     -0.3229652295,      -2.576797045,     -0.1852391018,      -2.127331195,      0.1644359293,     0.03698067343,      0.6177851589,       2.729233222,       1.317025387,      0.3418970019,      0.1398227176,    0.005187229785,     -0.1354063895,    -0.08910888084,      0.3799298891,     -0.9357796371,       2.382232945,     -0.9883571203,    -0.01583240656,    0.007308667788,    -0.03461463855,    0.002111286296,    -0.03176508759,    -0.03418239901,     -0.0343228705,    -0.03460162129,    -0.03440306987,      0.0274251786,     0.02050197216,   0.0009980375209,    -0.01917600132,    -0.01297860293,     0.02336668626,    -0.05647932608,      0.1478983033,    -0.06461205642,      0.1612436175,      0.3863780894,     0.02086318322,      0.3208842354,    -0.01816104538,   -0.006496965593,    -0.04116364701,     -0.1651030911,    -0.08054161758,      -10.18440354,        52.8657343,     -0.6027271724,       151.9851836,      0.5717297436,      0.1900675723,       1.199306655,       4.771542055,        2.34111717
          0,           0,         110,      -4.165703224,      -1.750403472,      -1.673838339,      -2.060286223,       1.331654222,       71.11653136,     -0.2103079957,      0.5762577205,     0.06548877492,       0.284341579,     -0.3223669573,       1.081008226,     -0.2103079957,     0.06548877492,      0.5762577205,      -2.740065676,    -0.01582349273,    0.007297532995,    -0.03461258356,    0.002110072443,    -0.03176619946,    -0.03419477115,    -0.03432213581,    -0.03458902631,    -0.03440739212,      0.1604567962,      0.3862847613,      0.0208601351,      0.3208425498,    -0.01815971786,   -0.006631555375,    -0.04137253625,     -0.1650943904,    -0.08092832217,     0.02649356583,     0.02050280906,   0.0009797531357,    -0.01917370667,    -0.01297239871,     0.02348754865,    -0.05668728741,      0.1478392315,    -0.06498074048,    7.31222726e-05,       0.390257017,   -0.001152193638,     -0.3241242521,    -0.01428176743,    -0.01158629176,     0.06375096457,      0.2968177242,     -0.1154127441,     -0.3111913998,      -2.576168011,     -0.1852179034,      -2.127041879,      0.1644290117,     0.03922791047,      0.6212131237,       2.729024337,       1.323357854,      0.3309478559,      0.1398413532,    0.005069228849,      -0.135393108,    -0.08907343834,       0.381962838,     -0.9391763279,       2.381223173,     -0.9943933481,    -0.01582349273,    0.007297532995,    -0.03461258356,    0.002110072443,    -0.03176619946,    -0.03419477115,    -0.03432213581,    -0.03458902631,    -0.03440739212,     0.02649356583,     0.02050280906,   0.0009797531357,    -0.01917370667,    -0.01297239871,     0.02348754865,    -0.05668728741,      0.1478392315,    -0.06498074048,      0.1604567962,      0.3862847613,      0.0208601351,      0.3208425498,    -0.01815971786,   -0.006631555375,    -0.04137253625,     -0.1650943904,    -0.08092832217,      -10.14041584,       52.93360943,     -0.6026748933,         152.05286,      0.5716679415,      0.1939347787,       1.205418464,        4.77302798,       2.352062077
          0,           0,         115,      -3.953190181,      -1.606313148,       -1.53118258,       -1.90266676,       1.540067242,       71.11653136,     -0.2103983704,      0.5742683488,     0.06606024451,      0.2843152654,     -0.2985216653,       1.090713837,     -0.2103983704,     0.06606024451,      0.5742683488,      -2.729433445,    -0.01587821762,    0.007283061065,    -0.03461535862,    0.002098193792,    -0.03176964961,    -0.03421510861,    -0.03432474598,    -0.03456133923,    -0.03441520556,      0.1591199349,      0.3861869917,     0.02085822864,      0.3207643805,    -0.01816795734,   -0.006751803761,    -0.04134754293,     -0.1653215237,     -0.0810723591,     0.02682435727,     0.02051521719,   0.0009702946099,     -0.0191764405,    -0.01292022446,     0.02356733594,    -0.05662469049,      0.1480039036,    -0.06509950863,   7.301622343e-05,      0.3901710115,   -0.001154098372,     -0.3240407949,    -0.01422243495,     -0.0117600459,     0.06352182976,       0.297181734,      -0.115454952,     -0.2960648637,      -2.575512764,     -0.1852072111,      -2.126508197,      0.1644896437,     0.04120804979,      0.6207645965,       2.732697929,       1.325611152,      0.3370002427,      0.1399423746,    0.005016277646,     -0.1354245419,    -0.08871482319,      0.3832996351,     -0.9381037429,       2.383923285,     -0.9962248703,    -0.01587821762,    0.007283061065,    -0.03461535862,    0.002098193792,    -0.03176964961,    -0.03421510861,    -0.03432474598,    -0.03456133923,    -0.03441520556,     0.02682435727,     0.02051521719,   0.0009702946099,     -0.0191764405,    -0.01292022446,     0.02356733594,    -0.05662469049,      0.1480039036,    -0.06509950863,      0.1591199349,      0.3861869917,     0.02085822864,      0.3207643805,    -0.01816795734,   -0.006751803761,    -0.04134754293,     -0.1653215237,     -0.0810723591,      -10.02127183,        53.0253678,     -0.6025715022,        152.876432,      0.5718652097,      0.1973339859,       1.204598658,       4.783423542,       2.355713348
          0,           0,         120,      -3.852032434,      -1.509422446,      -1.454454173,      -1.731150145,       1.642224309,       71.11653136,      -0.210420594,       0.571563664,     0.06978647867,      0.2859681584,     -0.2619396435,       1.136172945,      -0.210420594,     0.06978647867,       0.571563664,      -2.716291467,    -0.01586933869,    0.007301934485,    -0.03461854546,    0.002086778012,    -0.03175894921,    -0.03425029072,    -0.03434447604,    -0.03452706251,    -0.03444064388,      0.1571468078,      0.3862509017,     0.02086035126,      0.3206066971,    -0.01817560842,   -0.006654436674,    -0.04118302831,     -0.1660730738,    -0.08121494666,     0.02980197205,     0.02052385907,    0.001032661795,    -0.01917914828,    -0.01293941709,     0.02345410238,    -0.05644239112,      0.1487533581,    -0.06521851822,   7.303135703e-05,      0.3902489379,   -0.001219060193,     -0.3238874331,    -0.01423510164,    -0.01133469858,      0.0634101215,      0.2985363885,     -0.1156240273,     -0.2702847409,      -2.575968157,     -0.1852244459,      -2.125445968,      0.1645258144,     0.03948431594,      0.6180895508,       2.744980082,       1.327903905,      0.3706831888,      0.1399747438,    0.005447063221,     -0.1354524939,    -0.08884195542,      0.3813903709,     -0.9351932573,       2.396243872,     -0.9980785869,    -0.01586933869,    0.007301934485,    -0.03461854546,    0.002086778012,    -0.03175894921,    -0.03425029072,    -0.03434447604,    -0.03452706251,    -0.03444064388,     0.02980197205,     0.02052385907,    0.001032661795,    -0.01917914828,    -0.01293941709,     0.02345410238,    -0.05644239112,      0.1487533581,    -0.06521851822,      0.1571468078,      0.3862509017,     0.02086035126,      0.3206066971,    -0.01817560842,   -0.006654436674,    -0.04118302831,     -0.1660730738,    -0.08121494666,      -9.902542938,       52.89706481,     -0.6025773465,       153.6371839,       0.572298797,      0.1942884727,       1.199116512,       4.809939269,       2.358113482
          0,           0,         125,      -3.530703082,      -1.212205692,      -1.211847638,      -1.289815972,       1.960708591,       71.11653136,     -0.2104558499,      0.5646318673,     0.06924263787,       0.285797567,     -0.1546569059,       1.118933637,     -0.2104558499,     0.06924263787,      0.5646318673,       -2.68289937,     -0.0158604256,    0.007326060273,    -0.03459818417,    0.002087728177,    -0.03174511559,    -0.03427189157,    -0.03436289811,    -0.03456546119,    -0.03446566217,      0.1539287401,       0.386338292,     0.02085978199,      0.3205075144,    -0.01817060298,     -0.0075547906,    -0.04258579836,     -0.1665573281,    -0.08213394127,     0.02996948305,     0.02051725442,    0.001265710211,    -0.01917149288,     -0.0129826526,      0.0243913984,    -0.05788504426,      0.1492892759,     -0.0661512944,   7.329859453e-05,      0.3903191104,   -0.001442672115,     -0.3237963645,    -0.01429564235,    -0.01300288514,     0.06613815733,      0.2991480787,     -0.1173435139,     -0.2242848853,      -2.576556505,     -0.1851974929,      -2.124793908,      0.1644762727,     0.05433752203,      0.6413911403,       2.752830715,       1.343140236,      0.3674835654,      0.1399076398,    0.007027480872,     -0.1353981679,    -0.08914407128,      0.3968915362,     -0.9591956324,       2.404850357,      -1.013489071,     -0.0158604256,    0.007326060273,    -0.03459818417,    0.002087728177,    -0.03174511559,    -0.03427189157,    -0.03436289811,    -0.03456546119,    -0.03446566217,     0.02996948305,     0.02051725442,    0.001265710211,    -0.01917149288,     -0.0129826526,      0.0243913984,    -0.05788504426,      0.1492892759,     -0.0661512944,      0.1539287401,       0.386338292,     0.02085978199,      0.3205075144,    -0.01817060298,     -0.0075547906,    -0.04258579836,     -0.1665573281,    -0.08213394127,      -9.705208676,       52.73479573,     -0.6029155138,       153.5197532,      0.5723905124,      0.2204369311,       1.239295889,       4.818605692,       2.383065814
          0,           0,         130,       -3.44480929,      -1.115767072,       -1.12092883,      -1.260905796,       2.048738002,       71.11653136,     -0.2105589723,      0.5661501939,     0.06228208549,      0.2856944336,     -0.1606720725,       1.025548582,     -0.2105589723,     0.06228208549,      0.5661501939,      -2.688796339,    -0.01585003636,    0.007307291148,    -0.03459448759,    0.002078815275,    -0.03175820457,    -0.03423442569,    -0.03437828902,    -0.03467099254,    -0.03445864292,      0.1587041335,       0.386397627,     0.02086582317,      0.3204529488,     -0.0181773583,   -0.008669528619,     -0.0447170688,     -0.1659686435,    -0.08273773945,     0.02507154365,     0.02051818242,    0.001306101723,    -0.01917307909,    -0.01291151836,       0.025516905,    -0.06001125819,      0.1487493316,    -0.06678412324,   7.322790825e-05,      0.3903965779,   -0.001450470635,     -0.3237290623,    -0.01422721866,     -0.0150086415,     0.06944317116,      0.2986857659,     -0.1184889162,     -0.2832732493,      -2.576949515,     -0.1852331848,      -2.124439454,      0.1645340158,     0.07257120465,      0.6760794299,       2.743158994,       1.352879686,      0.3089692191,      0.1399312924,    0.007243477634,     -0.1354187786,    -0.08865742309,      0.4152338388,     -0.9938147331,       2.395789743,      -1.023728053,    -0.01585003636,    0.007307291148,    -0.03459448759,    0.002078815275,    -0.03175820457,    -0.03423442569,    -0.03437828902,    -0.03467099254,    -0.03445864292,     0.02507154365,     0.02051818242,    0.001306101723,    -0.01917307909,    -0.01291151836,       0.025516905,    -0.06001125819,      0.1487493316,    -0.06678412324,      0.1587041335,       0.386397627,     0.02086582317,      0.3204529488,     -0.0181773583,   -0.008669528619,     -0.0447170688,     -0.1659686435,    -0.08273773945,      -10.01285611,       52.87836754,     -0.6031545668,       154.1517193,      0.5723673157,      0.2532400776,       1.300735728,       4.786959684,       2.401073648
          0,           0,         135,      -3.301618211,     -0.9331852489,       -1.07410018,      -1.075416658,       2.195630439,       71.11653136,     -0.2102810111,      0.5701247516,     0.06604464833,      0.2849879785,     -0.2393792383,       1.096359789,     -0.2102810111,     0.06604464833,      0.5701247516,      -2.711251713,    -0.01584194627,    0.007298927005,    -0.03462327106,     0.00209152059,    -0.03176837661,    -0.03412747934,    -0.03431012932,    -0.03458468999,    -0.03441556612,      0.1581651354,      0.3863760519,     0.02086476716,      0.3205600201,    -0.01817596291,   -0.007645533399,    -0.04246780728,     -0.1658361955,    -0.08171572385,     0.02718884179,     0.02050924956,   0.0009678965518,    -0.01917742182,    -0.01312173646,     0.02451646441,    -0.05773174494,      0.1486856442,    -0.06579254497,    7.29412534e-05,      0.3903942568,   -0.001166639047,     -0.3238101951,     -0.0144318623,    -0.01345596321,     0.06595843317,      0.2983996212,     -0.1169726143,     -0.2870811027,      -2.576811422,     -0.1852570265,      -2.125144084,      0.1645360905,     0.05551131124,      0.6383598421,       2.740925833,        1.33558132,      0.3462534938,      0.1398730695,    0.004983668024,     -0.1354360667,     -0.0900919829,      0.3983948336,     -0.9554863053,       2.394862825,      -1.006993746,    -0.01584194627,    0.007298927005,    -0.03462327106,     0.00209152059,    -0.03176837661,    -0.03412747934,    -0.03431012932,    -0.03458468999,    -0.03441556612,     0.02718884179,     0.02050924956,   0.0009678965518,    -0.01917742182,    -0.01312173646,     0.02451646441,    -0.05773174494,      0.1486856442,    -0.06579254497,      0.1581651354,      0.3863760519,     0.02086476716,      0.3205600201,    -0.01817596291,   -0.007645533399,    -0.04246780728,     -0.1658361955,    -0.08171572385,      -9.983945957,       52.93600712,     -0.6026226442,       153.2664902,      0.5721401231,      0.2240286581,       1.237762961,        4.79507538,       2.374382672
          0,           0,         140,      -3.179845331,     -0.8017084505,     -0.8585051591,      -0.976559893,       2.320388581,       71.11653136,     -0.2100846213,      0.5675269534,     0.07071414129,      0.2862935949,     -0.1933234718,       1.152874188,     -0.2100846213,     0.07071414129,      0.5675269534,      -2.701420741,    -0.01582350451,    0.007324348931,    -0.03459642082,    0.002079028598,     -0.0317529997,    -0.03420496627,    -0.03427712541,    -0.03447841856,    -0.03435456354,      0.1581275653,      0.3863166333,     0.02085372261,      0.3204412999,    -0.01817671617,   -0.008747709101,    -0.04344335206,     -0.1663263205,    -0.08151816981,      0.0310247678,      0.0205033164,   0.0009975546784,    -0.01917258077,    -0.01313766797,     0.02564932611,     -0.0587509651,      0.1491317342,    -0.06553134406,   7.320805122e-05,      0.3903354696,   -0.001170609358,     -0.3237116374,    -0.01445328332,     -0.0152349294,     0.06797835391,      0.2991085218,      -0.116631499,     -0.2825092156,      -2.576421532,     -0.1851547461,      -2.124345435,      0.1645262516,     0.07371519584,      0.6551995288,       2.748798804,       1.332867677,       0.390417407,      0.1398055631,    0.005205519269,     -0.1354158028,    -0.09017386773,      0.4172170392,     -0.9729933892,       2.402159163,      -1.003347444,    -0.01582350451,    0.007324348931,    -0.03459642082,    0.002079028598,     -0.0317529997,    -0.03420496627,    -0.03427712541,    -0.03447841856,    -0.03435456354,      0.0310247678,      0.0205033164,   0.0009975546784,    -0.01917258077,    -0.01313766797,     0.02564932611,     -0.0587509651,      0.1491317342,    -0.06553134406,      0.1581275653,      0.3863166333,     0.02085372261,      0.3204412999,    -0.01817671617,   -0.008747709101,    -0.04344335206,     -0.1663263205,    -0.08151816981,      -9.993207583,       52.74416018,     -0.6027710994,       154.1302992,      0.5724409139,      0.2557438307,       1.267415267,       4.824070461,       2.372848362
          0,           0,         145,      -3.226064781,     -0.8207021648,     -0.8736570405,      -1.056998545,       2.275323742,       71.11653136,     -0.2101741961,      0.5644570235,     0.06728763986,      0.2855225312,     -0.1419375014,       1.098878598,     -0.2101741961,     0.06728763986,      0.5644570235,      -2.685662816,    -0.01583217178,    0.007321619539,     -0.0345997641,    0.002091206313,    -0.03176551464,      -0.034180774,    -0.03429496679,     -0.0345246043,    -0.03438922638,      0.1574310014,       0.386358731,      0.0208628969,      0.3205624883,    -0.01818036764,   -0.009003014925,    -0.04451921575,     -0.1663476372,    -0.08270785867,     0.02967891285,     0.02051038613,   0.0009653695687,    -0.01917178741,    -0.01309901092,     0.02590097637,    -0.05986049196,      0.1490903079,    -0.06672702266,   7.300104851e-05,      0.3903682601,   -0.001134744866,     -0.3238321371,    -0.01441550844,    -0.01562076291,     0.06962726538,      0.2990879367,     -0.1186307787,     -0.2710893316,       -2.57669973,     -0.1852198155,      -2.125173095,      0.1645643573,     0.07764561649,      0.6725314173,       2.749131727,       1.352371352,      0.3707084287,      0.1398559093,    0.004980758392,     -0.1353983357,    -0.08991379242,      0.4210383296,     -0.9908950591,        2.40140042,      -1.022898061,    -0.01583217178,    0.007321619539,     -0.0345997641,    0.002091206313,    -0.03176551464,      -0.034180774,    -0.03429496679,     -0.0345246043,    -0.03438922638,     0.02967891285,     0.02051038613,   0.0009653695687,    -0.01917178741,    -0.01309901092,     0.02590097637,    -0.05986049196,      0.1490903079,    -0.06672702266,      0.1574310014,       0.386358731,      0.0208628969,      0.3205624883,    -0.01818036764,   -0.009003014925,    -0.04451921575,     -0.1663476372,    -0.08270785867,      -9.943740103,       52.76957222,     -0.6029780099,       153.2907041,      0.5723303351,       0.263394121,       1.298126807,       4.818234431,       2.405051447
          0,           0,         150,      -3.488890162,      -1.175061616,      -1.164988922,      -1.251290229,        2.00056252,       71.11653136,     -0.2102372753,      0.5660455166,     0.06623507071,      0.2860325914,     -0.1636519444,       1.080267576,     -0.2102372753,     0.06623507071,      0.5660455166,      -2.692412731,      -0.015837047,     0.00732396583,     -0.0346061355,    0.002095136274,    -0.03176895529,    -0.03418451045,    -0.03429695447,    -0.03455998571,    -0.03440278898,      0.1582079742,      0.3864346779,     0.02086481154,      0.3206590885,    -0.01817286434,   -0.008472638826,    -0.04423793335,     -0.1664437268,    -0.08279387221,     0.02891591766,     0.02051291228,   0.0009724723609,    -0.01917171022,    -0.01308382501,     0.02534278201,    -0.05957943329,      0.1491672845,     -0.0668413296,    7.29931375e-05,      0.3904414953,     -0.0011407355,     -0.3239236302,    -0.01440044901,    -0.01478614366,     0.06911984676,      0.2992502299,     -0.1186010153,     -0.2807596702,      -2.577211849,     -0.1852396923,      -2.125817413,      0.1645173258,     0.06882656365,      0.6677022674,       2.750739363,        1.35359116,       0.356789307,      0.1398701218,    0.005027080618,     -0.1353951342,    -0.08981466775,       0.411776023,     -0.9860620067,       2.402641524,      -1.024564671,      -0.015837047,     0.00732396583,     -0.0346061355,    0.002095136274,    -0.03176895529,    -0.03418451045,    -0.03429695447,    -0.03455998571,    -0.03440278898,     0.02891591766,     0.02051291228,   0.0009724723609,    -0.01917171022,    -0.01308382501,     0.02534278201,    -0.05957943329,      0.1491672845,     -0.0668413296,      0.1582079742,      0.3864346779,     0.02086481154,      0.3206590885,    -0.01817286434,   -0.008472638826,    -0.04423793335,     -0.1664437268,    -0.08279387221,       -9.98973951,       52.76303671,     -0.6029223212,       153.0492753,      0.5720321671,      0.2478502314,       1.289850193,       4.816082049,       2.406603496
          0,           0,         155,      -3.333137925,     -0.9993859253,     -0.9860390148,      -1.125839216,       2.158293151,       71.11653136,     -0.2103346335,      0.5706533862,     0.06557829454,       0.287472226,     -0.2341168473,        1.06858449,     -0.2103346335,     0.06557829454,      0.5706533862,      -2.713073814,    -0.01579766118,    0.007316087751,    -0.03461494722,    0.002094688966,    -0.03177595201,       -0.03421464,    -0.03432476856,    -0.03459793921,    -0.03441950203,      0.1604336508,      0.3864056485,     0.02086269474,      0.3207395886,    -0.01816857143,   -0.007394190576,    -0.04345249959,     -0.1663786988,    -0.08239423603,     0.02809786196,     0.02051373756,    0.001018392027,    -0.01917018418,    -0.01296968232,     0.02419461789,    -0.05875440996,      0.1491474142,    -0.06649945259,   7.321899861e-05,      0.3904062789,     -0.0011862298,     -0.3240046992,    -0.01428716777,    -0.01285670639,     0.06778178398,      0.2993201931,     -0.1177744459,     -0.3124947285,      -2.577002146,     -0.1852353612,      -2.126346908,      0.1644991729,     0.05115088691,      0.6547161001,        2.74971102,       1.346885116,      0.3437430097,      0.1398861068,     0.00533505017,     -0.1353868195,    -0.08904893065,      0.3930091505,     -0.9724781556,       2.402288982,      -1.018763904,    -0.01579766118,    0.007316087751,    -0.03461494722,    0.002094688966,    -0.03177595201,       -0.03421464,    -0.03432476856,    -0.03459793921,    -0.03441950203,     0.02809786196,     0.02051373756,    0.001018392027,    -0.01917018418,    -0.01296968232,     0.02419461789,    -0.05875440996,      0.1491474142,    -0.06649945259,      0.1604336508,      0.3864056485,     0.02086269474,      0.3207395886,    -0.01816857143,   -0.007394190576,    -0.04345249959,     -0.1663786988,    -0.08239423603,      -10.15553182,       52.81588489,      -0.602707686,       153.1203886,      0.5717711126,      0.2161118918,        1.26592258,       4.808919334,       2.393824175
          0,           0,         160,      -3.253908502,     -0.8920934608,     -0.8732039732,      -1.044630621,       2.241102817,       71.11653136,     -0.2104039394,      0.5695523274,     0.06249803696,      0.2864197016,     -0.2142067598,       1.025235972,     -0.2104039394,     0.06249803696,      0.5695523274,      -2.706947071,    -0.01581248952,    0.007320166708,     -0.0346177501,    0.002104687495,    -0.03177167007,    -0.03422169248,    -0.03438057278,    -0.03459908665,    -0.03442553197,      0.1600735305,      0.3865219233,     0.02085408877,      0.3208656128,    -0.01816015035,   -0.007882079985,    -0.04415471999,     -0.1659524412,    -0.08261343649,     0.02547830178,     0.02050188019,    0.001144423498,    -0.01915892387,    -0.01283700216,     0.02471384599,    -0.05943109313,      0.1488037999,    -0.06671719528,   7.320386394e-05,      0.3905272048,   -0.001312012307,     -0.3241398137,    -0.01416204107,    -0.01392003951,     0.06920531014,      0.2986744271,     -0.1185265378,     -0.3078804337,      -2.577787751,     -0.1851817167,       -2.12718999,      0.1644378349,     0.05954958369,      0.6665351609,        2.74269309,       1.350617462,      0.3106142066,       0.139805573,    0.006182136604,     -0.1353012392,    -0.08817220805,      0.4019433519,     -0.9839883711,       2.396606581,      -1.022454059,    -0.01581248952,    0.007320166708,     -0.0346177501,    0.002104687495,    -0.03177167007,    -0.03422169248,    -0.03438057278,    -0.03459908665,    -0.03442553197,     0.02547830178,     0.02050188019,    0.001144423498,    -0.01915892387,    -0.01283700216,     0.02471384599,    -0.05943109313,      0.1488037999,    -0.06671719528,      0.1600735305,      0.3865219233,     0.02085408877,      0.3208656128,    -0.01816015035,   -0.007882079985,    -0.04415471999,     -0.1659524412,    -0.08261343649,      -10.12323394,        52.8023389,     -0.6024102869,       152.4528528,      0.5715831213,      0.2303240843,       1.284292739,       4.796439944,       2.399772255
          0,           0,         165,      -3.459425509,      -1.128032614,      -1.125641119,      -1.233948937,       2.031046476,       71.11653136,     -0.2102807356,      0.5663201543,     0.06379050057,      0.2853871571,     -0.1626769392,       1.045875898,     -0.2102807356,     0.06379050057,      0.5663201543,      -2.693162322,    -0.01577894431,    0.007317585198,    -0.03461839528,    0.002106291721,    -0.03177546747,     -0.0342015683,    -0.03436259226,    -0.03457052979,    -0.03439711512,      0.1580303489,      0.3865837263,     0.02085082341,      0.3209065675,    -0.01815579138,   -0.008546999922,      -0.044750088,     -0.1657751268,    -0.08282330574,      0.0269856097,     0.02050117947,    0.001204138069,    -0.01915924285,    -0.01282805528,      0.0253746847,    -0.05998787456,      0.1486348365,    -0.06693477521,   7.291081918e-05,      0.3905852283,    -0.00137307924,     -0.3241895897,    -0.01414372323,    -0.01482228404,     0.06995460102,      0.2981635893,     -0.1188604961,     -0.2768013666,      -2.578199636,      -0.185161111,      -2.127465694,      0.1644133296,     0.07049321714,      0.6762539599,       2.739782585,       1.354007777,      0.3353431789,      0.1398040418,    0.006577946628,     -0.1353022143,    -0.08811960287,      0.4127870768,      -0.993051795,       2.393869318,      -1.026032051,    -0.01577894431,    0.007317585198,    -0.03461839528,    0.002106291721,    -0.03177546747,     -0.0342015683,    -0.03436259226,    -0.03457052979,    -0.03439711512,      0.0269856097,     0.02050117947,    0.001204138069,    -0.01915924285,    -0.01282805528,      0.0253746847,    -0.05998787456,      0.1486348365,    -0.06693477521,      0.1580303489,      0.3865837263,     0.02085082341,      0.3209065675,    -0.01815579138,   -0.008546999922,      -0.044750088,     -0.1657751268,    -0.08282330574,      -10.01526755,       52.82941241,     -0.6023047354,       152.3561833,      0.5713776325,      0.2499008188,       1.302290807,       4.795272962,       2.407856166
          0,           0,         170,      -3.334871877,      -1.011199305,     -0.9561162484,      -1.118506472,       2.156082584,       71.11653136,      -0.209983523,      0.5661886861,     0.07222998627,      0.2864393792,     -0.1588340811,       1.170290006,      -0.209983523,     0.07222998627,      0.5661886861,      -2.696348161,    -0.01579350876,    0.007314913137,    -0.03461438271,    0.002122376101,     -0.0317674001,     -0.0341508397,    -0.03425691781,    -0.03449646892,    -0.03434129425,       0.158265104,       0.386449024,     0.02084842192,      0.3208804852,    -0.01815947347,   -0.009122840054,    -0.04379766773,     -0.1670575547,    -0.08211681309,      0.0319184819,     0.02049845676,    0.001174621699,    -0.01915830909,    -0.01278067832,     0.02589743167,    -0.05898045088,      0.1499153179,    -0.06625488537,   7.290540476e-05,      0.3904426018,   -0.001349555124,     -0.3241644909,    -0.01408299752,    -0.01552842784,     0.06813938531,      0.3005207512,     -0.1176107933,      -0.276901978,      -2.577272879,      -0.185141157,      -2.127287932,      0.1644312153,     0.07975238706,      0.6603055955,       2.761015398,       1.342265268,      0.4017253003,      0.1397873577,    0.006367900795,     -0.1352777593,    -0.08779484458,       0.421100025,     -0.9760199263,       2.415202171,      -1.014800218,    -0.01579350876,    0.007314913137,    -0.03461438271,    0.002122376101,     -0.0317674001,     -0.0341508397,    -0.03425691781,    -0.03449646892,    -0.03434129425,      0.0319184819,     0.02049845676,    0.001174621699,    -0.01915830909,    -0.01278067832,     0.02589743167,    -0.05898045088,      0.1499153179,    -0.06625488537,       0.158265104,       0.386449024,     0.02084842192,      0.3208804852,    -0.01815947347,   -0.009122840054,    -0.04379766773,     -0.1670575547,    -0.08211681309,      -10.02089569,        52.8302957,     -0.6023051774,       151.1892662,      0.5716386427,      0.2671336967,       1.278505789,       4.842743616,       2.391197388
          0,           0,         175,       -3.59682167,      -1.271824234,      -1.257639743,      -1.398364413,       1.893964269,       71.11653136,     -0.2097626319,      0.5662637873,     0.07191277167,      0.2876885947,     -0.1639784449,       1.173427309,     -0.2097626319,     0.07191277167,      0.5662637873,      -2.699545587,    -0.01576413157,    0.007330120775,    -0.03460652371,    0.002129917972,    -0.03175028791,    -0.03411596743,    -0.03420642391,    -0.03445958477,    -0.03431975139,      0.1583297467,      0.3864386768,     0.02084600177,      0.3209036404,    -0.01815565255,      -0.009020508,    -0.04329987298,     -0.1678467249,    -0.08193151986,     0.03024466303,     0.02049367358,    0.001144734511,    -0.01915823344,    -0.01277311401,     0.02580620855,    -0.05849868486,      0.1507058514,    -0.06605232711,    7.32546543e-05,      0.3904429859,   -0.001323273901,     -0.3241966857,    -0.01407454725,    -0.01552478018,      0.0676560438,      0.3018878763,     -0.1172522789,     -0.2820303127,      -2.577213887,     -0.1851164129,      -2.127454021,      0.1643855195,     0.07800157158,      0.6523193338,       2.773845877,       1.339283886,      0.3827097564,      0.1397386491,    0.006168972951,     -0.1352679356,    -0.08773979427,      0.4194691979,     -0.9682078332,       2.428123753,      -1.011567457,    -0.01576413157,    0.007330120775,    -0.03460652371,    0.002129917972,    -0.03175028791,    -0.03411596743,    -0.03420642391,    -0.03445958477,    -0.03431975139,     0.03024466303,     0.02049367358,    0.001144734511,    -0.01915823344,    -0.01277311401,     0.02580620855,    -0.05849868486,      0.1507058514,    -0.06605232711,      0.1583297467,      0.3864386768,     0.02084600177,      0.3209036404,    -0.01815565255,      -0.009020508,    -0.04329987298,     -0.1678467249,    -0.08193151986,      -10.04367072,       52.71927825,     -0.6023720251,       150.6647883,      0.5718263911,      0.2644072169,        1.26584039,       4.870828423,       2.387299341
          0,           0,         180,      -3.476872457,      -1.176179522,      -1.157719818,      -1.226256432,       2.011293953,       71.11653136,     -0.2098557103,       0.566137048,     0.06689406498,      0.2856857749,     -0.1631667842,       1.090904007,     -0.2098557103,     0.06689406498,       0.566137048,      -2.697744307,    -0.01579738628,    0.007332825978,    -0.03459500281,    0.002122681305,    -0.03175829028,    -0.03412617698,    -0.03422398056,    -0.03447675586,    -0.03433362486,      0.1581871241,      0.3864210955,     0.02084827381,      0.3209020619,    -0.01816318436,   -0.008496934285,    -0.04376702492,     -0.1669635054,    -0.08283085823,     0.02806312303,     0.02050119152,    0.001132113472,     -0.0191687931,    -0.01274762034,     0.02530152649,    -0.05901782492,      0.1497719115,     -0.0669415627,   7.334278908e-05,       0.390430769,   -0.001315587704,     -0.3242006309,    -0.01403897241,    -0.01490943638,     0.06840601718,      0.3000445891,     -0.1188043157,     -0.2808258514,      -2.577113607,     -0.1851169266,      -2.127452426,      0.1644450702,     0.06939432126,      0.6603015603,       2.758942779,       1.354258296,      0.3478710393,       0.139784312,    0.006095456463,     -0.1353472172,    -0.08755950808,      0.4111743055,     -0.9770766255,       2.412342599,      -1.026380355,    -0.01579738628,    0.007332825978,    -0.03459500281,    0.002122681305,    -0.03175829028,    -0.03412617698,    -0.03422398056,    -0.03447675586,    -0.03433362486,     0.02806312303,     0.02050119152,    0.001132113472,     -0.0191687931,    -0.01274762034,     0.02530152649,    -0.05901782492,      0.1497719115,     -0.0669415627,      0.1581871241,      0.3864210955,     0.02084827381,      0.3209020619,    -0.01816318436,   -0.008496934285,    -0.04376702492,     -0.1669635054,    -0.08283085823,      -10.01349978,       52.69743161,     -0.6026383035,       151.1776926,       0.571919464,      0.2489858237,       1.278840866,        4.84278469,       2.412528784
          0,           0,         185,      -3.348201925,      -1.010506491,     -0.9939440116,      -1.145498756,       2.142967168,       71.11653136,     -0.2100878012,       0.567262948,      0.0651034902,      0.2865745973,     -0.1749295649,       1.053752109,     -0.2100878012,      0.0651034902,       0.567262948,       -2.70012321,     -0.0157593982,    0.007337319823,    -0.03458916252,    0.002129816095,    -0.03176023409,    -0.03418802496,    -0.03430226621,    -0.03455021202,    -0.03440563906,      0.1592913606,      0.3864799575,     0.02085655125,      0.3208995444,    -0.01816758019,   -0.007865079318,    -0.04449453952,     -0.1663245053,    -0.08341276142,     0.02872339423,     0.02050857436,    0.001230592713,    -0.01916469002,    -0.01272205402,     0.02471456161,    -0.05981528738,      0.1491024687,    -0.06747406996,   7.281517091e-05,       0.390475531,    -0.00140209119,     -0.3241712435,    -0.01404488352,    -0.01361439319,      0.0696063274,       0.299344126,     -0.1196915909,     -0.2927906327,      -2.577507777,     -0.1851653708,      -2.127418028,      0.1644728728,     0.05896656343,      0.6721391607,       2.748619595,       1.363754052,      0.3519959627,      0.1398288317,    0.006761570446,     -0.1353095831,    -0.08740760041,      0.4015945306,     -0.9901952825,       2.401405202,      -1.034921523,     -0.0157593982,    0.007337319823,    -0.03458916252,    0.002129816095,    -0.03176023409,    -0.03418802496,    -0.03430226621,    -0.03455021202,    -0.03440563906,     0.02872339423,     0.02050857436,    0.001230592713,    -0.01916469002,    -0.01272205402,     0.02471456161,    -0.05981528738,      0.1491024687,    -0.06747406996,      0.1592913606,      0.3864799575,     0.02085655125,      0.3208995444,    -0.01816758019,   -0.007865079318,    -0.04449453952,     -0.1663245053,    -0.08341276142,       -10.1077058,        52.6731786,     -0.6029793649,        150.670072,      0.5720228678,      0.2300536322,       1.297131194,       4.813993765,       2.424392155
          0,           0,         190,       -3.48695393,      -1.159868365,      -1.146137145,      -1.278291398,       2.001980027,       71.11653136,     -0.2101471106,       0.566533114,     0.06297886426,      0.2869855411,     -0.1662036647,       1.026962518,     -0.2101471106,     0.06297886426,       0.566533114,      -2.695888192,    -0.01578140515,    0.007338462554,    -0.03460406207,    0.002129974555,    -0.03175575393,    -0.03417808092,    -0.03432710686,    -0.03456798215,     -0.0344011566,      0.1587492494,      0.3865855472,     0.02086215393,      0.3209209836,     -0.0181621576,   -0.008189549274,    -0.04494901633,     -0.1662146819,    -0.08306941492,     0.02650712163,     0.02051045768,     0.00126119378,    -0.01916278906,    -0.01275775145,     0.02505823134,    -0.06028127656,      0.1489853171,    -0.06714164022,    7.32220717e-05,      0.3905792402,   -0.001424827501,     -0.3242023028,     -0.0140648803,    -0.01439900122,     0.07061014503,      0.2989923661,     -0.1191784206,     -0.2883969992,      -2.578212973,     -0.1852195743,      -2.127565168,      0.1644314892,     0.06449374913,      0.6794491372,       2.746954314,        1.35786236,      0.3230240235,      0.1398429968,    0.006954227108,     -0.1352964739,    -0.08764574376,      0.4074142465,     -0.9977137708,       2.399613231,      -1.029230218,    -0.01578140515,    0.007338462554,    -0.03460406207,    0.002129974555,    -0.03175575393,    -0.03417808092,    -0.03432710686,    -0.03456798215,     -0.0344011566,     0.02650712163,     0.02051045768,     0.00126119378,    -0.01916278906,    -0.01275775145,     0.02505823134,    -0.06028127656,      0.1489853171,    -0.06714164022,      0.1587492494,      0.3865855472,     0.02086215393,      0.3209209836,     -0.0181621576,   -0.008189549274,    -0.04494901633,     -0.1662146819,    -0.08306941492,      -10.05925948,       52.67936497,      -0.602881647,       150.6689283,      0.5719328108,      0.2396140758,       1.309432121,       4.808342043,       2.414727385
          0,           0,         195,       -3.41551008,       -1.09280242,      -1.076726483,      -1.189437681,       2.074466678,       71.11653136,     -0.2101136628,      0.5670430066,     0.06422174794,      0.2855023865,      -0.173029293,       1.045694692,     -0.2101136628,     0.06422174794,      0.5670430066,      -2.698744094,    -0.01578281676,    0.007329301955,     -0.0346138664,    0.002127105489,    -0.03176317426,    -0.03416138169,    -0.03431898681,    -0.03456071849,    -0.03436912583,      0.1586958609,      0.3865774201,     0.02086018886,      0.3209565168,    -0.01816120889,   -0.008538411245,     -0.0447500149,     -0.1658230025,    -0.08277434241,     0.02734594167,     0.02050976583,    0.001224980204,    -0.01916825435,    -0.01273458446,     0.02537553124,    -0.06004222578,      0.1485874849,    -0.06687689134,    7.32190768e-05,      0.3905747824,   -0.001396540113,     -0.3242388674,    -0.01403911471,    -0.01497023793,     0.06994999229,      0.2982308657,     -0.1186817128,     -0.2861124524,      -2.578150451,     -0.1852165447,      -2.127808176,      0.1644354614,     0.07025939283,      0.6759944211,       2.740541214,       1.353027841,      0.3347935968,      0.1398459411,    0.006705377842,     -0.1353382741,    -0.08748321045,      0.4126180125,     -0.9935846123,       2.393106656,      -1.024968796,    -0.01578281676,    0.007329301955,     -0.0346138664,    0.002127105489,    -0.03176317426,    -0.03416138169,    -0.03431898681,    -0.03456071849,    -0.03436912583,     0.02734594167,     0.02050976583,    0.001224980204,    -0.01916825435,    -0.01273458446,     0.02537553124,    -0.06004222578,      0.1485874849,    -0.06687689134,      0.1586958609,      0.3865774201,     0.02086018886,      0.3209565168,    -0.01816120889,   -0.008538411245,     -0.0447500149,     -0.1658230025,    -0.08277434241,      -10.05497709,       52.74409793,     -0.6026541103,       150.8888574,      0.5717693309,      0.2499433812,       1.303943358,       4.798019537,       2.408392428
          0,           0,         200,      -3.301552173,     -0.9681854836,     -0.9079256615,      -1.089119768,       2.191152369,       71.11653136,     -0.2101079151,      0.5674420934,      0.0688238069,      0.2867154522,     -0.1803168206,       1.119553877,     -0.2101079151,      0.0688238069,      0.5674420934,      -2.700717358,    -0.01578721963,    0.007317608988,    -0.03461500595,    0.002122834756,    -0.03176333686,    -0.03416918712,    -0.03430229742,    -0.03454293915,    -0.03436837271,      0.1592338565,       0.386432588,     0.02085059877,      0.3208982492,    -0.01816350712,   -0.008629485207,    -0.04377375617,     -0.1669547921,    -0.08245165846,     0.02941015336,     0.02050056095,    0.001173601336,    -0.01916306913,    -0.01275319448,     0.02545861482,    -0.05903027425,      0.1497647521,    -0.06653733785,   7.272572788e-05,      0.3904342851,   -0.001347344099,     -0.3241744134,     -0.0140730024,    -0.01490194936,     0.06849575097,      0.3003979623,     -0.1181885625,     -0.2938472883,       -2.57716524,      -0.185154444,       -2.12739922,      0.1644508346,      0.0716256624,      0.6600104008,        2.75931454,       1.347847934,      0.3662858178,      0.1397955851,    0.006359860084,      -0.135307649,    -0.08762372887,       0.413879518,      -0.976993767,       2.412651033,      -1.019492792,    -0.01578721963,    0.007317608988,    -0.03461500595,    0.002122834756,    -0.03176333686,    -0.03416918712,    -0.03430229742,    -0.03454293915,    -0.03436837271,     0.02941015336,     0.02050056095,    0.001173601336,    -0.01916306913,    -0.01275319448,     0.02545861482,    -0.05903027425,      0.1497647521,    -0.06653733785,      0.1592338565,       0.386432588,     0.02085059877,      0.3208982492,    -0.01816350712,   -0.008629485207,    -0.04377375617,     -0.1669547921,    -0.08245165846,      -10.08625079,        52.8085866,     -0.6023572205,       151.1649686,      0.5718387587,      0.2525516682,       1.276117329,       4.833253806,       2.399056224
          0,           0,         205,      -3.158517335,     -0.7662216996,      -0.753194988,     -0.9790500986,       2.343125356,       71.11653136,     -0.2099670974,      0.5649183118,     0.06637223114,      0.2857339896,     -0.1395373051,       1.089772914,     -0.2099670974,     0.06637223114,      0.5649183118,      -2.690508745,    -0.01572521097,    0.007328432379,    -0.03461013677,    0.002112957966,    -0.03176994157,     -0.0341485138,    -0.03426866367,    -0.03451649861,    -0.03436952239,      0.1582043232,      0.3865387157,     0.02084496315,      0.3208883496,     -0.0181512184,   -0.008978949851,    -0.04460237329,     -0.1667464265,    -0.08307907192,     0.02825524966,     0.02048870096,    0.001190048418,    -0.01915524914,    -0.01281072518,     0.02584121681,    -0.05986191418,      0.1495791047,    -0.06715420094,   7.304268955e-05,      0.3905449955,   -0.001366391542,       -0.32418005,    -0.01411391965,    -0.01566850048,     0.06991231796,      0.2997827839,     -0.1192502887,     -0.2785671776,      -2.577901806,     -0.1851125327,      -2.127354738,      0.1643776016,     0.07738698409,      0.6738753572,       2.755538697,        1.35822031,      0.3579737472,      0.1397062306,    0.006481729784,     -0.1352655707,    -0.08799415045,      0.4201462885,     -0.9908616375,       2.409280792,      -1.029694515,    -0.01572521097,    0.007328432379,    -0.03461013677,    0.002112957966,    -0.03176994157,     -0.0341485138,    -0.03426866367,    -0.03451649861,    -0.03436952239,     0.02825524966,     0.02048870096,    0.001190048418,    -0.01915524914,    -0.01281072518,     0.02584121681,    -0.05986191418,      0.1495791047,    -0.06715420094,      0.1582043232,      0.3865387157,     0.02084496315,      0.3208883496,     -0.0181512184,   -0.008978949851,    -0.04460237329,     -0.1667464265,    -0.08307907192,      -10.06055331,       52.74507504,     -0.6022791326,       151.8668874,      0.5713330745,      0.2629382322,       1.301549827,        4.83091951,       2.417230911
          0,           0,         210,      -3.057682183,     -0.6406717994,     -0.6288185367,     -0.8807209451,       2.449468801,       71.11653136,     -0.2098784194,      0.5703107717,     0.06842180986,      0.2862754417,     -0.2187352076,        1.10469633,     -0.2098784194,     0.06842180986,      0.5703107717,      -2.717338797,    -0.01581584649,    0.007353777184,    -0.03460553658,    0.002138524794,    -0.03175938015,     -0.0341299374,    -0.03423261916,     -0.0344975018,    -0.03432989983,      0.1607206668,      0.3866985721,     0.02084447447,      0.3210043288,    -0.01813931037,   -0.008486397574,    -0.04409750601,     -0.1660853324,    -0.08214872406,     0.03019755356,     0.02048424187,    0.001202371065,    -0.01914714806,    -0.01288868809,     0.02534263502,    -0.05940576221,      0.1488789429,    -0.06624233618,   7.290737721e-05,      0.3906906091,   -0.001374423863,     -0.3242870725,    -0.01419855054,    -0.01474032852,     0.06913498136,      0.2987455189,     -0.1177681996,      -0.313197742,      -2.578956342,     -0.1851053476,      -2.128129647,      0.1642875285,     0.06916855946,      0.6654772267,       2.744781578,       1.342938979,      0.3704445913,      0.1396531053,    0.006558361259,     -0.1351871582,    -0.08851760335,      0.4117986636,     -0.9831885154,       2.397923575,      -1.014788689,    -0.01581584649,    0.007353777184,    -0.03460553658,    0.002138524794,    -0.03175938015,     -0.0341299374,    -0.03423261916,     -0.0344975018,    -0.03432989983,     0.03019755356,     0.02048424187,    0.001202371065,    -0.01914714806,    -0.01288868809,     0.02534263502,    -0.05940576221,      0.1488789429,    -0.06624233618,      0.1607206668,      0.3866985721,     0.02084447447,      0.3210043288,    -0.01813931037,   -0.008486397574,    -0.04409750601,     -0.1660853324,    -0.08214872406,       -10.1620022,       52.58502704,     -0.6023450733,       150.1054978,      0.5711481235,      0.2486496671,       1.288172132,       4.814416224,       2.392920587
          0,           0,         215,      -2.940273981,     -0.4743799263,     -0.5535007037,     -0.8046480458,       2.574656612,       71.11653136,     -0.2099787942,      0.5697289184,     0.06401449198,      0.2866005046,     -0.2085119954,       1.058653069,     -0.2099787942,     0.06401449198,      0.5697289184,      -2.713268835,     -0.0157040191,    0.007348616334,    -0.03460100562,     0.00213483363,    -0.03175117452,    -0.03419380587,     -0.0343117543,    -0.03454317343,    -0.03435731134,      0.1604801949,       0.386658596,     0.02084495056,      0.3209538218,    -0.01814368142,   -0.008102526838,    -0.04423355718,     -0.1661270827,    -0.08260179673,     0.02694302737,     0.02048661581,     0.00112662209,    -0.01915607193,    -0.01300055238,     0.02491308676,     -0.0595503771,      0.1489195404,    -0.06666739905,   7.308037054e-05,       0.390643579,   -0.001302668887,     -0.3242391728,    -0.01430584091,      -0.013979402,      0.0692651505,      0.2989085321,     -0.1184627527,     -0.3083124314,      -2.578673033,     -0.1851019382,      -2.127786658,      0.1643076921,     0.06298852221,       0.667759833,       2.745707756,       1.350598262,      0.3413983925,      0.1396751668,    0.006053730633,     -0.1352481537,     -0.0892621851,      0.4049709546,     -0.9857486212,         2.3987565,      -1.021942716,     -0.0157040191,    0.007348616334,    -0.03460100562,     0.00213483363,    -0.03175117452,    -0.03419380587,     -0.0343117543,    -0.03454317343,    -0.03435731134,     0.02694302737,     0.02048661581,     0.00112662209,    -0.01915607193,    -0.01300055238,     0.02491308676,     -0.0595503771,      0.1489195404,    -0.06666739905,      0.1604801949,       0.386658596,     0.02084495056,      0.3209538218,    -0.01814368142,   -0.008102526838,    -0.04423355718,     -0.1661270827,    -0.08260179673,      -10.21905245,       52.61651696,      -0.602437709,       150.3413743,       0.571433394,      0.2369589062,       1.289166295,       4.809259433,        2.40419851
          0,           0,         220,      -2.919596253,     -0.4588667963,     -0.5331281449,     -0.7424329523,       2.595172598,       71.11653136,     -0.2101124599,      0.5650282782,     0.06492035801,      0.2862784449,     -0.1348019837,       1.057171403,     -0.2101124599,     0.06492035801,      0.5650282782,      -2.689170735,    -0.01583542283,    0.007341633717,    -0.03460287768,    0.002131462642,    -0.03175732445,    -0.03416864025,    -0.03429648312,    -0.03454453353,    -0.03438027445,      0.1578898845,      0.3866128023,     0.02084476606,      0.3209185776,    -0.01814418621,   -0.008945432732,    -0.04501006645,     -0.1663038624,    -0.08283420457,     0.02799468238,     0.02048622941,    0.001049910477,    -0.01915221956,     -0.0130762677,     0.02568746782,    -0.06026335996,      0.1491138014,    -0.06691988626,   7.295697036e-05,      0.3905972366,   -0.001225498406,     -0.3242029392,    -0.01438336956,    -0.01533440833,     0.07055695507,      0.2990606201,     -0.1188631084,     -0.2682604481,       -2.57837137,     -0.1851032793,      -2.127556603,      0.1643162948,      0.0768250565,      0.6804407457,       2.748558951,       1.354348669,      0.3407430751,      0.1396834428,    0.005543442671,      -0.135226327,    -0.08976474364,      0.4176359472,     -0.9973621875,       2.401899326,      -1.025980573,    -0.01583542283,    0.007341633717,    -0.03460287768,    0.002131462642,    -0.03175732445,    -0.03416864025,    -0.03429648312,    -0.03454453353,    -0.03438027445,     0.02799468238,     0.02048622941,    0.001049910477,    -0.01915221956,     -0.0130762677,     0.02568746782,    -0.06026335996,      0.1491138014,    -0.06691988626,      0.1578898845,      0.3866128023,     0.02084476606,      0.3209185776,    -0.01814418621,   -0.008945432732,    -0.04501006645,     -0.1663038624,    -0.08283420457,      -9.970676897,       52.66032292,     -0.6023997846,       150.5626096,      0.5713386289,      0.2618024208,       1.312381398,       4.814187524,       2.409352628
          0,           0,         225,      -2.864296323,     -0.4148913554,     -0.4989602032,     -0.7352855043,       2.647020781,       71.11653136,     -0.2098662349,       0.568028515,     0.06492656398,      0.2864671339,     -0.1917291574,       1.072532873,     -0.2098662349,     0.06492656398,       0.568028515,      -2.706621745,    -0.01572054387,    0.007340303237,    -0.03460126727,     0.00212410879,    -0.03175067492,    -0.03413538416,    -0.03425357285,    -0.03452153119,    -0.03434767272,      0.1592281878,      0.3865862926,     0.02084446415,      0.3208548708,    -0.01813961344,   -0.008571738752,    -0.04461025369,     -0.1658703404,    -0.08229335395,     0.02787009585,     0.02048816322,    0.001050156391,    -0.01915181726,    -0.01310342522,     0.02533667956,    -0.05985951361,      0.1487203066,    -0.06642408155,    7.30533311e-05,      0.3905651132,   -0.001219642623,     -0.3241357228,    -0.01441035116,    -0.01475206815,     0.06994978792,      0.2984705981,     -0.1180736339,     -0.2967787643,      -2.578191965,     -0.1850999566,      -2.127128856,      0.1642793184,     0.07055567619,      0.6738122842,       2.741402917,       1.345420189,      0.3537907491,      0.1396986785,    0.005545924018,      -0.135231113,    -0.08994246431,      0.4117005587,     -0.9906109187,       2.395416748,      -1.017835289,    -0.01572054387,    0.007340303237,    -0.03460126727,     0.00212410879,    -0.03175067492,    -0.03413538416,    -0.03425357285,    -0.03452153119,    -0.03434767272,     0.02787009585,     0.02048816322,    0.001050156391,    -0.01915181726,    -0.01310342522,     0.02533667956,    -0.05985951361,      0.1487203066,    -0.06642408155,      0.1592281878,      0.3865862926,     0.02084446415,      0.3208548708,    -0.01813961344,   -0.008571738752,    -0.04461025369,     -0.1658703404,    -0.08229335395,      -10.12866915,       52.66625643,      -0.602419096,       151.0538784,      0.5713142631,      0.2511100714,       1.302353301,       4.804837292,       2.395893155
          0,           0,         230,       -2.91939429,     -0.4743171055,     -0.5367913273,      -0.734535466,        2.59412852,       71.11653136,     -0.2100490925,      0.5685839904,     0.06472764317,      0.2863476863,     -0.1924303198,       1.047223613,     -0.2100490925,     0.06472764317,      0.5685839904,      -2.706910007,     -0.0158509677,    0.007329836855,    -0.03459880362,    0.002122437732,    -0.03175124851,    -0.03414297725,    -0.03428089281,     -0.0345132392,    -0.03436323799,      0.1598491024,      0.3864708679,     0.02084581329,      0.3207736799,    -0.01814501723,   -0.008384009779,    -0.04473970024,     -0.1656419296,    -0.08244481625,     0.02824438185,     0.02048935091,    0.001125868131,    -0.01915002891,    -0.01302288416,     0.02515466244,    -0.06002597134,      0.1484620582,    -0.06654979395,   7.289792762e-05,      0.3904525612,   -0.001295968678,     -0.3240542533,    -0.01433822895,    -0.01446583692,     0.07015757365,      0.2980102695,      -0.118191328,     -0.2968853881,      -2.577422167,     -0.1851058766,      -2.126587466,      0.1643150244,     0.06757729465,      0.6759963142,       2.737728144,         1.3479538,      0.3393495897,      0.1397170788,    0.006048026002,     -0.1352203073,    -0.08941269356,       0.408817213,     -0.9934347551,       2.391284286,      -1.019924824,     -0.0158509677,    0.007329836855,    -0.03459880362,    0.002122437732,    -0.03175124851,    -0.03414297725,    -0.03428089281,     -0.0345132392,    -0.03436323799,     0.02824438185,     0.02048935091,    0.001125868131,    -0.01915002891,    -0.01302288416,     0.02515466244,    -0.06002597134,      0.1484620582,    -0.06654979395,      0.1598491024,      0.3864708679,     0.02084581329,      0.3207736799,    -0.01814501723,   -0.008384009779,    -0.04473970024,     -0.1656419296,    -0.08244481625,      -10.08450117,       52.72571212,      -0.602500986,       151.1345539,      0.5714741336,       0.245555908,       1.305091454,       4.799373615,       2.399215588
          0,           0,         235,      -3.203410873,     -0.7646362473,     -0.8827938503,      -1.056736049,       2.300595546,       71.11653136,     -0.2099477396,       0.567632432,     0.06427203607,      0.2863027656,     -0.1800632921,       1.049184992,     -0.2099477396,     0.06427203607,       0.567632432,      -2.703684418,    -0.01576225521,    0.007326445396,    -0.03459930578,    0.002113624132,    -0.03175397195,    -0.03413817093,    -0.03427427489,    -0.03450050064,    -0.03435932969,      0.1594557595,       0.386427765,     0.02084548309,      0.3207398907,    -0.01814249186,   -0.008438613795,    -0.04499592914,     -0.1656512466,     -0.0826081848,     0.02808808162,     0.02049125918,    0.001166640787,    -0.01915602596,    -0.01302197132,     0.02524849068,    -0.06029387332,      0.1484574755,    -0.06670804105,   7.298826327e-05,      0.3903875923,   -0.001339829685,     -0.3240133156,    -0.01433529211,    -0.01450793199,     0.07065400721,      0.2979672678,     -0.1185827206,     -0.2929818304,      -2.577123727,      -0.185103977,      -2.126356587,      0.1643005218,     0.06846116036,      0.6802419599,       2.737840077,       1.350659109,      0.3467095567,      0.1397330994,    0.006322427395,     -0.1352714981,    -0.08941177916,       0.410335066,     -0.9978614373,       2.391194826,      -1.022565268,    -0.01576225521,    0.007326445396,    -0.03459930578,    0.002113624132,    -0.03175397195,    -0.03413817093,    -0.03427427489,    -0.03450050064,    -0.03435932969,     0.02808808162,     0.02049125918,    0.001166640787,    -0.01915602596,    -0.01302197132,     0.02524849068,    -0.06029387332,      0.1484574755,    -0.06670804105,      0.1594557595,       0.386427765,     0.02084548309,      0.3207398907,    -0.01814249186,   -0.008438613795,    -0.04499592914,     -0.1656512466,     -0.0826081848,      -10.11630363,       52.74423599,     -0.6024826978,       151.7487834,      0.5713455906,      0.2471899802,       1.312819288,       4.801415735,       2.404243201
          0,           0,         240,      -4.140011983,      -1.762448319,      -1.694916093,       -2.10177535,       1.354771134,       71.11653136,     -0.2099417354,      0.5681291794,      0.0652538622,      0.2857507734,     -0.1894720281,       1.068018945,     -0.2099417354,      0.0652538622,      0.5681291794,      -2.706127861,    -0.01576258778,    0.007313807103,    -0.03460011639,     0.00211193634,    -0.03175697726,    -0.03412865546,    -0.03426759647,    -0.03450282555,    -0.03434871991,      0.1597673444,      0.3863175153,      0.0208449454,      0.3207058788,    -0.01814799489,   -0.008450659526,    -0.04467214727,     -0.1657218807,    -0.08251382223,     0.02851549696,     0.02048864268,    0.001145807695,    -0.01915684328,    -0.01297128626,     0.02528927028,    -0.05994504968,      0.1485185955,    -0.06663077171,   7.295529069e-05,      0.3902782642,   -0.001320702879,      -0.323976258,    -0.01427619661,     -0.0145124384,      0.0698567949,      0.2980965426,     -0.1184681877,     -0.2978383284,      -2.576379556,     -0.1851017668,      -2.126124375,      0.1643422406,     0.06865100775,      0.6748456495,       2.739033551,        1.34909955,      0.3566033765,       0.139728264,    0.006181751578,     -0.1352779786,    -0.08906438518,      0.4109812413,      -0.992038292,       2.392219029,      -1.021314061,    -0.01576258778,    0.007313807103,    -0.03460011639,     0.00211193634,    -0.03175697726,    -0.03412865546,    -0.03426759647,    -0.03450282555,    -0.03434871991,     0.02851549696,     0.02048864268,    0.001145807695,    -0.01915684328,    -0.01297128626,     0.02528927028,    -0.05994504968,      0.1485185955,    -0.06663077171,      0.1597673444,      0.3863175153,      0.0208449454,      0.3207058788,    -0.01814799489,   -0.008450659526,    -0.04467214727,     -0.1657218807,    -0.08251382223,      -10.13585755,        52.8203041,     -0.6024530428,       151.8539517,      0.5714648072,      0.2476118502,       1.303626512,       4.803139396,       2.402238641
          0,           0,         245,      -3.951962297,       -1.61967596,      -1.526985928,      -1.933213918,       1.541582719,       71.11653136,     -0.2099983351,      0.5703426436,     0.06723842275,      0.2850328783,     -0.2270732338,       1.102184947,     -0.2099983351,     0.06723842275,      0.5703426436,      -2.715938882,    -0.01580939223,    0.007292348985,    -0.03460778689,    0.002099571043,    -0.03175593726,    -0.03411304904,     -0.0342668074,    -0.03451050859,    -0.03432677377,      0.1604432173,        0.38623445,     0.02085019919,      0.3206636147,    -0.01815803311,    -0.00834492483,    -0.04368460244,     -0.1657126988,     -0.0819485784,     0.02900285018,     0.02050202082,    0.001089991649,    -0.01916579589,    -0.01288560324,     0.02519338769,    -0.05890591811,      0.1484945736,    -0.06608708394,   7.286147832e-05,      0.3902223536,   -0.001269602989,     -0.3239379306,    -0.01418089161,    -0.01432487135,     0.06784180412,      0.2979397136,      -0.117330558,     -0.3086808352,       -2.57583089,     -0.1851452817,      -2.125843182,      0.1644067473,     0.06692526688,      0.6584801161,       2.738896258,       1.339718567,      0.3663019121,      0.1398431303,    0.005806705543,     -0.1353499517,    -0.08847276566,      0.4093880391,     -0.9748204617,       2.391819883,      -1.012331544,    -0.01580939223,    0.007292348985,    -0.03460778689,    0.002099571043,    -0.03175593726,    -0.03411304904,     -0.0342668074,    -0.03451050859,    -0.03432677377,     0.02900285018,     0.02050202082,    0.001089991649,    -0.01916579589,    -0.01288560324,     0.02519338769,    -0.05890591811,      0.1484945736,    -0.06608708394,      0.1604432173,        0.38623445,     0.02085019919,      0.3206636147,    -0.01815803311,    -0.00834492483,    -0.04368460244,     -0.1657126988,     -0.0819485784,      -10.14860122,       52.96433986,     -0.6024713242,       152.7281564,      0.5717996279,      0.2446255924,       1.274837248,       4.801804018,       2.387307906
          0,           0,         250,       -3.91146197,      -1.573829748,      -1.491915114,      -1.843765129,       1.583095681,       71.11653136,     -0.2099875426,      0.5717573953,     0.06846417787,      0.2859747753,      -0.255653172,       1.119907788,     -0.2099875426,     0.06846417787,      0.5717573953,      -2.722815784,    -0.01581462331,    0.007305440352,     -0.0346077141,    0.002094920491,    -0.03174887418,    -0.03410890341,    -0.03427362833,    -0.03452187347,    -0.03431228663,      0.1599454297,      0.3862959231,     0.02085322005,      0.3205720288,    -0.01816529637,   -0.008014105462,    -0.04277636054,     -0.1657567537,    -0.08119669023,     0.02891839711,     0.02050992222,    0.001066073329,    -0.01916960846,    -0.01289258312,     0.02481138347,     -0.0579873473,      0.1485510131,    -0.06534307248,   7.286925105e-05,      0.3903085542,   -0.001253529686,      -0.323841552,     -0.0141900435,    -0.01373514936,     0.06644443744,      0.2980532145,     -0.1158840256,     -0.3054558518,      -2.576273686,     -0.1851645571,       -2.12522283,      0.1644462642,      0.0615022422,      0.6435803538,       2.739625959,       1.327308934,      0.3622537478,      0.1398774104,    0.005651904832,     -0.1353807435,    -0.08852529721,       0.403119566,     -0.9597718039,       2.392742869,      -1.000059866,    -0.01581462331,    0.007305440352,     -0.0346077141,    0.002094920491,    -0.03174887418,    -0.03410890341,    -0.03427362833,    -0.03452187347,    -0.03431228663,     0.02891839711,     0.02050992222,    0.001066073329,    -0.01916960846,    -0.01289258312,     0.02481138347,     -0.0579873473,      0.1485510131,    -0.06534307248,      0.1599454297,      0.3862959231,     0.02085322005,      0.3205720288,    -0.01816529637,   -0.008014105462,    -0.04277636054,     -0.1657567537,    -0.08119669023,      -10.11376791,       52.87784233,     -0.6025598798,       153.0234824,      0.5721556069,      0.2349564091,       1.248083807,       4.801499371,       2.366402773
          0,           0,         255,      -4.090652583,      -1.761305474,      -1.649439991,       -2.08161532,       1.401378093,       71.11653136,     -0.2099764286,      0.5691557851,     0.06724070669,      0.2870538035,     -0.2233220815,       1.098531503,     -0.2099764286,     0.06724070669,      0.5691557851,      -2.710569891,    -0.01579496029,    0.007326486293,    -0.03459779655,    0.002098278299,     -0.0317411205,    -0.03412693083,    -0.03427569888,    -0.03453635458,    -0.03432833152,       0.157505344,      0.3863739287,     0.02085179793,      0.3205046457,    -0.01816279816,   -0.007858044084,     -0.0429876727,     -0.1658712936,    -0.08120012271,     0.02796902723,     0.02050713206,    0.001154958759,    -0.01916314656,    -0.01298546405,     0.02462772108,     -0.0582264386,       0.148687704,    -0.06533078722,   7.314013266e-05,      0.3903752619,   -0.001349149055,     -0.3237705407,    -0.01429862269,    -0.01357597331,     0.06719681504,      0.2983680905,     -0.1159652183,     -0.2762975916,      -2.576808388,      -0.185144121,      -2.124764788,      0.1644195936,     0.05899745149,      0.6473004457,       2.741524343,       1.327450974,      0.3455799736,      0.1398344877,    0.006269154599,      -0.135332264,    -0.08917375198,      0.4002137156,      -0.963957351,       2.394982216,     -0.9998846772,    -0.01579496029,    0.007326486293,    -0.03459779655,    0.002098278299,     -0.0317411205,    -0.03412693083,    -0.03427569888,    -0.03453635458,    -0.03432833152,     0.02796902723,     0.02050713206,    0.001154958759,    -0.01916314656,    -0.01298546405,     0.02462772108,     -0.0582264386,       0.148687704,    -0.06533078722,       0.157505344,      0.3863739287,     0.02085179793,      0.3205046457,    -0.01816279816,   -0.007858044084,     -0.0429876727,     -0.1658712936,    -0.08120012271,      -9.971873378,       52.73659341,     -0.6026915008,       152.7464902,      0.5722166665,      0.2302593258,       1.254173484,       4.802802602,       2.365396718
          0,           0,         260,       -3.90636371,      -1.567750743,      -1.482608113,      -1.862016972,       1.588605478,       71.11653136,     -0.2100651515,      0.5648255091,     0.06530801483,      0.2864601302,     -0.1601868525,       1.060471459,     -0.2100651515,     0.06530801483,      0.5648255091,       -2.68881109,    -0.01580073316,    0.007332609752,    -0.03458934014,    0.002088265824,    -0.03174684564,      -0.034160802,    -0.03427926992,    -0.03454501142,    -0.03436402482,      0.1550856034,      0.3864068327,     0.02085253363,      0.3204565689,    -0.01816247099,   -0.008143850274,    -0.04401194069,     -0.1657380883,    -0.08191967935,     0.02757661845,     0.02050604066,    0.001297899319,    -0.01916335468,    -0.01308933979,     0.02491343589,    -0.05927664905,      0.1485735569,    -0.06603019289,    7.34035235e-05,      0.3903716674,   -0.001485457487,     -0.3237287693,    -0.01440009281,    -0.01418491336,     0.06901668414,      0.2980599706,     -0.1172623625,     -0.2448815426,      -2.577008419,      -0.185138225,      -2.124448611,      0.1644226296,     0.06380160386,      0.6643855706,       2.739314742,       1.339365399,      0.3333346278,      0.1398258173,    0.007244290488,     -0.1353432079,    -0.08987519744,       0.405090589,     -0.9814746403,       2.393061676,      -1.011392495,    -0.01580073316,    0.007332609752,    -0.03458934014,    0.002088265824,    -0.03174684564,      -0.034160802,    -0.03427926992,    -0.03454501142,    -0.03436402482,     0.02757661845,     0.02050604066,    0.001297899319,    -0.01916335468,    -0.01308933979,     0.02491343589,    -0.05927664905,      0.1485735569,    -0.06603019289,      0.1550856034,      0.3864068327,     0.02085253363,      0.3204565689,    -0.01816247099,   -0.008143850274,    -0.04401194069,     -0.1657380883,    -0.08191967935,      -9.815089074,       52.69704046,     -0.6028601165,       153.4558317,      0.5721031687,       0.238397514,       1.283922931,       4.797743046,       2.383879065
          0,           0,         265,      -3.944348744,      -1.607023858,      -1.547669938,      -1.830949807,       1.549098268,       71.11653136,     -0.2101698485,      0.5643569784,     0.06404689206,      0.2855209723,     -0.1479930084,       1.041096379,     -0.2101698485,     0.06404689206,      0.5643569784,      -2.685242352,    -0.01580709152,    0.007326475217,    -0.03459120994,    0.002081178671,    -0.03175304527,    -0.03419742048,    -0.03429399752,    -0.03454621085,    -0.03438852685,      0.1558791004,      0.3863970207,     0.02085599282,      0.3204327728,    -0.01816555337,   -0.008586884476,    -0.04475121642,      -0.165354005,    -0.08235024909,      0.0273666247,     0.02050812789,    0.001322673307,    -0.01916582667,    -0.01305960889,     0.02535051752,    -0.06002475772,      0.1482018923,     -0.0664527504,   7.294856954e-05,      0.3903537664,   -0.001485040513,     -0.3237091986,    -0.01434412377,     -0.0148193452,     0.06997781904,      0.2973821185,     -0.1179079721,     -0.2531556036,      -2.576922604,     -0.1851628204,      -2.124298333,      0.1644489497,      0.0710966786,      0.6765264302,       2.732991193,       1.346483101,       0.331755015,       0.139847123,    0.007384752877,     -0.1353667576,    -0.08964219437,      0.4123391008,     -0.9937879294,       2.386920767,      -1.018353498,    -0.01580709152,    0.007326475217,    -0.03459120994,    0.002081178671,    -0.03175304527,    -0.03419742048,    -0.03429399752,    -0.03454621085,    -0.03438852685,      0.0273666247,     0.02050812789,    0.001322673307,    -0.01916582667,    -0.01305960889,     0.02535051752,    -0.06002475772,      0.1482018923,     -0.0664527504,      0.1558791004,      0.3863970207,     0.02085599282,      0.3204327728,    -0.01816555337,   -0.008586884476,    -0.04475121642,      -0.165354005,    -0.08235024909,       -9.86133978,       52.73982499,     -0.6029275314,       153.9669694,       0.572088542,      0.2510974323,       1.304928549,       4.786458515,       2.394701275
          0,           0,         270,      -4.175108355,      -1.851393733,      -1.740841627,      -2.174420065,        1.31582893,       71.11653136,     -0.2102225444,      0.5663410058,     0.06334573672,      0.2856598186,     -0.1739065638,       1.039208396,     -0.2102225444,     0.06334573672,      0.5663410058,      -2.694006998,    -0.01580160798,    0.007318749596,    -0.03459929699,    0.002082972856,    -0.03175000862,      -0.034216245,    -0.03430854751,    -0.03454305344,    -0.03440550729,      0.1576845546,      0.3863688285,     0.02085728591,      0.3204584131,    -0.01816586209,   -0.008729831301,    -0.04482731077,     -0.1651378045,    -0.08216726765,     0.02658154359,     0.02050946628,    0.001233694063,    -0.01916535581,    -0.01293877288,     0.02549351149,    -0.06009909079,      0.1479930662,    -0.06626232538,   7.262971869e-05,      0.3903507601,   -0.001379786476,     -0.3237277262,    -0.01422146205,    -0.01489441867,     0.06995650198,      0.2970988493,      -0.117595529,     -0.2759668844,      -2.576733123,     -0.1851812399,      -2.124476298,      0.1644460874,     0.07336610234,      0.6776617551,       2.729436562,       1.343540474,      0.3288434964,      0.1398603317,    0.006751951726,     -0.1353620723,    -0.08880601901,      0.4146240203,     -0.9949186279,        2.38348619,      -1.015270875,    -0.01580160798,    0.007318749596,    -0.03459929699,    0.002082972856,    -0.03175000862,      -0.034216245,    -0.03430854751,    -0.03454305344,    -0.03440550729,     0.02658154359,     0.02050946628,    0.001233694063,    -0.01916535581,    -0.01293877288,     0.02549351149,    -0.06009909079,      0.1479930662,    -0.06626232538,      0.1576845546,      0.3863688285,     0.02085728591,      0.3204584131,    -0.01816586209,   -0.008729831301,    -0.04482731077,     -0.1651378045,    -0.08216726765,      -9.979019525,       52.79164473,     -0.6028239799,       153.8466582,      0.5721529812,      0.2551370351,        1.30659308,       4.780637148,       2.388201021
          0,           0,         275,      -3.977756741,      -1.641212857,      -1.562921738,      -1.951182974,       1.516160557,       71.11653136,     -0.2102345146,      0.5682647466,     0.06316056113,      0.2861573408,     -0.2024127809,       1.046223449,     -0.2102345146,     0.06316056113,      0.5682647466,       -2.70300406,    -0.01579875516,    0.007306425258,    -0.03461267788,    0.002086173862,    -0.03174852907,    -0.03420329816,     -0.0343173983,    -0.03452706881,    -0.03441938633,      0.1588032442,      0.3863127522,     0.02085699018,      0.3205249434,    -0.01816683118,   -0.008634772867,    -0.04451403235,     -0.1651552991,    -0.08176224791,     0.02577129103,     0.02051047452,    0.001087746742,    -0.01916482833,    -0.01282440275,     0.02539979223,    -0.05977513045,      0.1480156454,    -0.06586002727,   7.304646036e-05,      0.3903298779,   -0.001242025973,     -0.3237814458,    -0.01413501773,    -0.01463037505,     0.06942918492,      0.2971365215,     -0.1170224254,     -0.2910870358,      -2.576366997,     -0.1851946423,      -2.124925215,      0.1644511686,     0.07169089174,      0.6723623902,       2.729717724,       1.336938935,      0.3253233785,      0.1398749167,    0.005753651767,     -0.1353566334,     -0.0880440314,      0.4129271578,     -0.9894529552,       2.383897436,      -1.008699472,    -0.01579875516,    0.007306425258,    -0.03461267788,    0.002086173862,    -0.03174852907,    -0.03420329816,     -0.0343173983,    -0.03452706881,    -0.03441938633,     0.02577129103,     0.02051047452,    0.001087746742,    -0.01916482833,    -0.01282440275,     0.02539979223,    -0.05977513045,      0.1480156454,    -0.06586002727,      0.1588032442,      0.3863127522,     0.02085699018,      0.3205249434,    -0.01816683118,   -0.008634772867,    -0.04451403235,     -0.1651552991,    -0.08176224791,      -10.05163018,       52.87301772,     -0.6025823905,       153.6424884,      0.5722101689,      0.2524543928,       1.297127246,       4.783357081,       2.375470821
          0,           0,         280,      -4.812089798,      -2.478218289,      -2.353584194,      -2.775614135,      0.6767937128,       71.11653136,     -0.2101871971,      0.5687450276,     0.06366702857,       0.286192765,     -0.2115919782,       1.056488404,     -0.2101871971,     0.06366702857,      0.5687450276,      -2.705897578,    -0.01580287587,    0.007296731276,    -0.03461985266,    0.002088273403,    -0.03175225712,    -0.03416467466,    -0.03431157356,    -0.03450792614,    -0.03441304181,      0.1587326718,      0.3862724368,     0.02085552837,      0.3205634316,    -0.01816792184,   -0.008476276949,    -0.04414635208,     -0.1653017268,    -0.08158676336,     0.02583034958,      0.0205105193,    0.001008664564,    -0.01916421986,    -0.01282090616,     0.02524308621,    -0.05939403251,      0.1481553038,    -0.06570173632,   7.348828674e-05,      0.3903097031,   -0.001185362188,     -0.3238129542,    -0.01415611966,    -0.01438749196,     0.06882480275,      0.2972882515,     -0.1167615526,     -0.2909764433,      -2.576110799,     -0.1851921507,      -2.125178443,      0.1644641811,     0.06903368753,      0.6662224697,       2.732127338,       1.334018182,      0.3274492271,      0.1398833016,    0.005234454404,     -0.1353516601,    -0.08804954678,      0.4102282602,     -0.9830777076,       2.386251501,      -1.006079425,    -0.01580287587,    0.007296731276,    -0.03461985266,    0.002088273403,    -0.03175225712,    -0.03416467466,    -0.03431157356,    -0.03450792614,    -0.03441304181,     0.02583034958,      0.0205105193,    0.001008664564,    -0.01916421986,    -0.01282090616,     0.02524308621,    -0.05939403251,      0.1481553038,    -0.06570173632,      0.1587326718,      0.3862724368,     0.02085552837,      0.3205634316,    -0.01816792184,   -0.008476276949,    -0.04414635208,     -0.1653017268,    -0.08158676336,      -10.04454336,       52.93773639,     -0.6024152839,       153.5064475,      0.5721773343,      0.2481006195,       1.286631521,       4.790253871,        2.37080941
          0,           0,         285,      -4.266519949,      -1.949236963,      -1.828688074,      -2.278564811,       1.223549981,       71.11653136,     -0.2100783982,      0.5690148659,     0.06475239283,      0.2859367131,     -0.2170360359,       1.070434483,     -0.2100783982,     0.06475239283,      0.5690148659,      -2.708583419,    -0.01580810813,    0.007291242332,    -0.03462017091,    0.002088975083,    -0.03176078837,    -0.03411013147,    -0.03428764599,    -0.03449145619,     -0.0343803145,      0.1586828765,      0.3862575873,     0.02085308721,      0.3205584048,    -0.01816839952,   -0.008301567387,    -0.04380698734,     -0.1654615745,    -0.08159856115,      0.0267094581,     0.02050821073,    0.001008299291,    -0.01916290355,    -0.01290577563,     0.02507641597,    -0.05903924526,      0.1482958295,    -0.06573789631,   7.340251152e-05,      0.3903005234,   -0.001207212115,     -0.3238083424,    -0.01425112906,    -0.01419796562,     0.06826145678,      0.2974767826,     -0.1167108029,      -0.290816737,       -2.57602866,     -0.1851751503,      -2.125132185,      0.1644790801,     0.06616982209,      0.6605926283,       2.734776316,        1.33409885,      0.3370297039,        0.13987351,    0.005263338491,     -0.1353426237,    -0.08865553976,      0.4074126705,     -0.9771517388,       2.388625225,      -1.006620063,    -0.01580810813,    0.007291242332,    -0.03462017091,    0.002088975083,    -0.03176078837,    -0.03411013147,    -0.03428764599,    -0.03449145619,     -0.0343803145,      0.0267094581,     0.02050821073,    0.001008299291,    -0.01916290355,    -0.01290577563,     0.02507641597,    -0.05903924526,      0.1482958295,    -0.06573789631,      0.1586828765,      0.3862575873,     0.02085308721,      0.3205584048,    -0.01816839952,   -0.008301567387,    -0.04380698734,     -0.1654615745,    -0.08159856115,      -10.03806876,       52.97555199,     -0.6023392334,       153.4524789,      0.5720386821,      0.2433754146,       1.277631814,       4.797175672,       2.373409387
          0,           0,         290,      -3.982849008,      -1.647495566,      -1.567595225,      -1.967722264,       1.510819396,       71.11653136,     -0.2099395315,      0.5697042427,     0.06570562938,      0.2858472898,     -0.2264095108,        1.07949099,     -0.2099395315,     0.06570562938,      0.5697042427,       -2.71365873,    -0.01580698049,    0.007296466661,    -0.03461094864,    0.002085140222,    -0.03176984086,    -0.03406993369,    -0.03424606469,    -0.03449343111,    -0.03432393896,      0.1592168267,      0.3862926116,     0.02084936749,      0.3204869329,    -0.01816657579,    -0.00805527794,     -0.0436468946,     -0.1655020413,    -0.08177070638,     0.02795635014,     0.02050226717,    0.001091761016,    -0.01916141183,     -0.0130429894,     0.02483821545,    -0.05886953947,      0.1483169237,    -0.06592594741,    7.27555246e-05,      0.3903247187,   -0.001289334101,     -0.3237453412,    -0.01437275985,    -0.01388451468,     0.06804473042,      0.2976035683,     -0.1169065333,     -0.2973266481,      -2.576277244,     -0.1851399449,      -2.124639088,      0.1644778168,      0.0622004028,      0.6579997117,       2.735477847,       1.336817635,      0.3502429797,      0.1398294806,    0.005851054406,     -0.1353355656,    -0.08959174157,       0.403519509,     -0.9743329658,       2.388995962,      -1.009687722,    -0.01580698049,    0.007296466661,    -0.03461094864,    0.002085140222,    -0.03176984086,    -0.03406993369,    -0.03424606469,    -0.03449343111,    -0.03432393896,     0.02795635014,     0.02050226717,    0.001091761016,    -0.01916141183,     -0.0130429894,     0.02483821545,    -0.05886953947,      0.1483169237,    -0.06592594741,      0.1592168267,      0.3862926116,     0.02084936749,      0.3204869329,    -0.01816657579,    -0.00805527794,     -0.0436468946,     -0.1655020413,    -0.08177070638,      -10.07256426,       52.94242125,     -0.6023922577,       153.7004224,      0.5718182811,      0.2364336254,       1.274508326,       4.798074184,       2.382322917
          0,           0,         295,      -4.058239471,       -1.72737415,      -1.634358713,      -2.053397412,       1.434250156,       71.11653136,     -0.2098697245,       0.570352994,     0.06583988558,      0.2862177833,     -0.2344507094,       1.078454642,     -0.2098697245,     0.06583988558,       0.570352994,      -2.717652559,    -0.01579857829,    0.007309002466,    -0.03460058486,    0.002078181955,    -0.03177179875,    -0.03407721294,    -0.03421550239,    -0.03450881962,    -0.03428441212,      0.1596095986,      0.3863544531,     0.02084611309,      0.3204100287,      -0.018162749,    -0.00778548434,    -0.04365577314,     -0.1654324815,    -0.08183071153,     0.02851965363,     0.02049580232,    0.001164051625,    -0.01916093628,    -0.01312670892,     0.02457091888,    -0.05888277003,      0.1482423568,    -0.06598248242,   7.264970935e-05,      0.3903691706,   -0.001340162116,     -0.3236784649,    -0.01443211159,     -0.0134654867,     0.06814319297,      0.2975859661,     -0.1170369708,     -0.3012271746,      -2.576693078,      -0.185107992,      -2.124123038,      0.1644529688,     0.05785696389,      0.6582529427,       2.734356305,       1.337781393,      0.3561031538,      0.1397736902,    0.006333384241,      -0.135338205,    -0.09013668387,      0.3992383708,     -0.9746092874,       2.387739259,      -1.010649039,    -0.01579857829,    0.007309002466,    -0.03460058486,    0.002078181955,    -0.03177179875,    -0.03407721294,    -0.03421550239,    -0.03450881962,    -0.03428441212,     0.02851965363,     0.02049580232,    0.001164051625,    -0.01916093628,    -0.01312670892,     0.02457091888,    -0.05888277003,      0.1482423568,    -0.06598248242,      0.1596095986,      0.3863544531,     0.02084611309,      0.3204100287,      -0.018162749,    -0.00778548434,    -0.04365577314,     -0.1654324815,    -0.08183071153,      -10.10278239,       52.86007973,     -0.6024786336,       154.1780439,      0.5716625973,      0.2284659944,       1.275906244,       4.793918868,       2.386819738
          0,           0,         300,      -3.964401818,      -1.626397327,      -1.554995489,      -1.929124361,        1.52980297,       71.11653136,     -0.2098938701,      0.5701070959,     0.06560993498,      0.2866965561,     -0.2298825873,       1.074114572,     -0.2098938701,     0.06560993498,      0.5701070959,      -2.716168393,    -0.01579093903,    0.007320171059,    -0.03459579353,    0.002074508177,    -0.03176803111,    -0.03411827988,    -0.03421524443,    -0.03451609819,    -0.03428416321,      0.1592355049,      0.3864016931,     0.02084518881,      0.3204040355,    -0.01815908956,   -0.007678184451,    -0.04373022022,     -0.1654329435,    -0.08177888859,     0.02840445105,     0.02049185211,     0.00116059441,    -0.01916138635,    -0.01311977707,     0.02446355154,     -0.0589760055,       0.148254674,     -0.0659080192,   7.325970856e-05,      0.3903996507,   -0.001320591453,     -0.3236778984,    -0.01441077255,    -0.01326260316,     0.06831832459,      0.2976007787,      -0.117023592,     -0.2951982927,      -2.576998142,     -0.1850981021,      -2.124100358,      0.1644233995,     0.05616908077,      0.6595991457,       2.734349398,       1.336971284,       0.353696191,      0.1397362061,    0.006286695059,     -0.1353451579,    -0.09005910966,      0.3976321547,     -0.9762652395,       2.387893111,      -1.009460279,    -0.01579093903,    0.007320171059,    -0.03459579353,    0.002074508177,    -0.03176803111,    -0.03411827988,    -0.03421524443,    -0.03451609819,    -0.03428416321,     0.02840445105,     0.02049185211,     0.00116059441,    -0.01916138635,    -0.01311977707,     0.02446355154,     -0.0589760055,       0.148254674,     -0.0659080192,      0.1592355049,      0.3864016931,     0.02084518881,      0.3204040355,    -0.01815908956,   -0.007678184451,    -0.04373022022,     -0.1654329435,    -0.08177888859,      -10.08397946,       52.78588301,     -0.6025353572,       154.4481911,      0.5716152034,      0.2250460597,       1.278091709,       4.792921338,       2.385325495
          0,           0,         305,      -3.791667618,      -1.449391314,      -1.455897351,      -1.552283421,       1.701144328,       71.11653136,     -0.2100087611,      0.5684369683,      0.0653219568,      0.2863571035,     -0.2046405561,       1.069414194,     -0.2100087611,      0.0653219568,      0.5684369683,      -2.706729783,       -0.01578479,    0.007323987559,    -0.03459991221,    0.002086948827,    -0.03176018185,    -0.03416585847,    -0.03426215099,    -0.03450620913,     -0.0343405948,      0.1580681345,       0.386388209,     0.02084867706,      0.3205482942,    -0.01815698523,   -0.007971628897,    -0.04389642538,     -0.1654845415,    -0.08190676535,     0.02803152683,     0.02049290231,    0.001056008702,    -0.01916054574,    -0.01301245596,     0.02475081763,    -0.05917287859,      0.1483295831,    -0.06599300146,   7.341937196e-05,      0.3903809393,   -0.001223399351,     -0.3238159375,    -0.01431465387,    -0.01366119971,     0.06852244263,      0.2975899211,     -0.1171944284,     -0.2795865755,      -2.576888978,     -0.1851265229,      -2.125092251,      0.1644023127,     0.06100521926,      0.6623472333,       2.735145031,       1.339153975,      0.3476504276,      0.1397399528,    0.005566172273,     -0.1353289215,    -0.08932147041,      0.4024552535,      -0.979600877,       2.389095027,      -1.010841371,       -0.01578479,    0.007323987559,    -0.03459991221,    0.002086948827,    -0.03176018185,    -0.03416585847,    -0.03426215099,    -0.03450620913,     -0.0343405948,     0.02803152683,     0.02049290231,    0.001056008702,    -0.01916054574,    -0.01301245596,     0.02475081763,    -0.05917287859,      0.1483295831,    -0.06599300146,      0.1580681345,       0.386388209,     0.02084867706,      0.3205482942,    -0.01815698523,   -0.007971628897,    -0.04389642538,     -0.1654845415,    -0.08190676535,      -10.01395232,       52.75653541,     -0.6025644496,        153.596624,      0.5716902164,      0.2333214868,       1.281192923,       4.795790254,        2.38512949
          0,           0,         310,      -3.544623217,      -1.231507104,      -1.218700288,      -1.336943766,       1.946023775,       71.11653136,     -0.2101023046,      0.5671507932,     0.06492459055,      0.2860574796,     -0.1836589744,       1.062278403,     -0.2101023046,     0.06492459055,      0.5671507932,      -2.699403009,    -0.01577894854,    0.007320049992,    -0.03460491088,    0.002108204941,     -0.0317534072,    -0.03417734453,    -0.03431280441,    -0.03450214136,    -0.03440100262,      0.1575775544,      0.3863139685,     0.02085307787,      0.3207182325,    -0.01815812764,   -0.008325200947,    -0.04428346662,     -0.1654332499,     -0.0821119949,     0.02788368357,     0.02049697012,   0.0009714954446,    -0.01915896188,    -0.01290997869,     0.02511400067,    -0.05957691107,      0.1482741186,    -0.06616982617,   7.287066043e-05,       0.390317614,   -0.001151970926,     -0.3239741176,    -0.01423197284,    -0.01417228949,     0.06913680018,      0.2975014158,     -0.1174408701,     -0.2724412528,      -2.576384986,     -0.1851602327,      -2.126222341,      0.1644039761,     0.06671658265,      0.6685918202,       2.734276059,         1.3425614,      0.3448122766,      0.1397689106,    0.005013491352,     -0.1352978925,     -0.0886466009,       0.408325567,     -0.9862165381,        2.38819717,      -1.013677981,    -0.01577894854,    0.007320049992,    -0.03460491088,    0.002108204941,     -0.0317534072,    -0.03417734453,    -0.03431280441,    -0.03450214136,    -0.03440100262,     0.02788368357,     0.02049697012,   0.0009714954446,    -0.01915896188,    -0.01290997869,     0.02511400067,    -0.05957691107,      0.1482741186,    -0.06616982617,      0.1575775544,      0.3863139685,     0.02085307787,      0.3207182325,    -0.01815812764,   -0.008325200947,    -0.04428346662,     -0.1654332499,     -0.0821119949,      -9.986568752,       52.77477188,     -0.6026045823,        152.128584,      0.5718481651,      0.2435882911,       1.290581384,       4.794869055,       2.386907027
          0,           0,         315,      -3.544749787,      -1.227410861,      -1.214411581,        -1.3302912,       1.946767757,       71.11653136,     -0.2101062298,      0.5673205297,     0.06443902283,      0.2870090662,     -0.1853223094,       1.055285042,     -0.2101062298,     0.06443902283,      0.5673205297,      -2.700160439,    -0.01577599546,    0.007318649458,    -0.03460286511,    0.002108630987,    -0.03175302337,    -0.03415797768,    -0.03431917947,     -0.0345176139,    -0.03440685526,      0.1580702776,      0.3863075779,     0.02085323764,      0.3207057162,    -0.01816239084,    -0.00830666055,    -0.04457953982,     -0.1655395784,    -0.08202811001,     0.02747535231,     0.02050009988,    0.001007720656,    -0.01916116499,    -0.01290125691,     0.02511519711,    -0.05985538824,      0.1483548626,    -0.06609639961,   7.309045349e-05,      0.3903178708,    -0.00118412893,     -0.3239641009,    -0.01421948646,    -0.01420957797,     0.06969686545,      0.2977770448,      -0.117278511,     -0.2791001885,      -2.576350709,     -0.1851584151,      -2.126113507,      0.1644317577,     0.06639854749,      0.6733953004,       2.736066111,       1.341108794,      0.3394390737,      0.1397898344,     0.00527220197,     -0.1353115659,    -0.08859699604,      0.4082729316,     -0.9907297724,       2.389548635,      -1.012399301,    -0.01577599546,    0.007318649458,    -0.03460286511,    0.002108630987,    -0.03175302337,    -0.03415797768,    -0.03431917947,     -0.0345176139,    -0.03440685526,     0.02747535231,     0.02050009988,    0.001007720656,    -0.01916116499,    -0.01290125691,     0.02511519711,    -0.05985538824,      0.1483548626,    -0.06609639961,      0.1580702776,      0.3863075779,     0.02085323764,      0.3207057162,    -0.01816239084,    -0.00830666055,    -0.04457953982,     -0.1655395784,    -0.08202811001,      -10.01967058,       52.78399794,     -0.6026448264,       152.0919109,      0.5719893387,      0.2431836166,       1.298968697,       4.795800166,       2.384062984
          0,           0,         320,      -3.462222622,      -1.135061677,      -1.144654767,      -1.265963034,       2.030616955,       71.11653136,     -0.2100426814,      0.5673725691,     0.06459292642,      0.2866572698,     -0.1876769285,       1.061801935,     -0.2100426814,     0.06459292642,      0.5673725691,      -2.701225128,    -0.01577803004,    0.007323809941,     -0.0346019156,    0.002094200791,    -0.03175959082,    -0.03413819128,    -0.03428030959,    -0.03453984913,    -0.03436280572,      0.1581636486,      0.3864012033,      0.0208526262,      0.3205963425,    -0.01816860256,   -0.008244283531,    -0.04428733954,     -0.1658109501,     -0.0821300758,      0.0272294017,     0.02050399002,    0.001096889711,    -0.01916588644,    -0.01296093916,     0.02505916438,    -0.05952567728,      0.1486051403,    -0.06624915677,   7.336569266e-05,      0.3904032715,   -0.001264219262,     -0.3238693672,    -0.01426764441,    -0.01426519334,     0.06922016476,      0.2982328902,     -0.1176059981,     -0.2819223249,      -2.576983204,     -0.1851538361,      -2.125377509,      0.1644797466,     0.06544966899,      0.6685570261,       2.740563782,       1.342709722,      0.3395506326,       0.139811681,     0.00586742941,     -0.1353556696,      -0.088999847,      0.4074100671,     -0.9851917888,       2.393641003,      -1.014931572,    -0.01577803004,    0.007323809941,     -0.0346019156,    0.002094200791,    -0.03175959082,    -0.03413819128,    -0.03428030959,    -0.03453984913,    -0.03436280572,      0.0272294017,     0.02050399002,    0.001096889711,    -0.01916588644,    -0.01296093916,     0.02505916438,    -0.05952567728,      0.1486051403,    -0.06624915677,      0.1581636486,      0.3864012033,      0.0208526262,      0.3205963425,    -0.01816860256,   -0.008244283531,    -0.04428733954,     -0.1658109501,     -0.0821300758,      -10.02429633,       52.75958913,     -0.6026436928,       153.0876809,      0.5720666449,      0.2414973736,       1.291917724,        4.80056961,       2.390086435
          0,           0,         325,      -3.360359087,       -1.00233434,      -1.121103841,      -1.143583185,       2.136204072,       71.11653136,     -0.2099649119,      0.5680879831,     0.06621284785,       0.286427241,     -0.1986821588,        1.08807566,     -0.2099649119,     0.06621284785,      0.5680879831,      -2.705632946,    -0.01578176599,     0.00732080509,    -0.03460698422,    0.002099584367,    -0.03176437963,    -0.03413002759,    -0.03424385734,    -0.03451792942,    -0.03434035718,       0.158334547,      0.3864263134,     0.02085267211,      0.3206740312,    -0.01816484618,   -0.008204884987,    -0.04383631732,     -0.1659658026,    -0.08202772944,     0.02811198799,     0.02050184744,    0.001059575669,     -0.0191635167,    -0.01296736378,     0.02508530936,    -0.05908655245,      0.1487948421,    -0.06612328181,   7.301780783e-05,      0.3904323355,   -0.001231770299,     -0.3239465657,    -0.01427352393,    -0.01426150227,     0.06840716371,      0.2984839526,     -0.1172558664,     -0.2847172008,      -2.577143051,     -0.1851592984,      -2.125914776,      0.1644594466,     0.06475142478,      0.6611263228,       2.743006744,       1.340908229,      0.3532213045,      0.1398007778,    0.005607041509,     -0.1353343494,     -0.0890364936,       0.407793853,     -0.9779108675,       2.396696377,      -1.012761984,    -0.01578176599,     0.00732080509,    -0.03460698422,    0.002099584367,    -0.03176437963,    -0.03413002759,    -0.03424385734,    -0.03451792942,    -0.03434035718,     0.02811198799,     0.02050184744,    0.001059575669,     -0.0191635167,    -0.01296736378,     0.02508530936,    -0.05908655245,      0.1487948421,    -0.06612328181,       0.158334547,      0.3864263134,     0.02085267211,      0.3206740312,    -0.01816484618,   -0.008204884987,    -0.04383631732,     -0.1659658026,    -0.08202772944,      -10.03275217,       52.78467445,     -0.6025567549,       152.7321484,      0.5718621423,      0.2404007722,       1.280122063,       4.808104236,       2.388668499
          0,           0,         330,      -3.308498753,     -0.8999935341,      -1.072952923,      -1.105507074,       2.194074232,       71.11653136,     -0.2099842584,      0.5710818317,     0.06980144091,      0.2872329107,     -0.2442087825,       1.145875852,     -0.2099842584,     0.06980144091,      0.5710818317,      -2.719641158,     -0.0157649717,    0.007318788568,    -0.03461032521,    0.002105033078,    -0.03176920853,    -0.03414274187,    -0.03426956419,    -0.03450335417,    -0.03434791435,      0.1595855896,      0.3864490213,     0.02084849659,      0.3207841143,    -0.01815621181,   -0.008333268392,    -0.04306210732,     -0.1661081046,    -0.08092569795,     0.02954379805,     0.02049469239,     0.00100514624,    -0.01915839923,    -0.01292427563,     0.02519394883,    -0.05831850177,      0.1489548767,    -0.06498984468,   7.334487352e-05,      0.3904524559,   -0.001179379834,     -0.3240525112,    -0.01422993819,    -0.01432850246,     0.06712462945,      0.2988168867,     -0.1154440745,      -0.303096294,      -2.577297547,     -0.1851360754,      -2.126648565,      0.1644085027,     0.06683588476,      0.6485156934,       2.745300376,       1.322909241,      0.3757403332,      0.1397561182,    0.005246776959,     -0.1352967436,    -0.08874615088,      0.4095603865,     -0.9654456299,        2.39929828,     -0.9942375181,     -0.0157649717,    0.007318788568,    -0.03461032521,    0.002105033078,    -0.03176920853,    -0.03414274187,    -0.03426956419,    -0.03450335417,    -0.03434791435,     0.02954379805,     0.02049469239,     0.00100514624,    -0.01915839923,    -0.01292427563,     0.02519394883,    -0.05831850177,      0.1489548767,    -0.06498984468,      0.1595855896,      0.3864490213,     0.02084849659,      0.3207841143,    -0.01815621181,   -0.008333268392,    -0.04306210732,     -0.1661081046,    -0.08092569795,      -10.12279582,       52.80232074,     -0.6023779454,       152.3891086,      0.5715034352,      0.2440714464,        1.25657003,       4.814259616,       2.356058569
          0,           0,         335,      -3.277354858,     -0.8866016985,     -0.8881765343,      -1.082722619,       2.222525177,       71.11653136,     -0.2099559259,      0.5652958321,     0.07020185002,      0.2867027881,     -0.1529498027,       1.152385051,     -0.2099559259,     0.07020185002,      0.5652958321,      -2.692449998,    -0.01572544351,    0.007321152716,    -0.03460426184,    0.002114463161,    -0.03175370198,    -0.03416416642,    -0.03426294897,    -0.03451806995,    -0.03436294906,      0.1573345234,      0.3863867636,     0.02084393033,      0.3207369194,    -0.01815815091,   -0.009103755254,    -0.04336832159,     -0.1674007871,    -0.08197528987,     0.02934012332,     0.02049182654,   0.0009690879938,     -0.0191566252,    -0.01296792348,     0.02595745231,    -0.05860078088,       0.150213187,     -0.0660444976,   7.317235925e-05,       0.390388836,   -0.001138673334,     -0.3240083198,      -0.014274988,    -0.01573412255,     0.06753419687,      0.3010583895,      -0.117195703,     -0.2688676293,      -2.576873076,     -0.1850991783,      -2.126325298,      0.1644052947,     0.07931699155,      0.6536845011,       2.766455609,       1.340352982,      0.3720837915,      0.1397339485,    0.005003268849,     -0.1352740221,    -0.08904289853,      0.4219599025,     -0.9702005629,       2.419871953,      -1.011750329,    -0.01572544351,    0.007321152716,    -0.03460426184,    0.002114463161,    -0.03175370198,    -0.03416416642,    -0.03426294897,    -0.03451806995,    -0.03436294906,     0.02934012332,     0.02049182654,   0.0009690879938,     -0.0191566252,    -0.01296792348,     0.02595745231,    -0.05860078088,       0.150213187,     -0.0660444976,      0.1573345234,      0.3863867636,     0.02084393033,      0.3207369194,    -0.01815815091,   -0.009103755254,    -0.04336832159,     -0.1674007871,    -0.08197528987,      -10.00509291,       52.77676598,     -0.6023515378,       151.6871636,      0.5718435893,      0.2664708731,       1.265749823,       4.849656638,       2.385572022
          0,           0,         340,      -2.992182728,     -0.5618796748,     -0.5932702487,     -0.8168440509,       2.517152077,       71.11653136,     -0.2100393073,      0.5643059537,      0.0665938527,      0.2863202708,     -0.1380622723,       1.092140984,     -0.2100393073,      0.0665938527,      0.5643059537,      -2.686668324,    -0.01580210745,    0.007325418297,    -0.03460114628,    0.002116125633,    -0.03175907597,    -0.03416827375,    -0.03426342788,    -0.03452715103,    -0.03435966883,      0.1575759522,      0.3863521559,     0.02084822525,      0.3207878417,    -0.01816044601,    -0.00883700558,    -0.04394701152,     -0.1673624656,    -0.08295129266,     0.02786082367,      0.0204868298,    0.000880740679,    -0.01916151499,    -0.01301218553,     0.02562947893,    -0.05921262699,       0.150153673,    -0.06703136585,   7.314195319e-05,      0.3903512979,   -0.001050553695,     -0.3240658671,    -0.01431831539,    -0.01540042351,     0.06852277089,      0.3011087742,     -0.1189005545,     -0.2737014921,      -2.576644397,     -0.1851241054,      -2.126678435,      0.1644254209,     0.07490648795,       0.663026367,       2.765639187,       1.356088693,      0.3451801165,      0.1396950526,    0.004411326549,     -0.1353030719,    -0.08933640382,      0.4165548847,     -0.9800919019,        2.41870019,      -1.027669209,    -0.01580210745,    0.007325418297,    -0.03460114628,    0.002116125633,    -0.03175907597,    -0.03416827375,    -0.03426342788,    -0.03452715103,    -0.03435966883,     0.02786082367,      0.0204868298,    0.000880740679,    -0.01916151499,    -0.01301218553,     0.02562947893,    -0.05921262699,       0.150153673,    -0.06703136585,      0.1575759522,      0.3863521559,     0.02084822525,      0.3207878417,    -0.01816044601,    -0.00883700558,    -0.04394701152,     -0.1673624656,    -0.08295129266,      -9.971831463,       52.74130981,     -0.6025299013,       151.5920589,      0.5718190928,      0.2586319006,       1.282621566,       4.847271225,       2.414205244
          0,           0,         345,      -2.951802282,     -0.4997817439,     -0.5571622136,     -0.7903088505,       2.561486933,       71.11653136,     -0.2099796299,      0.5643669502,      0.0653510052,      0.2856806088,     -0.1167276765,       1.078952985,     -0.2099796299,      0.0653510052,      0.5643669502,      -2.687722378,     -0.0157108097,    0.007334291798,    -0.03460964935,    0.002128018328,    -0.03176916887,    -0.03418277926,     -0.0342843462,    -0.03451043774,    -0.03437474894,      0.1590990956,       0.386553038,     0.02084527068,       0.321004152,    -0.01814271532,   -0.009227651203,    -0.04489391142,     -0.1672255378,    -0.08364479032,     0.02792549139,     0.02048252877,    0.000947080302,     -0.0191515191,    -0.01301036757,     0.02596483515,    -0.06013387168,      0.1500681379,    -0.06774131001,   7.289627691e-05,      0.3905396664,   -0.001114683837,     -0.3242845024,    -0.01432063231,    -0.01608225455,     0.07035398674,      0.3007931699,     -0.1202770374,     -0.2804871454,      -2.577983144,      -0.185114439,      -2.128127406,      0.1643215698,     0.08137794276,      0.6784924508,       2.763391835,        1.36740066,      0.3539309857,      0.1396593122,    0.004859300005,     -0.1352275074,    -0.08932359508,       0.422131724,     -0.9951733326,       2.417323374,      -1.039227276,     -0.0157108097,    0.007334291798,    -0.03460964935,    0.002128018328,    -0.03176916887,    -0.03418277926,     -0.0342843462,    -0.03451043774,    -0.03437474894,     0.02792549139,     0.02048252877,    0.000947080302,     -0.0191515191,    -0.01301036757,     0.02596483515,    -0.06013387168,      0.1500681379,    -0.06774131001,      0.1590990956,       0.386553038,     0.02084527068,       0.321004152,    -0.01814271532,   -0.009227651203,    -0.04489391142,     -0.1672255378,    -0.08364479032,      -10.12672794,        52.7048894,     -0.6022965004,       150.8465166,      0.5710793189,      0.2699502909,          1.309458,       4.845651019,       2.433320763
          0,           0,         350,      -3.245891291,     -0.8166049335,     -0.8935337175,      -1.116090883,       2.256980045,       71.11653136,     -0.2099298385,      0.5634618901,     0.06742152211,      0.2863231427,     -0.1079960807,       1.104182198,     -0.2099298385,     0.06742152211,      0.5634618901,      -2.684048605,    -0.01574135457,    0.007334834127,    -0.03460970466,    0.002129477969,    -0.03176192377,    -0.03415211459,    -0.03426930053,    -0.03450950637,    -0.03435024609,      0.1587087093,      0.3865578728,     0.02084147038,      0.3209976231,     -0.0181367768,   -0.009297880094,    -0.04487075909,     -0.1676588938,    -0.08367947578,     0.02944685717,     0.02047910308,   0.0009759177668,    -0.01915092356,      -0.013026248,     0.02603660915,    -0.06005971763,      0.1505413833,    -0.06782145919,   7.290981058e-05,      0.3905431051,   -0.001146537015,     -0.3242839564,    -0.01433759056,    -0.01610689717,     0.07029547685,      0.3016936766,     -0.1204070445,      -0.280110226,      -2.578004702,     -0.1850902119,       -2.12808113,      0.1642739845,     0.08249118474,      0.6780323277,       2.770579017,       1.367913676,      0.3701522929,        0.13964014,    0.005052792756,     -0.1352218186,    -0.08943258407,      0.4232295391,     -0.9938688595,       2.425151682,      -1.040520986,    -0.01574135457,    0.007334834127,    -0.03460970466,    0.002129477969,    -0.03176192377,    -0.03415211459,    -0.03426930053,    -0.03450950637,    -0.03435024609,     0.02944685717,     0.02047910308,   0.0009759177668,    -0.01915092356,      -0.013026248,     0.02603660915,    -0.06005971763,      0.1505413833,    -0.06782145919,      0.1587087093,      0.3865578728,     0.02084147038,      0.3209976231,     -0.0181367768,   -0.009297880094,    -0.04487075909,     -0.1676588938,    -0.08367947578,      -10.08227777,       52.70165161,     -0.6021857333,       150.7400536,      0.5710226159,      0.2722490308,       1.309357308,        4.85833938,       2.436066268
          0,           0,         355,      -3.475314587,       -1.17844245,      -1.089109169,      -1.356847302,       2.012904138,       71.11653136,     -0.2098322208,      0.5634774595,     0.06740404682,      0.2876515252,     -0.1100191115,       1.102546638,     -0.2098322208,     0.06740404682,      0.5634774595,      -2.685371472,    -0.01573414609,    0.007323761609,    -0.03460536808,    0.002130855144,    -0.03176088756,    -0.03410958398,    -0.03424970254,    -0.03450102303,    -0.03432612625,      0.1586908215,      0.3865084639,     0.02083917221,      0.3209468212,    -0.01814648466,   -0.009173886773,    -0.04508113179,     -0.1676735471,    -0.08343276892,     0.02958055788,     0.02049615039,   0.0009324455988,    -0.01915279118,    -0.01305964956,     0.02593145408,    -0.06027234343,      0.1505624168,    -0.06761419376,   7.304369466e-05,      0.3904979427,   -0.001108230386,     -0.3242370461,      -0.014356671,    -0.01577766786,     0.07085507405,      0.3016441376,     -0.1199390575,     -0.2803413615,      -2.577677566,     -0.1850696983,      -2.127741174,      0.1643398143,     0.08042912359,      0.6815129545,       2.770752377,       1.363776419,      0.3704722079,      0.1397680825,    0.004759213692,     -0.1352320098,    -0.08965250037,      0.4214124948,     -0.9973598925,       2.425449446,      -1.037070404,    -0.01573414609,    0.007323761609,    -0.03460536808,    0.002130855144,    -0.03176088756,    -0.03410958398,    -0.03424970254,    -0.03450102303,    -0.03432612625,     0.02958055788,     0.02049615039,   0.0009324455988,    -0.01915279118,    -0.01305964956,     0.02593145408,    -0.06027234343,      0.1505624168,    -0.06761419376,      0.1586908215,      0.3865084639,     0.02083917221,      0.3209468212,    -0.01814648466,   -0.009173886773,    -0.04508113179,     -0.1676735471,    -0.08343276892,      -10.08576001,       52.77458287,     -0.6021947856,       150.6187889,      0.5713469003,      0.2689533469,       1.316248856,       4.859958702,       2.430590866
          0,           0,         360,      -3.329311811,      -0.973243081,     -0.9266205522,      -1.161652202,       2.165055872,       71.11653136,     -0.2097372696,      0.5644006809,     0.06497724038,      0.2873701627,      -0.135390488,        1.05150999,     -0.2097372696,     0.06497724038,      0.5644006809,      -2.690988979,      -0.015771953,    0.007334488566,     -0.0345952773,    0.002125297712,    -0.03174227387,    -0.03408535463,    -0.03421115997,    -0.03446552824,    -0.03432550887,      0.1578731087,      0.3864123501,     0.02084572875,      0.3207932548,    -0.01815887759,   -0.008488718405,    -0.04538773463,     -0.1663381667,    -0.08315026405,     0.02904983478,     0.02050229533,     0.00103928263,     -0.0191578435,    -0.01295205324,     0.02523893883,    -0.06062398461,      0.1491819014,     -0.0673011312,   7.334563826e-05,      0.3904048416,   -0.001211521488,     -0.3240719361,    -0.01426677648,    -0.01459429984,     0.07138366995,      0.2989407662,     -0.1192879268,     -0.2743730763,      -2.577031543,     -0.1851013314,      -2.126700309,      0.1643977095,     0.06922648043,      0.6865712632,       2.748546199,        1.35907412,      0.3527251228,      0.1397961902,    0.005486839807,     -0.1352688417,    -0.08892658039,      0.4100588687,      -1.003080026,       2.402561951,      -1.031843535,      -0.015771953,    0.007334488566,     -0.0345952773,    0.002125297712,    -0.03174227387,    -0.03408535463,    -0.03421115997,    -0.03446552824,    -0.03432550887,     0.02904983478,     0.02050229533,     0.00103928263,     -0.0191578435,    -0.01295205324,     0.02523893883,    -0.06062398461,      0.1491819014,     -0.0673011312,      0.1578731087,      0.3864123501,     0.02084572875,      0.3207932548,    -0.01815887759,   -0.008488718405,    -0.04538773463,     -0.1663381667,    -0.08315026405,      -10.00973745,       52.68429376,     -0.6025599555,        150.940385,       0.572072362,      0.2490429833,       1.326693824,       4.826218405,        2.42240441
          0,           0,         365,      -3.207440467,     -0.8169365757,     -0.7956555993,      -1.030343362,       2.292466068,       71.11653136,      -0.209879967,      0.5671435732,     0.06371534085,      0.2861867679,     -0.1768987145,       1.041241568,      -0.209879967,     0.06371534085,      0.5671435732,      -2.702228237,    -0.01576464924,    0.007344243616,    -0.03458682099,    0.002130085731,    -0.03174729215,    -0.03417719097,    -0.03424661318,    -0.03448735795,    -0.03434437192,      0.1592670776,      0.3865569388,     0.02085517244,      0.3208203791,    -0.01816006913,   -0.008516935483,    -0.04485511008,     -0.1659373299,    -0.08288655013,     0.02713447456,     0.02050510603,    0.001214620668,    -0.01915907782,    -0.01289299405,     0.02526234025,    -0.06011372294,      0.1487621146,    -0.06699752049,   7.280263704e-05,      0.3905558642,   -0.001377247658,     -0.3241029539,    -0.01420456737,    -0.01482621191,     0.07026912019,      0.2987894856,     -0.1189895239,     -0.2960905334,      -2.578023277,     -0.1851532309,      -2.126900065,      0.1644079676,     0.06978863924,      0.6777131092,       2.742462844,       1.354895833,      0.3334283098,      0.1398029987,    0.006647696151,     -0.1352703418,    -0.08854147307,      0.4106887838,     -0.9946432083,       2.396126028,      -1.026997226,    -0.01576464924,    0.007344243616,    -0.03458682099,    0.002130085731,    -0.03174729215,    -0.03417719097,    -0.03424661318,    -0.03448735795,    -0.03434437192,     0.02713447456,     0.02050510603,    0.001214620668,    -0.01915907782,    -0.01289299405,     0.02526234025,    -0.06011372294,      0.1487621146,    -0.06699752049,      0.1592670776,      0.3865569388,     0.02085517244,      0.3208203791,    -0.01816006913,   -0.008516935483,    -0.04485511008,     -0.1659373299,    -0.08288655013,      -10.10279868,       52.63400276,     -0.6029803217,       150.6138342,      0.5720194669,         0.2491994,       1.309767767,         4.8115408,       2.413395427
          0,           0,         370,      -3.025597545,     -0.5739701807,     -0.6224792339,     -0.8301362397,       2.486800057,       71.11653136,     -0.2100669501,      0.5625007703,     0.06548887525,      0.2862275043,    -0.09496928299,       1.073838951,     -0.2100669501,     0.06548887525,      0.5625007703,      -2.677721412,    -0.01580201937,    0.007341037733,    -0.03461543447,    0.002126188695,    -0.03176357522,    -0.03414749943,    -0.03429770865,    -0.03453310143,    -0.03437483797,      0.1575984804,       0.386642252,     0.02085187183,      0.3209661385,    -0.01814749749,   -0.009318590991,    -0.04536170242,     -0.1671112913,     -0.0836188902,     0.02825890507,     0.02048835332,    0.001134970123,    -0.01916079913,    -0.01294258633,     0.02608923072,    -0.06059664984,      0.1499264789,     -0.0677090276,   7.308888884e-05,      0.3906402719,   -0.001321163232,     -0.3242442288,    -0.01424888635,    -0.01604383693,      0.0711751753,      0.3004069079,     -0.1202098244,      -0.265660529,      -2.578574641,     -0.1851637438,      -2.127868887,      0.1643447382,     0.08297628332,      0.6861074345,       2.761751016,       1.367119046,      0.3543631949,      0.1396927664,    0.006110376338,     -0.1352891671,    -0.08887894193,      0.4242031262,      -1.002719224,        2.41520407,      -1.038847251,    -0.01580201937,    0.007341037733,    -0.03461543447,    0.002126188695,    -0.03176357522,    -0.03414749943,    -0.03429770865,    -0.03453310143,    -0.03437483797,     0.02825890507,     0.02048835332,    0.001134970123,    -0.01916079913,    -0.01294258633,     0.02608923072,    -0.06059664984,      0.1499264789,     -0.0677090276,      0.1575984804,       0.386642252,     0.02085187183,      0.3209661385,    -0.01814749749,   -0.009318590991,    -0.04536170242,     -0.1671112913,     -0.0836188902,      -9.973312694,       52.66860981,     -0.6023865409,       150.9584447,      0.5713304427,       0.272892339,       1.322586966,       4.839162555,       2.432560999
          0,           0,         375,      -2.957485976,     -0.5015297219,     -0.5587325495,      -0.761787657,       2.555014261,       71.11653136,     -0.2098653108,      0.5653169381,     0.06648490878,      0.2862137015,     -0.1424904958,       1.092924333,     -0.2098653108,     0.06648490878,      0.5653169381,      -2.693713106,    -0.01571968613,    0.007331120922,    -0.03460998764,    0.002118851924,    -0.03176448654,    -0.03413657961,     -0.0342313735,    -0.03451390333,    -0.03433926687,      0.1585786628,      0.3865615155,     0.02083581689,      0.3208728483,    -0.01813791793,   -0.009030391742,    -0.04458350573,      -0.166882679,    -0.08289741092,     0.02847498489,     0.02047727296,    0.001061612304,     -0.0191454693,     -0.0130740803,     0.02576119528,    -0.05978412526,      0.1497432093,    -0.06702969106,   7.295130705e-05,      0.3905447069,    -0.00123688843,     -0.3241600718,    -0.01437846678,    -0.01553039903,     0.06970301457,       0.300265411,     -0.1190665563,     -0.2807536185,      -2.578025757,     -0.1850528948,      -2.127247947,       0.164284734,     0.07803010617,      0.6732740228,        2.75786247,       1.355138389,      0.3587630538,       0.139631856,    0.005621888213,     -0.1351959543,    -0.08974947926,      0.4186178849,     -0.9892308502,       2.412069433,      -1.027603498,    -0.01571968613,    0.007331120922,    -0.03460998764,    0.002118851924,    -0.03176448654,    -0.03413657961,     -0.0342313735,    -0.03451390333,    -0.03433926687,     0.02847498489,     0.02047727296,    0.001061612304,     -0.0191454693,     -0.0130740803,     0.02576119528,    -0.05978412526,      0.1497432093,    -0.06702969106,      0.1585786628,      0.3865615155,     0.02083581689,      0.3208728483,    -0.01813791793,   -0.009030391742,    -0.04458350573,      -0.166882679,    -0.08289741092,      -10.08790261,       52.72884182,     -0.6020174611,       151.4371271,      0.5710124705,      0.2645370991,       1.302416502,       4.835230527,       2.414070494
          0,           0,         380,       -2.90981114,     -0.4596891492,     -0.5210128285,     -0.7197427937,       2.600104151,       71.11653136,     -0.2099392733,      0.5647323593,       0.064441158,      0.2861858881,      -0.132184403,       1.061736845,     -0.2099392733,       0.064441158,      0.5647323593,      -2.689979586,    -0.01579970692,     0.00735084943,    -0.03459650721,    0.002128727136,    -0.03174921505,    -0.03413552508,    -0.03427704518,    -0.03451527469,    -0.03434557571,      0.1581473778,      0.3866076675,      0.0208423525,      0.3208713973,    -0.01813649612,   -0.008911226949,    -0.04473229782,     -0.1668179779,     -0.0831384369,     0.02715419062,     0.02047957328,   0.0009980245388,    -0.01915092923,    -0.01315843723,     0.02567033776,    -0.05996762228,      0.1496622551,    -0.06724623453,   7.304107111e-05,      0.3905842331,   -0.001172549068,     -0.3241503813,    -0.01446357387,    -0.01534459968,     0.06997702367,       0.300079268,     -0.1193965738,     -0.2738100282,      -2.578336013,     -0.1850806937,      -2.127242172,      0.1642567651,     0.07619375977,      0.6757945677,       2.756853269,       1.359186142,      0.3380349414,      0.1396304937,    0.005200765286,     -0.1352203835,    -0.09030908035,      0.4172281084,     -0.9923898871,       2.410805516,      -1.031243629,    -0.01579970692,     0.00735084943,    -0.03459650721,    0.002128727136,    -0.03174921505,    -0.03413552508,    -0.03427704518,    -0.03451527469,    -0.03434557571,     0.02715419062,     0.02047957328,   0.0009980245388,    -0.01915092923,    -0.01315843723,     0.02567033776,    -0.05996762228,      0.1496622551,    -0.06724623453,      0.1581473778,      0.3866076675,      0.0208423525,      0.3208713973,    -0.01813649612,   -0.008911226949,    -0.04473229782,     -0.1668179779,     -0.0831384369,      -10.00951338,       52.59360448,     -0.6024409452,       150.7339254,      0.5712423469,      0.2610543394,       1.305021993,       4.833163851,       2.420644731
          0,           0,         385,      -2.933587506,     -0.4932711107,     -0.5557033795,     -0.7404527685,       2.572687122,       71.11653136,     -0.2098614267,      0.5666130407,     0.06835643425,      0.2862487906,     -0.1596574978,         1.1216311,     -0.2098614267,     0.06835643425,      0.5666130407,      -2.699938953,    -0.01578581615,    0.007355407739,     -0.0345918444,    0.002136180262,    -0.03174298193,    -0.03413391581,    -0.03424600661,    -0.03450981507,    -0.03434263472,      0.1593073238,      0.3866179982,     0.02084968054,      0.3208839788,    -0.01814234593,   -0.009198712426,    -0.04427967119,      -0.166949398,     -0.0824758131,     0.02941871271,     0.02048854122,    0.001051437217,    -0.01915521455,     -0.0131461344,     0.02596101969,    -0.05948520107,       0.149811946,    -0.06658867257,   7.297335618e-05,      0.3905994455,   -0.001215657088,     -0.3241674542,     -0.0144630999,    -0.01582311058,     0.06919556166,      0.3003747002,     -0.1183245684,     -0.2896283395,      -2.578405814,     -0.1851231193,      -2.127327448,      0.1642867058,     0.08087640183,      0.6683482341,       2.759024995,       1.348290886,      0.3714736275,      0.1396830115,    0.005551516379,     -0.1352398365,    -0.09023247426,      0.4219647924,     -0.9844070844,       2.413273233,      -1.020435685,    -0.01578581615,    0.007355407739,     -0.0345918444,    0.002136180262,    -0.03174298193,    -0.03413391581,    -0.03424600661,    -0.03450981507,    -0.03434263472,     0.02941871271,     0.02048854122,    0.001051437217,    -0.01915521455,     -0.0131461344,     0.02596101969,    -0.05948520107,       0.149811946,    -0.06658867257,      0.1593073238,      0.3866179982,     0.02084968054,      0.3208839788,    -0.01814234593,   -0.009198712426,    -0.04427967119,      -0.166949398,     -0.0824758131,      -10.09180154,       52.56241557,     -0.6027339942,       150.2139049,      0.5715388041,      0.2694889293,       1.292987872,       4.837736676,       2.401557532
          0,           0,         390,      -3.666907284,      -1.304373406,      -1.306080907,      -1.567773155,       1.827280287,       71.11653136,      -0.209886318,       0.567199471,     0.06840300123,      0.2866275211,     -0.1665795453,       1.122270855,      -0.209886318,     0.06840300123,       0.567199471,      -2.702412795,    -0.01577124467,    0.007344684824,    -0.03459586176,    0.002134301243,    -0.03174829632,    -0.03413307727,     -0.0342521168,    -0.03452594008,    -0.03433876712,      0.1594840061,      0.3866213442,     0.02085522497,       0.320908932,    -0.01814535742,   -0.009109268872,    -0.04410251809,     -0.1670147046,    -0.08229818731,     0.02916352253,     0.02050109974,    0.001014567367,    -0.01916151114,     -0.0131273755,     0.02587538084,     -0.0593051778,      0.1498731683,    -0.06643067306,   7.307278902e-05,      0.3906037913,   -0.001188647432,     -0.3241876018,    -0.01443635301,    -0.01562029855,     0.06891307849,      0.3005490562,     -0.1180785769,     -0.2901937258,      -2.578428587,     -0.1851650613,      -2.127493927,      0.1643137946,     0.07935227908,      0.6654470343,       2.760146392,       1.345442256,      0.3671555943,      0.1397823878,    0.005304180466,     -0.1352846103,     -0.0901028848,      0.4205067042,      -0.981474237,       2.414301695,      -1.017917975,    -0.01577124467,    0.007344684824,    -0.03459586176,    0.002134301243,    -0.03174829632,    -0.03413307727,     -0.0342521168,    -0.03452594008,    -0.03433876712,     0.02916352253,     0.02050109974,    0.001014567367,    -0.01916151114,     -0.0131273755,     0.02587538084,     -0.0593051778,      0.1498731683,    -0.06643067306,      0.1594840061,      0.3866213442,     0.02085522497,       0.320908932,    -0.01814535742,   -0.009109268872,    -0.04410251809,     -0.1670147046,    -0.08229818731,      -10.11232845,       52.63960994,     -0.6028242661,       150.3578434,      0.5715379886,      0.2668751135,       1.287585183,       4.837368779,       2.396655274
          0,           0,         395,      -4.950563187,      -2.486545865,      -2.387271605,      -2.660974875,      0.5145299192,       71.11653136,     -0.2099073185,      0.5665984172,     0.06681762241,      0.2873067407,     -0.1582904095,       1.100713522,     -0.2099073185,     0.06681762241,      0.5665984172,      -2.699279002,    -0.01577191049,    0.007334988375,    -0.03459588851,    0.002133055812,    -0.03175453937,    -0.03412857519,    -0.03425964199,    -0.03452681717,    -0.03433798996,      0.1590208211,      0.3865881143,      0.0208547588,        0.32090612,     -0.0181542493,   -0.008995913892,    -0.04435000285,     -0.1669614255,    -0.08230980536,      0.0279920786,     0.02051325079,     0.00100336752,    -0.01916365866,    -0.01310135274,     0.02577550981,    -0.05956747737,      0.1498213993,    -0.06645549487,   7.320840356e-05,      0.3905685874,   -0.001184744248,     -0.3241812914,    -0.01440323821,    -0.01539984903,     0.06943400297,      0.3004306371,     -0.1180305724,     -0.2837496816,      -2.578208297,     -0.1851617508,      -2.127473325,      0.1643813248,      0.0774667902,      0.6695659818,       2.759243787,       1.345644761,      0.3527522219,      0.1398746614,    0.005232761674,     -0.1353005139,    -0.08992619867,      0.4188381988,     -0.9858479534,       2.413432821,      -1.018342477,    -0.01577191049,    0.007334988375,    -0.03459588851,    0.002133055812,    -0.03175453937,    -0.03412857519,    -0.03425964199,    -0.03452681717,    -0.03433798996,      0.0279920786,     0.02051325079,     0.00100336752,    -0.01916365866,    -0.01310135274,     0.02577550981,    -0.05956747737,      0.1498213993,    -0.06645549487,      0.1590208211,      0.3865881143,      0.0208547588,        0.32090612,     -0.0181542493,   -0.008995913892,    -0.04435000285,     -0.1669614255,    -0.08230980536,      -10.08253383,       52.70466626,     -0.6028103251,       150.4443147,      0.5717056413,      0.2635889087,       1.294526162,       4.835702773,        2.39704786
          0,           0,         400,      -4.818511163,      -2.406474744,      -2.356441788,      -2.716474067,      0.6597828852,       71.11653136,     -0.2099455108,      0.5656577575,     0.06483131717,       0.288074258,     -0.1468790369,       1.064760492,     -0.2099455108,     0.06483131717,      0.5656577575,      -2.694307468,    -0.01580701376,    0.007332168677,    -0.03460098182,    0.002120074392,    -0.03175715426,    -0.03412357336,    -0.03426091395,    -0.03450968661,    -0.03433843006,      0.1582920082,      0.3865189094,     0.02085587814,      0.3208343678,    -0.01816621526,   -0.008745844276,    -0.04491298552,     -0.1666004284,     -0.0824179327,     0.02723228157,     0.02051790074,    0.001034421751,    -0.01916982767,    -0.01304181795,     0.02553892354,    -0.06015968607,      0.1494527038,    -0.06657358258,   7.336495671e-05,      0.3904973048,   -0.001217473791,     -0.3241043447,    -0.01434103002,    -0.01490088248,     0.07056327369,      0.2995619278,     -0.1180578822,     -0.2742678675,       -2.57773858,     -0.1851741852,      -2.126982579,      0.1644631814,      0.0733454414,      0.6789261229,       2.753164689,       1.347384739,      0.3380130808,      0.1399062397,    0.005449789573,     -0.1353557103,    -0.08951991784,      0.4149315287,     -0.9956844698,       2.407267986,      -1.020248034,    -0.01580701376,    0.007332168677,    -0.03460098182,    0.002120074392,    -0.03175715426,    -0.03412357336,    -0.03426091395,    -0.03450968661,    -0.03433843006,     0.02723228157,     0.02051790074,    0.001034421751,    -0.01916982767,    -0.01304181795,     0.02553892354,    -0.06015968607,      0.1494527038,    -0.06657358258,      0.1582920082,      0.3865189094,     0.02085587814,      0.3208343678,    -0.01816621526,   -0.008745844276,    -0.04491298552,     -0.1666004284,     -0.0824179327,      -10.01403622,       52.71549611,     -0.6027539406,       151.3316557,      0.5720353627,      0.2562991919,       1.310910316,       4.827642461,       2.400166011
          0,           0,         405,      -4.478573208,      -2.142812431,       -2.02319554,      -2.485332492,       1.009218956,       71.11653136,     -0.2099350787,      0.5647778153,     0.06301972634,      0.2878894384,     -0.1407454281,       1.025187952,     -0.2099350787,     0.06301972634,      0.5647778153,      -2.690249856,    -0.01582272728,    0.007333468901,    -0.03460559564,     0.00210739313,    -0.03174778976,    -0.03412111473,    -0.03424994193,    -0.03447947584,    -0.03434929557,      0.1573098394,      0.3864693386,     0.02085774949,      0.3206995475,    -0.01817054918,   -0.008302760893,    -0.04550076031,     -0.1658280063,    -0.08275658293,     0.02747716949,     0.02051660593,    0.001108652456,    -0.01917268945,    -0.01298138715,     0.02508571358,    -0.06077334635,      0.1486656913,    -0.06690668347,   7.345668237e-05,      0.3904534348,   -0.001290422907,     -0.3239642289,    -0.01428459205,    -0.01406817729,     0.07165791274,       0.297884863,     -0.1185728076,     -0.2645560865,      -2.577402904,     -0.1851913155,      -2.126061153,      0.1644794363,     0.06608999566,      0.6886765189,       2.740270888,       1.352949192,      0.3336726405,      0.1398935192,    0.005958287818,     -0.1353870622,    -0.08910989149,      0.4075001529,      -1.005836287,       2.394187053,       -1.02569046,    -0.01582272728,    0.007333468901,    -0.03460559564,     0.00210739313,    -0.03174778976,    -0.03412111473,    -0.03424994193,    -0.03447947584,    -0.03434929557,     0.02747716949,     0.02051660593,    0.001108652456,    -0.01917268945,    -0.01298138715,     0.02508571358,    -0.06077334635,      0.1486656913,    -0.06690668347,      0.1573098394,      0.3864693386,     0.02085774949,      0.3206995475,    -0.01817054918,   -0.008302760893,    -0.04550076031,     -0.1658280063,    -0.08275658293,      -9.942017999,       52.69939012,     -0.6027276545,       152.1783207,      0.5723406044,      0.2433320529,       1.328491605,       4.809470048,       2.409265796
          0,           0,         410,      -4.602067243,       -2.26760716,      -2.155212413,      -2.606063921,      0.8845742664,       71.11653136,     -0.2099049006,      0.5639968452,     0.06150998952,      0.2865902465,     -0.1414052564,       0.997234664,     -0.2099049006,     0.06150998952,      0.5639968452,      -2.686916045,    -0.01581154663,    0.007331043201,      -0.034604306,    0.002101832243,    -0.03173684881,    -0.03412306552,      -0.034234828,    -0.03445733871,    -0.03436984235,      0.1561263397,      0.3864428646,     0.02085779993,       0.320582677,     -0.0181676398,   -0.007938245303,    -0.04574127615,     -0.1650198247,    -0.08314585011,     0.02766142246,     0.02051546139,    0.001202160575,    -0.01916922047,    -0.01295518065,     0.02469799627,    -0.06101830697,      0.1478511563,    -0.06727549934,     7.3415821e-05,      0.3904385071,   -0.001382308476,     -0.3238496435,     -0.0142702534,    -0.01358933161,     0.07199727936,      0.2964856109,     -0.1193130296,     -0.2573289476,       -2.57723214,     -0.1851902552,      -2.125270151,      0.1644458499,     0.06020731526,      0.6926122548,        2.72694544,       1.359405378,      0.3346201385,      0.1398876547,      0.0065921393,      -0.135367389,    -0.08894394761,      0.4012387481,      -1.009822967,       2.380779762,      -1.031749475,    -0.01581154663,    0.007331043201,      -0.034604306,    0.002101832243,    -0.03173684881,    -0.03412306552,      -0.034234828,    -0.03445733871,    -0.03436984235,     0.02766142246,     0.02051546139,    0.001202160575,    -0.01916922047,    -0.01295518065,     0.02469799627,    -0.06101830697,      0.1478511563,    -0.06727549934,      0.1561263397,      0.3864428646,     0.02085779993,       0.320582677,     -0.0181676398,   -0.007938245303,    -0.04574127615,     -0.1650198247,    -0.08314585011,      -9.874197846,       52.71321611,     -0.6027515747,       152.5253398,      0.5724462411,      0.2326357607,       1.336103577,       4.789105336,       2.419151338
          0,           0,         415,      -4.048577535,      -1.727250382,      -1.611111845,      -2.049681669,       1.443827561,       71.11653136,     -0.2099207619,      0.5645075476,     0.06098484679,      0.2856563012,     -0.1594088858,      0.9919817303,     -0.2099207619,     0.06098484679,      0.5645075476,      -2.689145859,    -0.01580136249,    0.007327213596,    -0.03460146786,    0.002093438305,    -0.03174016742,    -0.03413365108,    -0.03422972728,    -0.03445903458,    -0.03437600311,      0.1558551723,      0.3864457717,     0.02085690241,         0.3205127,    -0.01816727311,   -0.007865640753,     -0.0455026749,     -0.1645958597,    -0.08303155029,     0.02723079629,     0.02051405976,     0.00126797152,    -0.01916735141,    -0.01298460811,     0.02462064045,    -0.06076928535,      0.1474293398,    -0.06715671616,   7.315851622e-05,      0.3904496272,   -0.001442613602,     -0.3237907551,    -0.01430651437,    -0.01373538995,     0.07144763837,      0.2961728112,     -0.1192116611,     -0.2620031845,        -2.5772631,     -0.1851806108,       -2.12481316,      0.1644467625,     0.05914203449,       0.688552559,       2.720203803,        1.35750601,      0.3307598303,      0.1398821989,     0.00702867464,     -0.1353627191,    -0.08915784267,       0.400133085,      -1.005595801,       2.374047588,      -1.029753284,    -0.01580136249,    0.007327213596,    -0.03460146786,    0.002093438305,    -0.03174016742,    -0.03413365108,    -0.03422972728,    -0.03445903458,    -0.03437600311,     0.02723079629,     0.02051405976,     0.00126797152,    -0.01916735141,    -0.01298460811,     0.02462064045,    -0.06076928535,      0.1474293398,    -0.06715671616,      0.1558551723,      0.3864457717,     0.02085690241,         0.3205127,    -0.01816727311,   -0.007865640753,     -0.0455026749,     -0.1645958597,    -0.08303155029,      -9.863400859,       52.74116369,     -0.6027750758,       153.1034849,      0.5723748356,      0.2304365488,        1.32933209,       4.776566197,       2.415392796
          0,           0,         420,      -4.053388987,      -1.727298298,      -1.623737963,        -2.0529327,       1.438912516,       71.11653136,     -0.2099693552,      0.5671134751,     0.06129946329,      0.2862125618,     -0.1979365429,       1.002405118,     -0.2099693552,     0.06129946329,      0.5671134751,      -2.700934499,    -0.01580307791,    0.007322523786,    -0.03460174157,    0.002086172749,    -0.03175223663,    -0.03414352498,    -0.03423957957,    -0.03448412613,    -0.03435376491,      0.1573573933,      0.3864748811,     0.02085621823,      0.3204795384,    -0.01816930541,   -0.007943414433,    -0.04507748836,       -0.16455637,    -0.08230797775,     0.02642972355,     0.02051234105,    0.001258448467,    -0.01916679239,    -0.01304221437,     0.02470607846,    -0.06033544062,      0.1473924444,     -0.0664551253,   7.294873662e-05,      0.3904775313,    -0.00142551267,     -0.3237635369,    -0.01435456265,    -0.01386261155,     0.07063037892,      0.2964502831,     -0.1180123565,     -0.2823837488,      -2.577466686,     -0.1851756708,      -2.124606276,      0.1644737341,     0.06045077427,      0.6814091849,       2.719871574,       1.345490572,      0.3216779588,      0.1398747958,    0.006947006993,     -0.1353668417,    -0.08955127032,      0.4015994055,      -0.998334425,       2.373707282,      -1.018148794,    -0.01580307791,    0.007322523786,    -0.03460174157,    0.002086172749,    -0.03175223663,    -0.03414352498,    -0.03423957957,    -0.03448412613,    -0.03435376491,     0.02642972355,     0.02051234105,    0.001258448467,    -0.01916679239,    -0.01304221437,     0.02470607846,    -0.06033544062,      0.1473924444,     -0.0664551253,      0.1573573933,      0.3864748811,     0.02085621823,      0.3204795384,    -0.01816930541,   -0.007943414433,    -0.04507748836,       -0.16455637,    -0.08230797775,      -9.957388944,       52.77891782,     -0.6027505345,       153.6208056,      0.5722212775,       0.232647755,       1.316531597,       4.771945485,       2.395893957
          0,           0,         425,      -3.945182806,      -1.606214629,      -1.542313619,      -1.893971223,       1.549562399,       71.11653136,     -0.2100309202,      0.5705299267,      0.0617596518,      0.2875664013,     -0.2368866491,       1.017239122,     -0.2100309202,      0.0617596518,      0.5705299267,      -2.716409214,    -0.01580607957,    0.007313558169,    -0.03460593329,    0.002086447675,    -0.03176549722,    -0.03414319455,    -0.03426087644,    -0.03452898569,    -0.03432035924,      0.1600315282,      0.3864873016,     0.02085523372,      0.3204959755,    -0.01816900944,   -0.008016597732,    -0.04485536952,     -0.1647465359,    -0.08155259982,     0.02578172079,     0.02050989239,    0.001161199299,    -0.01916409895,    -0.01307595154,     0.02478416727,    -0.06010668145,      0.1475820019,    -0.06571259793,   7.320192958e-05,      0.3904843921,   -0.001323848377,     -0.3237698783,    -0.01437342863,    -0.01368693015,     0.07018576969,      0.2967086577,     -0.1167315346,     -0.3094852445,      -2.577549332,     -0.1851746404,      -2.124727347,      0.1644851145,     0.06160015018,       0.677663597,       2.723248762,       1.333052291,      0.3168989114,       0.139866886,    0.006267976069,      -0.135349411,    -0.08977055338,      0.4028102002,     -0.9945038228,       2.377014764,      -1.005995828,    -0.01580607957,    0.007313558169,    -0.03460593329,    0.002086447675,    -0.03176549722,    -0.03414319455,    -0.03426087644,    -0.03452898569,    -0.03432035924,     0.02578172079,     0.02050989239,    0.001161199299,    -0.01916409895,    -0.01307595154,     0.02478416727,    -0.06010668145,      0.1475820019,    -0.06571259793,      0.1600315282,      0.3864873016,     0.02085523372,      0.3204959755,    -0.01816900944,   -0.008016597732,    -0.04485536952,     -0.1647465359,    -0.08155259982,      -10.12468193,       52.84531724,     -0.6026490759,       153.6084415,       0.571973085,      0.2347934292,       1.309230066,        4.77125327,       2.376216381
          0,           0,         430,      -3.720705964,      -1.370135507,      -1.411769735,       -1.44060454,       1.772778742,       71.11653136,     -0.2100946427,      0.5691040701,     0.06224343492,      0.2877905387,     -0.2053820235,        1.02992344,     -0.2100946427,     0.06224343492,      0.5691040701,      -2.708798581,    -0.01579897158,    0.007304521503,    -0.03461374663,    0.002090075888,    -0.03177041121,     -0.0341285232,    -0.03429777883,    -0.03455697887,    -0.03432282979,      0.1601974217,      0.3864027236,     0.02085303817,      0.3205779774,     -0.0181649448,   -0.008102425381,    -0.04506498749,     -0.1654344182,    -0.08216031475,     0.02634889802,     0.02050425072,    0.001028484295,    -0.01916304546,    -0.01301667734,     0.02488245666,    -0.06032140404,       0.148269725,    -0.06628925297,    7.38559006e-05,      0.3904075532,    -0.00120962532,     -0.3238289137,    -0.01431789149,    -0.01374567405,     0.07066393217,      0.2974968709,     -0.1177495689,     -0.3045733232,       -2.57697526,     -0.1851697801,      -2.125277111,      0.1644642813,     0.06307438128,      0.6811717205,        2.73460328,       1.343299787,      0.3305110583,      0.1398376363,    0.005377989928,     -0.1353414055,    -0.08935786704,      0.4044275304,     -0.9981312794,        2.38834615,      -1.015746373,    -0.01579897158,    0.007304521503,    -0.03461374663,    0.002090075888,    -0.03177041121,     -0.0341285232,    -0.03429777883,    -0.03455697887,    -0.03432282979,     0.02634889802,     0.02050425072,    0.001028484295,    -0.01916304546,    -0.01301667734,     0.02488245666,    -0.06032140404,       0.148269725,    -0.06628925297,      0.1601974217,      0.3864027236,     0.02085303817,      0.3205779774,     -0.0181649448,   -0.008102425381,    -0.04506498749,     -0.1654344182,    -0.08216031475,      -10.13973731,       52.89911507,     -0.6024496105,       153.3810227,      0.5717566788,      0.2374091998,       1.313933118,       4.787294018,       2.393751193
          0,           0,         435,      -3.565818513,      -1.225840194,      -1.241081178,      -1.352359573,       1.927486377,       71.11653136,      -0.210137169,      0.5656355182,     0.06461746455,      0.2865372315,     -0.1578761242,       1.062221658,      -0.210137169,     0.06461746455,      0.5656355182,      -2.691744258,    -0.01579310109,    0.007311575825,    -0.03461521568,    0.002085301205,    -0.03176117072,    -0.03414918708,    -0.03431518786,    -0.03452848794,     -0.0343716957,      0.1579061693,       0.386314859,     0.02084897252,      0.3205735522,    -0.01815649665,   -0.008260492188,    -0.04449722248,     -0.1661812722,     -0.0829125513,      0.0279021965,     0.02049337479,    0.001050504692,    -0.01916095553,    -0.01295148457,     0.02503108475,    -0.05976910029,       0.149018612,     -0.0669967678,   7.287380152e-05,      0.3903391413,   -0.001242931139,     -0.3238238079,     -0.0142685176,     -0.0141444672,     0.06983326619,      0.2987146794,     -0.1189430054,     -0.2754653441,       -2.57640864,     -0.1851439382,      -2.125227307,      0.1644014201,     0.06578206145,      0.6718494331,       2.746730465,       1.355605725,      0.3499170516,       0.139754492,    0.005562885326,     -0.1353347255,    -0.08893211043,      0.4070266066,     -0.9891007053,       2.400560349,      -1.027232185,    -0.01579310109,    0.007311575825,    -0.03461521568,    0.002085301205,    -0.03176117072,    -0.03414918708,    -0.03431518786,    -0.03452848794,     -0.0343716957,      0.0279021965,     0.02049337479,    0.001050504692,    -0.01916095553,    -0.01295148457,     0.02503108475,    -0.05976910029,       0.149018612,     -0.0669967678,      0.1579061693,       0.386314859,     0.02084897252,      0.3205735522,    -0.01815649665,   -0.008260492188,    -0.04449722248,     -0.1661812722,     -0.0829125513,      -9.998427057,          52.83606,       -0.60230659,       153.7300949,      0.5716570338,      0.2418942556,       1.296720935,       4.812874298,       2.412233369
          0,           0,         440,       -3.41127171,      -1.034239249,      -1.169963975,      -1.170146598,       2.086705664,       71.11653136,     -0.2100650261,      0.5657965332,     0.06398249251,        0.28805192,     -0.1647653392,        1.04818483,     -0.2100650261,     0.06398249251,      0.5657965332,      -2.693435188,    -0.01577011656,    0.007321181011,    -0.03460019481,    0.002085425729,    -0.03176045602,    -0.03419979653,    -0.03424337906,     -0.0345038427,     -0.0343938472,      0.1570681746,      0.3863936385,     0.02084531649,       0.320498166,    -0.01815972624,   -0.008020729023,    -0.04484093036,     -0.1656788442,    -0.08230853263,      0.0277915054,     0.02049308481,    0.001131425515,    -0.01915644848,    -0.01302526697,      0.0246972897,    -0.06007447163,      0.1485329248,    -0.06640755058,   7.348411717e-05,      0.3903969343,   -0.001299632973,     -0.3237646768,    -0.01433416748,    -0.01343837381,     0.07026061033,      0.2980347171,     -0.1178769748,     -0.2655390049,      -2.576937142,     -0.1851039047,      -2.124727835,      0.1644213621,     0.06156332662,        0.67774376,       2.738193567,       1.345620532,      0.3450922649,      0.1397428225,    0.006095964746,     -0.1353023922,    -0.08943177354,      0.4013620856,     -0.9942570441,       2.392318638,      -1.017435736,    -0.01577011656,    0.007321181011,    -0.03460019481,    0.002085425729,    -0.03176045602,    -0.03419979653,    -0.03424337906,     -0.0345038427,     -0.0343938472,      0.0277915054,     0.02049308481,    0.001131425515,    -0.01915644848,    -0.01302526697,      0.0246972897,    -0.06007447163,      0.1485329248,    -0.06640755058,      0.1570681746,      0.3863936385,     0.02084531649,       0.320498166,    -0.01815972624,   -0.008020729023,    -0.04484093036,     -0.1656788442,    -0.08230853263,      -9.959861364,       52.77750105,     -0.6024624026,       153.6847664,      0.5717715836,      0.2345256357,       1.309477382,       4.801750507,       2.393117936
          0,           0,         445,      -3.297501465,     -0.8943108983,      -1.130187101,      -1.060526165,       2.202963994,       71.11653136,     -0.2100323344,      0.5615040653,     0.05635967834,      0.2873472255,    -0.09774147705,      0.9258096884,     -0.2100323344,     0.05635967834,      0.5615040653,      -2.673417247,    -0.01577332433,    0.007322778909,    -0.03460033491,    0.002102733471,    -0.03174942582,    -0.03413386751,    -0.03430214215,    -0.03452959293,    -0.03436915915,      0.1556283457,      0.3863065306,     0.02085282709,      0.3205934024,    -0.01817003192,   -0.007515994811,     -0.0465699011,     -0.1652380467,    -0.08438306594,     0.02525086912,     0.02049954228,   0.0009612242583,    -0.01916822532,    -0.01303527715,     0.02415407056,    -0.06181470989,      0.1480630155,    -0.06855083103,   7.329692504e-05,      0.3903122979,   -0.001137567599,     -0.3238579177,    -0.01434470988,    -0.01267250807,     0.07322672501,      0.2972612934,     -0.1215136845,     -0.2454852446,      -2.576336381,     -0.1851530635,      -2.125369396,      0.1644780946,     0.05346555793,      0.7059003017,       2.731087287,       1.379671367,      0.3040816787,      0.1397813558,    0.004947359948,     -0.1353625626,    -0.08949030552,      0.3925148387,        -1.0227042,       2.384697841,      -1.052656318,    -0.01577332433,    0.007322778909,    -0.03460033491,    0.002102733471,    -0.03174942582,    -0.03413386751,    -0.03430214215,    -0.03452959293,    -0.03436915915,     0.02525086912,     0.02049954228,   0.0009612242583,    -0.01916822532,    -0.01303527715,     0.02415407056,    -0.06181470989,      0.1480630155,    -0.06855083103,      0.1556283457,      0.3863065306,     0.02085282709,      0.3205934024,    -0.01817003192,   -0.007515994811,     -0.0465699011,     -0.1652380467,    -0.08438306594,      -9.866553328,       52.75408904,     -0.6026770302,       152.4650684,      0.5722948195,      0.2201917145,       1.357638275,       4.785403842,       2.455197276
          0,           0,         450,       -3.19955299,     -0.7925730297,     -0.8258288959,     -0.9962027301,       2.305550726,       71.11653136,     -0.2099007937,       0.565537907,     0.05753542229,      0.2865137074,      -0.156618581,      0.9450658067,     -0.2099007937,     0.05753542229,       0.565537907,      -2.694310473,    -0.01578481552,    0.007319410209,    -0.03460292414,    0.002089560346,     -0.0317670184,    -0.03407966521,    -0.03425275905,    -0.03450152794,    -0.03432105404,      0.1583494824,      0.3863629487,      0.0208566257,      0.3205957952,    -0.01817497164,   -0.007242164878,    -0.04589703874,     -0.1651308254,    -0.08418194427,     0.02579002015,      0.0205056093,   0.0009863967349,    -0.01917109109,    -0.01305158723,     0.02398779039,    -0.06115678573,      0.1479803945,    -0.06833532473,   7.323422379e-05,      0.3903715472,   -0.001158792173,     -0.3238650811,    -0.01436314893,    -0.01244110041,     0.07215758269,      0.2970703896,     -0.1213309237,     -0.2828935343,      -2.576728228,     -0.1851809594,      -2.125386227,       0.164530033,     0.04920774814,       0.694576888,       2.729358342,       1.375897357,      0.3120133373,      0.1398259678,    0.005126939875,     -0.1353950914,    -0.08959997103,      0.3899401874,      -1.011534369,       2.383417792,      -1.048728986,    -0.01578481552,    0.007319410209,    -0.03460292414,    0.002089560346,     -0.0317670184,    -0.03407966521,    -0.03425275905,    -0.03450152794,    -0.03432105404,     0.02579002015,      0.0205056093,   0.0009863967349,    -0.01917109109,    -0.01305158723,     0.02398779039,    -0.06115678573,      0.1479803945,    -0.06833532473,      0.1583494824,      0.3863629487,      0.0208566257,      0.3205957952,    -0.01817497164,   -0.007242164878,    -0.04589703874,     -0.1651308254,    -0.08418194427,      -10.03176009,        52.7860767,     -0.6027417111,       153.4273925,       0.572133381,      0.2125069255,       1.339951584,       4.786188766,       2.452778524
          0,           0,         455,      -3.051922557,      -0.598659662,     -0.6468232339,     -0.8838451957,       2.462344404,       71.11653136,     -0.2099056912,      0.5676870297,      0.0629553573,      0.2858406846,     -0.1894374209,       1.042375235,     -0.2099056912,      0.0629553573,      0.5676870297,      -2.704486127,    -0.01573323112,    0.007319879828,      -0.034614129,    0.002087700012,    -0.03176956572,    -0.03412607642,    -0.03424891972,    -0.03448402979,    -0.03433731922,      0.1591740842,      0.3864327797,     0.02085132097,      0.3206279181,    -0.01816023069,   -0.008100438556,    -0.04503435118,     -0.1652342062,    -0.08286984664,     0.02804619198,     0.02049151965,   0.0009773977593,    -0.01916282608,     -0.0131095425,     0.02492554348,    -0.06032003593,      0.1480755731,    -0.06696846412,   7.309323959e-05,      0.3904324124,   -0.001149364307,     -0.3238954774,    -0.01441918758,    -0.01391556865,     0.07079285063,      0.2971011788,     -0.1191792525,     -0.2952344552,      -2.577183475,     -0.1851584596,      -2.125599916,      0.1644349567,     0.06316262805,      0.6806365696,       2.730998728,       1.354506003,       0.357125469,      0.1397313402,    0.005059647031,     -0.1353430301,    -0.08998962731,      0.4052646664,     -0.9980028611,       2.384958498,      -1.026428867,    -0.01573323112,    0.007319879828,      -0.034614129,    0.002087700012,    -0.03176956572,    -0.03412607642,    -0.03424891972,    -0.03448402979,    -0.03433731922,     0.02804619198,     0.02049151965,   0.0009773977593,    -0.01916282608,     -0.0131095425,     0.02492554348,    -0.06032003593,      0.1480755731,    -0.06696846412,      0.1591740842,      0.3864327797,     0.02085132097,      0.3206279181,    -0.01816023069,   -0.008100438556,    -0.04503435118,     -0.1652342062,    -0.08286984664,       -10.1170626,       52.79223004,     -0.6023933456,       153.5794971,      0.5716235106,      0.2373680014,       1.314913041,       4.791615344,       2.413404672
          0,           0,         460,      -2.935838445,     -0.4867706799,     -0.5468084185,     -0.7379764428,       2.577082205,       71.11653136,     -0.2100526313,      0.5704126015,      0.0613099874,      0.2853848723,     -0.2239040697,      0.9972358025,     -0.2100526313,      0.0613099874,      0.5704126015,      -2.715569892,    -0.01582067515,    0.007340893829,    -0.03460662011,    0.002113457234,     -0.0317647854,    -0.03416170259,    -0.03427809549,    -0.03451973066,      -0.034355373,      0.1609050598,      0.3865861556,     0.02084184035,      0.3208030185,    -0.01814331301,   -0.007256512752,    -0.04476888859,     -0.1650839772,    -0.08347078135,     0.02794701236,     0.02047987936,   0.0009600285881,    -0.01914538625,    -0.01317584456,      0.0240003958,    -0.06006348908,      0.1479223863,    -0.06761499512,   7.300106073e-05,      0.3905804546,   -0.001134180068,     -0.3240695447,    -0.01448723889,    -0.01255101301,     0.07017898162,      0.2970116243,     -0.1202172126,     -0.3171126209,      -2.578203253,     -0.1850897088,      -2.126775615,       0.164320431,     0.04918406651,      0.6764673828,        2.72856417,       1.364741077,      0.3372697565,      0.1396368899,    0.004946396015,      -0.135202299,    -0.09042659147,      0.3900163487,     -0.9940371459,       2.382404369,      -1.037371922,    -0.01582067515,    0.007340893829,    -0.03460662011,    0.002113457234,     -0.0317647854,    -0.03416170259,    -0.03427809549,    -0.03451973066,      -0.034355373,     0.02794701236,     0.02047987936,   0.0009600285881,    -0.01914538625,    -0.01317584456,      0.0240003958,    -0.06006348908,      0.1479223863,    -0.06761499512,      0.1609050598,      0.3865861556,     0.02084184035,      0.3208030185,    -0.01814331301,   -0.007256512752,    -0.04476888859,     -0.1650839772,    -0.08347078135,      -10.17055583,       52.66200066,     -0.6022500978,       151.7906364,      0.5711769425,      0.2124166011,       1.306049474,       4.782307798,        2.42962815
          0,           0,         465,      -2.900286246,     -0.4615774273,     -0.5414108464,     -0.6859739801,       2.609834118,       71.11653136,     -0.2097922337,      0.5689953898,     0.05838978955,      0.2856151114,      -0.186011846,      0.9670408278,     -0.2097922337,     0.05838978955,      0.5689953898,      -2.712185193,    -0.01566089803,    0.007353941724,    -0.03460399854,     0.00214190237,    -0.03176007398,    -0.03411664572,    -0.03429093943,    -0.03453333278,    -0.03432218932,      0.1602428851,      0.3867434944,        0.02084357,      0.3211124134,    -0.01813766269,   -0.007569229151,    -0.04522289697,     -0.1652898694,    -0.08372731482,     0.02486667985,      0.0204848835,    0.001074353051,    -0.01915138899,    -0.01295882233,     0.02428757775,    -0.06049992618,      0.1481417281,    -0.06785529518,   7.309725629e-05,      0.3907173406,   -0.001243706176,     -0.3243923746,    -0.01426198093,    -0.01307158827,     0.07086606784,      0.2973987668,     -0.1204705112,     -0.2963164051,      -2.579240562,     -0.1850974424,      -2.128847065,      0.1642794877,     0.05456695391,      0.6838279125,       2.732101283,       1.368713992,       0.307060211,      0.1396620807,    0.005710086622,     -0.1352131863,    -0.08897264248,      0.3949073345,      -1.001133761,       2.386147119,      -1.041126415,    -0.01566089803,    0.007353941724,    -0.03460399854,     0.00214190237,    -0.03176007398,    -0.03411664572,    -0.03429093943,    -0.03453333278,    -0.03432218932,     0.02486667985,      0.0204848835,    0.001074353051,    -0.01915138899,    -0.01295882233,     0.02428757775,    -0.06049992618,      0.1481417281,    -0.06785529518,      0.1602428851,      0.3867434944,        0.02084357,      0.3211124134,    -0.01813766269,   -0.007569229151,    -0.04522289697,     -0.1652898694,    -0.08372731482,      -10.23203681,       52.58995909,     -0.6023457079,       149.9192577,       0.571083767,      0.2218632281,       1.318800176,       4.786386257,       2.439451459
          0,           0,         470,      -2.875956383,     -0.4377832241,     -0.4997744207,     -0.6785941001,       2.635125404,       71.11653136,     -0.2098430018,      0.5701866336,     0.06411665706,      0.2847059895,      -0.210814719,       1.045923656,     -0.2098430018,     0.06411665706,      0.5701866336,      -2.717205857,    -0.01580473264,    0.007354898682,    -0.03460213187,    0.002160354053,    -0.03175647038,    -0.03412013629,    -0.03424955265,    -0.03448050479,    -0.03434472592,      0.1604497544,      0.3867625143,     0.02084271125,      0.3212137559,    -0.01813515055,   -0.008242595248,    -0.04464718178,     -0.1652550795,    -0.08280209509,     0.02836336674,     0.02048260895,    0.001058290419,    -0.01914892364,     -0.0129552076,     0.02501933708,    -0.05992291651,      0.1481188393,     -0.0668987377,   7.284935136e-05,      0.3907347419,   -0.001233515102,     -0.3245063788,    -0.01424346543,    -0.01427393798,     0.06999598196,      0.2971587758,     -0.1189990622,     -0.3059367392,      -2.579358536,     -0.1850897852,      -2.129531287,       0.164257301,     0.06547513025,      0.6743905867,       2.731365364,       1.353613247,      0.3494233812,      0.1396488524,    0.005597314625,     -0.1351758505,    -0.08894326519,      0.4067765161,     -0.9916074474,        2.38568874,      -1.025484585,    -0.01580473264,    0.007354898682,    -0.03460213187,    0.002160354053,    -0.03175647038,    -0.03412013629,    -0.03424955265,    -0.03448050479,    -0.03434472592,     0.02836336674,     0.02048260895,    0.001058290419,    -0.01914892364,     -0.0129552076,     0.02501933708,    -0.05992291651,      0.1481188393,     -0.0668987377,      0.1604497544,      0.3867625143,     0.02084271125,      0.3212137559,    -0.01813515055,   -0.008242595248,    -0.04464718178,     -0.1652550795,    -0.08280209509,      -10.15200687,       52.58570253,     -0.6023533848,       148.6857006,      0.5710694651,      0.2415756836,       1.303584378,       4.792710562,       2.410911512
          0,           0,         475,       -2.90883013,     -0.5025450188,     -0.5603871954,     -0.6946740061,       2.595318635,       71.11653136,     -0.2098665688,      0.5714645201,     0.06572081548,      0.2856231943,     -0.2332014032,       1.073077994,     -0.2098665688,     0.06572081548,      0.5714645201,      -2.722989771,      -0.015751905,    0.007355122866,    -0.03460308282,     0.00215204307,    -0.03175291612,    -0.03412667148,     -0.0342755085,    -0.03452728755,    -0.03433636325,      0.1607880517,      0.3867245249,     0.02084177593,      0.3211228944,    -0.01813433927,   -0.007950006268,    -0.04402896421,     -0.1655595019,    -0.08233991534,     0.02901366849,     0.02048308011,     0.00105556972,    -0.01915073331,    -0.01305209185,     0.02474602608,     -0.0593053904,      0.1483934101,     -0.0664627234,   7.293805267e-05,      0.3906866056,   -0.001224942697,     -0.3244086012,    -0.01435333099,    -0.01375110422,     0.06890620035,      0.2978032263,     -0.1181077968,     -0.3118755257,      -2.579097365,     -0.1850840288,      -2.128915559,      0.1642463566,      0.0605140862,      0.6643772813,       2.736413768,       1.346219584,      0.3605234486,      0.1396509906,    0.005579042405,     -0.1351955337,     -0.0896008691,      0.4021305565,     -0.9816446268,       2.390171263,      -1.018536278,      -0.015751905,    0.007355122866,    -0.03460308282,     0.00215204307,    -0.03175291612,    -0.03412667148,     -0.0342755085,    -0.03452728755,    -0.03433636325,     0.02901366849,     0.02048308011,     0.00105556972,    -0.01915073331,    -0.01305209185,     0.02474602608,     -0.0593053904,      0.1483934101,     -0.0664627234,      0.1607880517,      0.3867245249,     0.02084177593,      0.3211228944,    -0.01813433927,   -0.007950006268,    -0.04402896421,     -0.1655595019,    -0.08233991534,      -10.20753056,        52.5789347,      -0.602309801,       149.2176894,      0.5711078378,      0.2329558062,       1.284560496,        4.79503354,       2.398038335
          0,           0,         480,      -3.525476523,       -1.15531715,      -1.184211681,       -1.36720376,       1.969990723,       71.11653136,     -0.2098322313,      0.5703288411,     0.06201850517,      0.2854843056,     -0.2164137304,       1.015717171,     -0.2098322313,     0.06201850517,      0.5703288411,      -2.718023049,    -0.01572797531,    0.007341532926,    -0.03460352818,    0.002150686387,    -0.03174943958,    -0.03410907419,    -0.03428186643,    -0.03451803373,    -0.03433453322,      0.1599708473,      0.3866405552,     0.02084202113,      0.3210944908,    -0.01813491435,   -0.007533074781,    -0.04436501116,     -0.1653259229,    -0.08286015018,     0.02678690638,     0.02049568393,    0.001042655109,    -0.01914912415,     -0.0130344985,     0.02435008236,    -0.05964272815,      0.1481581038,    -0.06698857567,   7.299596369e-05,      0.3906055935,   -0.001214535629,     -0.3243808863,    -0.01433380161,     -0.0130112274,     0.06932854492,      0.2973907649,     -0.1189731427,     -0.2992300685,       -2.57853381,     -0.1850865999,       -2.12872835,       0.164246865,     0.05370578533,       0.669928965,        2.73251479,       1.354768692,      0.3276174463,      0.1397522238,    0.005493283675,     -0.1351856183,    -0.08947681513,      0.3956462422,     -0.9872143123,       2.386272216,      -1.027187496,    -0.01572797531,    0.007341532926,    -0.03460352818,    0.002150686387,    -0.03174943958,    -0.03410907419,    -0.03428186643,    -0.03451803373,    -0.03433453322,     0.02678690638,     0.02049568393,    0.001042655109,    -0.01914912415,     -0.0130344985,     0.02435008236,    -0.05964272815,      0.1481581038,    -0.06698857567,      0.1599708473,      0.3866405552,     0.02084202113,      0.3210944908,    -0.01813491435,   -0.007533074781,    -0.04436501116,     -0.1653259229,    -0.08286015018,      -10.17110239,       52.66482615,      -0.602309135,       149.2986113,      0.5711884867,      0.2208525139,       1.294124731,       4.789552157,       2.413318092
          0,           0,         485,      -3.422815553,      -1.143882335,      -1.080698351,      -1.192089382,        2.06248881,       71.11653136,     -0.2098636232,      0.5698139137,     0.06259580508,      0.2852072491,     -0.2138349908,       1.022161546,     -0.2098636232,     0.06259580508,      0.5698139137,      -2.715162852,     -0.0157569109,    0.007331466134,    -0.03460216938,     0.00213035349,    -0.03175268508,    -0.03410102648,    -0.03427622084,     -0.0345073108,    -0.03432911933,      0.1595178692,      0.3864778965,      0.0208423891,      0.3209044654,    -0.01815269155,   -0.007458017459,     -0.0439121166,     -0.1655080643,    -0.08289781652,     0.02677021404,     0.02049947519,    0.001052732886,    -0.01915863198,    -0.01293750456,     0.02425645869,    -0.05915619513,      0.1482822435,    -0.06701298752,   7.270753795e-05,      0.3904587232,   -0.001223258579,      -0.324175293,    -0.01423771554,    -0.01289874606,     0.06823161385,      0.2976532498,     -0.1186740321,     -0.2939024203,      -2.577456031,     -0.1850864615,      -2.127439433,      0.1643700496,     0.05259060643,      0.6623430315,       2.735560246,       1.355185422,      0.3247788549,      0.1397829575,     0.00556446815,     -0.1352715341,    -0.08881899358,      0.3942225041,     -0.9790749725,       2.388365921,      -1.027387659,     -0.0157569109,    0.007331466134,    -0.03460216938,     0.00213035349,    -0.03175268508,    -0.03410102648,    -0.03427622084,     -0.0345073108,    -0.03432911933,     0.02677021404,     0.02049947519,    0.001052732886,    -0.01915863198,    -0.01293750456,     0.02425645869,    -0.05915619513,      0.1482822435,    -0.06701298752,      0.1595178692,      0.3864778965,      0.0208423891,      0.3209044654,    -0.01815269155,   -0.007458017459,     -0.0439121166,     -0.1655080643,    -0.08289781652,      -10.12367654,       52.71495352,     -0.6023434216,       150.6343745,      0.5716899691,       0.218703606,       1.281124801,       4.796318824,       2.414795898
          0,           0,         490,      -3.280371546,     -0.9158428529,     -0.8782874788,      -1.108904915,        2.21600848,       71.11653136,     -0.2098548975,      0.5658843742,     0.06656752094,      0.2864915435,     -0.1677265854,        1.08271094,     -0.2098548975,     0.06656752094,      0.5658843742,      -2.696550717,    -0.01578303635,    0.007333939554,    -0.03459244981,    0.002121304766,    -0.03174019894,    -0.03412590538,     -0.0342647889,    -0.03447599282,    -0.03432776959,      0.1563092696,      0.3865072113,     0.02084825105,      0.3207235314,    -0.01815662727,   -0.008177550931,    -0.04397279161,     -0.1660403306,    -0.08215658874,     0.02856076733,     0.02050159872,    0.001240365319,    -0.01915608813,    -0.01295253551,     0.02497790947,    -0.05922451963,      0.1488665808,    -0.06624655746,   7.323857916e-05,      0.3904915774,   -0.001410409282,     -0.3239960602,    -0.01427398526,    -0.01413755369,     0.06888146683,      0.2985260581,     -0.1176627889,     -0.2583834409,      -2.577674727,     -0.1851141863,      -2.126228391,      0.1643771671,     0.06451945558,      0.6635296581,       2.744237368,       1.343010511,      0.3512683153,       0.139794782,    0.006833754075,     -0.1352604501,    -0.08895251856,      0.4062389657,     -0.9803840277,       2.397960298,      -1.014788178,    -0.01578303635,    0.007333939554,    -0.03459244981,    0.002121304766,    -0.03174019894,    -0.03412590538,     -0.0342647889,    -0.03447599282,    -0.03432776959,     0.02856076733,     0.02050159872,    0.001240365319,    -0.01915608813,    -0.01295253551,     0.02497790947,    -0.05922451963,      0.1488665808,    -0.06624655746,      0.1563092696,      0.3865072113,     0.02084825105,      0.3207235314,    -0.01815662727,   -0.008177550931,    -0.04397279161,     -0.1660403306,    -0.08215658874,      -9.903624761,        52.7011722,     -0.6026821218,       151.1916328,      0.5720388618,      0.2396288345,       1.283322998,        4.81611455,       2.393298187
          0,           0,         495,      -3.121243295,     -0.7131874514,     -0.7242203469,     -0.9221030999,       2.382884808,       71.11653136,     -0.2098844512,      0.5683962514,     0.06816530818,      0.2859645287,     -0.1999913698,       1.121646274,     -0.2098844512,     0.06816530818,      0.5683962514,      -2.708138922,    -0.01572320282,    0.007336613571,     -0.0346072879,    0.002118966862,    -0.03175286507,    -0.03413063967,     -0.0342583392,     -0.0345162328,    -0.03435146415,      0.1590056883,      0.3865375781,     0.02084975619,      0.3208169838,    -0.01814962167,   -0.009122592953,     -0.0442951897,     -0.1657160775,    -0.08153027318,     0.02924294143,     0.02049205139,    0.001157804434,     -0.0191564028,    -0.01295059261,     0.02599220977,    -0.05956039862,      0.1485561066,    -0.06560841138,   7.282077976e-05,      0.3905279246,   -0.001332830898,     -0.3240842228,    -0.01425179542,    -0.01552253561,     0.06919555088,      0.2980908786,     -0.1167312616,     -0.2948387748,      -2.577869872,     -0.1851398644,      -2.126876514,      0.1643428449,     0.07967395876,      0.6688129447,       2.738863503,       1.333040404,      0.3750840302,       0.139721805,    0.006248907266,     -0.1352656176,    -0.08891513973,      0.4225082642,     -0.9858655648,       2.392729054,      -1.004599464,    -0.01572320282,    0.007336613571,     -0.0346072879,    0.002118966862,    -0.03175286507,    -0.03413063967,     -0.0342583392,     -0.0345162328,    -0.03435146415,     0.02924294143,     0.02049205139,    0.001157804434,     -0.0191564028,    -0.01295059261,     0.02599220977,    -0.05956039862,      0.1485561066,    -0.06560841138,      0.1590056883,      0.3865375781,     0.02084975619,      0.3208169838,    -0.01814962167,   -0.009122592953,     -0.0442951897,     -0.1657160775,    -0.08153027318,      -10.11280527,       52.68610297,     -0.6024672101,       151.4025488,       0.571590048,      0.2672845584,       1.292975396,       4.801105569,       2.373414793
          0,           0,         500,       -2.94923148,     -0.5077004372,      -0.556020159,      -0.785720426,       2.562272524,       71.11653136,     -0.2099317193,       0.574142289,     0.06776652389,      0.2865647763,     -0.2842529987,       1.103329708,     -0.2099317193,     0.06776652389,       0.574142289,      -2.734900142,    -0.01581349773,    0.007333979314,    -0.03460532895,    0.002116540231,    -0.03175747667,    -0.03413560752,     -0.0342424634,    -0.03449945681,    -0.03432840779,      0.1616344477,      0.3865059049,     0.02083743575,      0.3207647764,    -0.01814066732,   -0.007618371963,    -0.04310281638,     -0.1654716315,    -0.08126678851,     0.02936983392,     0.02047541157,    0.001133942614,    -0.01914629027,    -0.01305313416,      0.0244834259,    -0.05841800226,      0.1482833455,    -0.06536200893,   7.299431396e-05,      0.3905006922,   -0.001313884106,     -0.3240480843,     -0.0143655035,    -0.01311697971,     0.06734231979,      0.2977568666,      -0.116263645,     -0.3272295372,      -2.577666772,     -0.1850578438,      -2.126519435,      0.1642945186,     0.05494916911,      0.6492706794,       2.734916386,       1.328789836,        0.36412301,      0.1396144985,    0.006110761187,     -0.1352027935,    -0.08962531528,      0.3977353063,     -0.9671141424,       2.388353832,      -1.000665448,    -0.01581349773,    0.007333979314,    -0.03460532895,    0.002116540231,    -0.03175747667,    -0.03413560752,     -0.0342424634,    -0.03449945681,    -0.03432840779,     0.02936983392,     0.02047541157,    0.001133942614,    -0.01914629027,    -0.01305313416,      0.0244834259,    -0.05841800226,      0.1482833455,    -0.06536200893,      0.1616344477,      0.3865059049,     0.02083743575,      0.3207647764,    -0.01814066732,   -0.007618371963,    -0.04310281638,     -0.1654716315,    -0.08126678851,      -10.22129642,       52.70070835,     -0.6021452875,       151.5514667,      0.5712250854,      0.2231796214,       1.258753375,       4.796354689,       2.367333464
          0,           0,         505,       -2.91555134,     -0.4852025445,     -0.5334700776,     -0.7463117821,       2.593821566,       71.11653136,     -0.2099743429,      0.5688445071,     0.06275112541,       0.287219883,     -0.2047192785,       1.045107177,     -0.2099743429,     0.06275112541,      0.5688445071,      -2.709114358,    -0.01570145633,    0.007334318997,    -0.03460129237,    0.002116806193,    -0.03175529188,    -0.03416631774,    -0.03430752741,    -0.03454077858,    -0.03435280375,      0.1585858066,      0.3865121278,     0.02083960665,      0.3208145332,    -0.01813726368,   -0.008115948328,    -0.04430557675,       -0.16556364,    -0.08178513823,     0.02573430225,     0.02047771073,   0.0009681602852,    -0.01915098388,    -0.01317082837,     0.02499529417,    -0.05962937775,      0.1483579789,    -0.06583113095,   7.326060823e-05,       0.390481713,   -0.001142777918,     -0.3240912265,    -0.01447437621,    -0.01387520311,     0.06935219821,      0.2978485904,     -0.1169522954,     -0.2855577677,      -2.577691649,     -0.1850674352,      -2.126865079,      0.1642688328,     0.06327083693,      0.6690310847,       2.736568387,       1.337323511,      0.3255831092,      0.1396331058,    0.004994572284,     -0.1352346306,    -0.09038970719,      0.4063347573,     -0.9871201942,       2.389666669,      -1.008360505,    -0.01570145633,    0.007334318997,    -0.03460129237,    0.002116806193,    -0.03175529188,    -0.03416631774,    -0.03430752741,    -0.03454077858,    -0.03435280375,     0.02573430225,     0.02047771073,   0.0009681602852,    -0.01915098388,    -0.01317082837,     0.02499529417,    -0.05962937775,      0.1483579789,    -0.06583113095,      0.1585858066,      0.3865121278,     0.02083960665,      0.3208145332,    -0.01813726368,   -0.008115948328,    -0.04430557675,       -0.16556364,    -0.08178513823,      -10.10006991,       52.69911603,      -0.602278274,        151.555931,      0.5711572026,       0.237542377,       1.291424364,       4.793280489,       2.380741287
          0,           0,         510,      -2.877640998,     -0.4563372978,      -0.498350845,     -0.7041686207,       2.629673308,       71.11653136,     -0.2099632401,      0.5731996963,     0.06888319096,      0.2868855659,     -0.2661998927,       1.122711428,     -0.2099632401,     0.06888319096,      0.5731996963,      -2.730000242,    -0.01581136477,    0.007327992457,     -0.0345967187,    0.002118754489,    -0.03174784328,    -0.03414134614,    -0.03426138226,    -0.03450028644,    -0.03435104547,      0.1617438542,      0.3863913573,     0.02084147872,      0.3207374897,    -0.01814373019,   -0.008301101138,    -0.04370446611,     -0.1654114935,    -0.08095369275,     0.03015225481,     0.02048521661,    0.001052591034,    -0.01914939824,    -0.01308447963,      0.0251819998,    -0.05899361924,      0.1482577326,    -0.06501910682,   7.310348015e-05,      0.3903517788,   -0.001217512647,     -0.3240151927,    -0.01439796094,    -0.01425723651,     0.06849798039,      0.2975941796,     -0.1157435735,     -0.3252348809,      -2.576871101,     -0.1850745785,      -2.126338757,      0.1643031697,     0.06623191342,      0.6591104536,       2.733994891,       1.323678997,      0.3767990689,      0.1396924301,    0.005563995999,     -0.1352207641,    -0.08981478887,      0.4092810106,     -0.9765612276,       2.388000126,     -0.9950284227,    -0.01581136477,    0.007327992457,     -0.0345967187,    0.002118754489,    -0.03174784328,    -0.03414134614,    -0.03426138226,    -0.03450028644,    -0.03435104547,     0.03015225481,     0.02048521661,    0.001052591034,    -0.01914939824,    -0.01308447963,      0.0251819998,    -0.05899361924,      0.1482577326,    -0.06501910682,      0.1617438542,      0.3863913573,     0.02084147872,      0.3207374897,    -0.01814373019,   -0.008301101138,    -0.04370446611,     -0.1654114935,    -0.08095369275,      -10.22959477,        52.7281325,     -0.6024120063,       151.3802054,      0.5714948896,      0.2431392454,       1.275618881,       4.794496236,       2.356658775
          0,           0,         515,      -3.090153544,     -0.6666862403,     -0.7356907441,     -0.9035374851,        2.41322593,       71.11653136,     -0.2099303147,      0.5746212336,     0.06823575434,      0.2869258938,     -0.2910603183,       1.124410275,     -0.2099303147,     0.06823575434,      0.5746212336,      -2.737199887,    -0.01577841088,    0.007308000848,    -0.03459955811,    0.002113671198,    -0.03175567584,    -0.03414097722,    -0.03424720335,    -0.03449853024,    -0.03433163109,      0.1622617927,      0.3863839753,     0.02084441576,      0.3206678206,    -0.01814472343,   -0.007719765153,    -0.04298277513,      -0.165665788,     -0.0810237191,      0.0294228077,     0.02047616861,    0.001011015974,    -0.01915162933,    -0.01319873809,     0.02457088711,    -0.05827276918,      0.1484953093,    -0.06511729778,   7.319874043e-05,       0.390354256,   -0.001177463655,     -0.3239469552,     -0.0145146859,    -0.01315543614,     0.06704526122,      0.2981914766,     -0.1159437578,     -0.3346862924,      -2.576833344,     -0.1850977022,       -2.12587787,      0.1643179099,     0.05660992072,      0.6472958224,       2.738256564,       1.324954673,      0.3756952538,      0.1396523115,     0.00526958975,     -0.1352392369,    -0.09060245484,      0.3991876491,     -0.9647425417,       2.391975083,     -0.9967853786,    -0.01577841088,    0.007308000848,    -0.03459955811,    0.002113671198,    -0.03175567584,    -0.03414097722,    -0.03424720335,    -0.03449853024,    -0.03433163109,      0.0294228077,     0.02047616861,    0.001011015974,    -0.01915162933,    -0.01319873809,     0.02457088711,    -0.05827276918,      0.1484953093,    -0.06511729778,      0.1622617927,      0.3863839753,     0.02084441576,      0.3206678206,    -0.01814472343,   -0.007719765153,    -0.04298277513,      -0.165665788,     -0.0810237191,      -10.28378548,       52.87136432,      -0.602447456,       151.7113073,      0.5713852074,      0.2261143582,       1.255074018,       4.802111476,       2.360031159
          0,           0,         520,       -4.10763647,      -1.709396713,      -1.669368552,      -2.080691682,       1.392958498,       71.11653136,     -0.2099805823,      0.5744894673,      0.0671600304,      0.2858717308,     -0.2883149772,       1.110056104,     -0.2099805823,      0.0671600304,      0.5744894673,      -2.735917107,    -0.01576541748,    0.007300874092,     -0.0346045436,     0.00210981536,    -0.03176144374,    -0.03416780596,     -0.0342494217,    -0.03450942612,    -0.03433321316,      0.1618937003,      0.3864236767,     0.02084636891,      0.3206973566,    -0.01814468139,   -0.007535258897,    -0.04260205582,     -0.1657585389,    -0.08133110013,     0.02857158304,     0.02048611704,   0.0009379948871,    -0.01915519299,    -0.01325956943,     0.02435032133,    -0.05788429451,      0.1485491714,    -0.06543610039,   7.317814155e-05,      0.3903985676,   -0.001113367142,     -0.3239740087,    -0.01455645499,    -0.01299317527,     0.06622934158,      0.2982718073,     -0.1164641577,     -0.3287724907,       -2.57711048,       -0.18511664,      -2.126080608,      0.1643237208,     0.05361319559,      0.6410228235,       2.739794994,       1.330010508,      0.3636720021,      0.1397292356,    0.004780168714,     -0.1352682237,    -0.09100331877,      0.3956544587,     -0.9583398013,       2.392856798,      -1.002025216,    -0.01576541748,    0.007300874092,     -0.0346045436,     0.00210981536,    -0.03176144374,    -0.03416780596,     -0.0342494217,    -0.03450942612,    -0.03433321316,     0.02857158304,     0.02048611704,   0.0009379948871,    -0.01915519299,    -0.01325956943,     0.02435032133,    -0.05788429451,      0.1485491714,    -0.06543610039,      0.1618937003,      0.3864236767,     0.02084636891,      0.3206973566,    -0.01814468139,   -0.007535258897,    -0.04260205582,     -0.1657585389,    -0.08133110013,      -10.26891298,       52.92841265,      -0.602417103,       152.0025698,        0.57128012,       0.220536809,       1.243876647,       4.803282973,       2.368875285
          0,           0,         525,       -4.99242563,      -2.265603564,      -2.246046946,      -2.459220437,      0.4256857212,       71.11653136,     -0.2100618572,      0.5738177965,     0.06604244117,      0.2848264111,     -0.2799770078,       1.092600563,     -0.2100618572,     0.06604244117,      0.5738177965,      -2.731661064,    -0.01578074406,    0.007299456655,    -0.03460678666,    0.002101753645,    -0.03176885704,    -0.03419140235,    -0.03426136739,    -0.03451507708,    -0.03433883294,      0.1610551663,      0.3863968951,     0.02084642489,      0.3206869278,    -0.01814947832,   -0.007554433891,    -0.04243429284,     -0.1655875682,    -0.08144184433,     0.02771083385,     0.02049517501,   0.0008557477021,    -0.01916291031,    -0.01327482757,     0.02433988554,    -0.05770408904,      0.1483345697,    -0.06555194375,   7.309512082e-05,      0.3903731844,   -0.001037104646,     -0.3239552962,    -0.01455547637,    -0.01322534001,     0.06584081089,      0.2977091028,     -0.1163965648,     -0.3172319799,      -2.576936978,      -0.185119058,      -2.126009944,      0.1643632972,     0.05401686689,      0.6382742582,        2.73692244,       1.331744091,      0.3493696563,      0.1397903932,    0.004228748748,     -0.1353304673,    -0.09109285616,      0.3956063877,     -0.9554017714,       2.389267814,      -1.003837342,    -0.01578074406,    0.007299456655,    -0.03460678666,    0.002101753645,    -0.03176885704,    -0.03419140235,    -0.03426136739,    -0.03451507708,    -0.03433883294,     0.02771083385,     0.02049517501,   0.0008557477021,    -0.01916291031,    -0.01327482757,     0.02433988554,    -0.05770408904,      0.1483345697,    -0.06555194375,      0.1610551663,      0.3863968951,     0.02084642489,      0.3206869278,    -0.01814947832,   -0.007554433891,    -0.04243429284,     -0.1655875682,    -0.08144184433,      -10.20580308,       52.93502151,     -0.6023796747,       152.5806455,      0.5712978058,      0.2209454241,       1.238546388,        4.79754305,       2.371712646
          0,           0,         530,      -4.883428576,       -2.39135137,      -2.405656445,      -2.638904391,      0.5710011896,       71.11653136,     -0.2101214692,      0.5721310812,     0.06492745133,      0.2852549419,     -0.2573613182,       1.066311198,     -0.2101214692,     0.06492745133,      0.5721310812,      -2.722858751,    -0.01580268949,    0.007311195396,    -0.03460808409,    0.002096383467,    -0.03176731345,    -0.03420118659,    -0.03428746442,      -0.034507569,    -0.03435474105,      0.1593571792,      0.3863284199,       0.020847239,      0.3206343145,    -0.01815638575,    -0.00754522338,    -0.04274108212,     -0.1652349974,    -0.08135838271,      0.0272053814,     0.02049759678,   0.0008312282236,    -0.01916736484,      -0.013230418,     0.02429726582,    -0.05800498215,      0.1479718711,    -0.06547312702,   7.292512086e-05,      0.3903022079,   -0.001020306233,     -0.3238957276,    -0.01450810253,    -0.01316808234,     0.06638432924,      0.2969116742,     -0.1158239758,     -0.2930809439,      -2.576467645,     -0.1851251197,      -2.125648583,       0.164408616,     0.05393475938,      0.6433915144,       2.731004161,       1.330221922,      0.3332318373,       0.139790887,    0.004076441455,     -0.1353651151,    -0.09077650308,      0.3949660601,     -0.9604655765,       2.383225382,      -1.002372215,    -0.01580268949,    0.007311195396,    -0.03460808409,    0.002096383467,    -0.03176731345,    -0.03420118659,    -0.03428746442,      -0.034507569,    -0.03435474105,      0.0272053814,     0.02049759678,   0.0008312282236,    -0.01916736484,      -0.013230418,     0.02429726582,    -0.05800498215,      0.1479718711,    -0.06547312702,      0.1593571792,      0.3863284199,       0.020847239,      0.3206343145,    -0.01815638575,    -0.00754522338,    -0.04274108212,     -0.1652349974,    -0.08135838271,      -10.08418088,       52.84066407,     -0.6023806156,       152.9464048,      0.5715430038,      0.2206129124,       1.246551264,       4.788369688,       2.368185008
          0,           0,         535,      -3.977303581,      -1.648032931,      -1.540568826,      -1.968974587,       1.516416787,       71.11653136,     -0.2101339781,      0.5677701455,     0.06337207002,       0.287426432,     -0.1954375579,       1.028810966,     -0.2101339781,     0.06337207002,      0.5677701455,      -2.701943544,    -0.01579287898,    0.007331991154,    -0.03460378473,    0.002096516631,     -0.0317443897,    -0.03419454957,    -0.03431963276,    -0.03450962538,    -0.03439762479,      0.1562026527,      0.3863024246,     0.02084901841,      0.3205878996,    -0.01815463579,   -0.007497970875,    -0.04385725091,     -0.1651106949,    -0.08155129727,     0.02687142731,     0.02049823092,   0.0009529612683,    -0.01916408536,    -0.01312013956,     0.02423982292,    -0.05913753656,      0.1478852936,    -0.06565390454,   7.301934326e-05,      0.3902780456,   -0.001152810658,     -0.3238461623,    -0.01440806708,    -0.01284487694,     0.06846785935,        0.29688927,     -0.1160298453,     -0.2504731283,      -2.576288811,     -0.1851321169,      -2.125326991,      0.1643695108,      0.0531943633,      0.6619306191,       2.728923641,       1.333365354,      0.3182425038,      0.1397717739,    0.004927291485,     -0.1353417664,    -0.09001961925,      0.3940297672,     -0.9793314223,       2.381771344,      -1.005238906,    -0.01579287898,    0.007331991154,    -0.03460378473,    0.002096516631,     -0.0317443897,    -0.03419454957,    -0.03431963276,    -0.03450962538,    -0.03439762479,     0.02687142731,     0.02049823092,   0.0009529612683,    -0.01916408536,    -0.01312013956,     0.02423982292,    -0.05913753656,      0.1478852936,    -0.06565390454,      0.1562026527,      0.3863024246,     0.02084901841,      0.3205878996,    -0.01815463579,   -0.007497970875,    -0.04385725091,     -0.1651106949,    -0.08155129727,      -9.890701555,       52.68724641,     -0.6025068811,       152.9145511,      0.5719006087,        0.21927386,       1.277905601,        4.78448239,       2.370840945
          0,           0,         540,      -4.171513044,      -1.844659819,      -1.734420859,      -2.177001014,        1.31923045,       71.11653136,     -0.2101654432,      0.5630766259,     0.06190523248,      0.2876905712,     -0.1289008037,       1.000873313,     -0.2101654432,     0.06190523248,      0.5630766259,      -2.679206521,    -0.01578707951,    0.007343903189,    -0.03459320358,    0.002093656636,     -0.0317281463,    -0.03418549938,     -0.0343381024,    -0.03453461479,    -0.03443635707,      0.1535738655,      0.3863120613,      0.0208487777,      0.3205483129,    -0.01815206938,   -0.007719619985,    -0.04492702427,     -0.1651767414,     -0.0822309365,     0.02655036755,     0.02050072844,    0.001120274297,    -0.01916063241,    -0.01302798991,     0.02448103147,    -0.06021923953,      0.1479718182,    -0.06631112565,   7.338815896e-05,      0.3902919098,   -0.001317351394,     -0.3238022947,    -0.01433640486,    -0.01323287656,     0.07036011362,      0.2970944338,     -0.1174403466,      -0.217962435,      -2.576360955,     -0.1851182529,      -2.125053292,      0.1643323835,     0.05693094836,      0.6796433289,       2.730060639,       1.344626831,      0.3118229544,      0.1397770245,    0.006073019393,      -0.135322032,    -0.08940484867,      0.3980828815,     -0.9972720335,       2.383174093,      -1.016057746,    -0.01578707951,    0.007343903189,    -0.03459320358,    0.002093656636,     -0.0317281463,    -0.03418549938,     -0.0343381024,    -0.03453461479,    -0.03443635707,     0.02655036755,     0.02050072844,    0.001120274297,    -0.01916063241,    -0.01302798991,     0.02448103147,    -0.06021923953,      0.1479718182,    -0.06631112565,      0.1535738655,      0.3863120613,      0.0208487777,      0.3205483129,    -0.01815206938,   -0.007719619985,    -0.04492702427,     -0.1651767414,     -0.0822309365,      -9.727819851,       52.60309829,     -0.6026842138,       153.1045288,      0.5721125087,      0.2258156272,       1.308372366,       4.782932786,       2.387910439
          0,           0,         545,      -3.973096008,      -1.635574368,       -1.55661062,       -1.94947995,       1.520946356,       71.11653136,     -0.2102091027,      0.5608507506,     0.06113160446,      0.2857363991,    -0.09747433106,      0.9901202671,     -0.2102091027,     0.06113160446,      0.5608507506,      -2.668061199,    -0.01579819229,    0.007347597008,    -0.03458300655,    0.002084195998,    -0.03172619835,    -0.03417757939,    -0.03434671948,    -0.03456365275,    -0.03444554693,      0.1532745105,      0.3863452711,     0.02084938074,      0.3204685944,     -0.0181583214,   -0.008247418934,    -0.04559403368,     -0.1650677176,    -0.08301951467,     0.02655164247,     0.02050512011,    0.001278346552,    -0.01916005402,    -0.01296837213,     0.02502644156,    -0.06087889762,      0.1478742712,    -0.06709689364,   7.354856397e-05,      0.3903312343,   -0.001448974212,     -0.3237282075,    -0.01429668319,    -0.01427249168,     0.07136564451,      0.2968240044,     -0.1191116761,     -0.2177840397,      -2.576593925,     -0.1851097402,      -2.124515509,      0.1643726716,     0.06570373319,      0.6904954174,       2.728337927,       1.357619133,      0.3158406946,       0.139802824,    0.007126698964,     -0.1353275651,    -0.08902387314,       0.407151438,      -1.008021309,       2.381561629,       -1.02899027,    -0.01579819229,    0.007347597008,    -0.03458300655,    0.002084195998,    -0.03172619835,    -0.03417757939,    -0.03434671948,    -0.03456365275,    -0.03444554693,     0.02655164247,     0.02050512011,    0.001278346552,    -0.01916005402,    -0.01296837213,     0.02502644156,    -0.06087889762,      0.1478742712,    -0.06709689364,      0.1532745105,      0.3863452711,     0.02084938074,      0.3204685944,     -0.0181583214,   -0.008247418934,    -0.04559403368,     -0.1650677176,    -0.08301951467,      -9.702028419,       52.58117323,     -0.6028793566,        153.761256,      0.5723446975,      0.2413107974,       1.327464002,       4.775760211,       2.410166831
          0,           0,         550,      -3.896895275,      -1.551603205,       -1.52463992,      -1.736754235,       1.597464021,       71.11653136,     -0.2101754978,      0.5654873445,      0.0616329685,      0.2849954875,     -0.1626545801,        1.01107172,     -0.2101754978,      0.0616329685,      0.5654873445,      -2.690548377,    -0.01579904468,    0.007333660875,     -0.0345851257,    0.002082925181,    -0.03173668522,    -0.03417835968,    -0.03432080119,    -0.03457525082,    -0.03439681661,      0.1576287185,       0.386414999,     0.02085388045,      0.3204009895,    -0.01816931506,   -0.008675516201,    -0.04542801455,     -0.1648229982,    -0.08271539898,     0.02631981186,     0.02051438474,    0.001303626821,    -0.01915881508,    -0.01294953707,     0.02545774576,    -0.06067911588,      0.1476576027,    -0.06683273539,   7.292407091e-05,       0.390410917,   -0.001438452172,     -0.3236773463,    -0.01427328157,    -0.01492833671,     0.07095938697,      0.2965941688,     -0.1187244925,     -0.2776135399,      -2.577069705,     -0.1851426547,       -2.12407495,      0.1644570764,     0.07260168893,      0.6873118682,        2.72443906,       1.352436577,      0.3247518069,      0.1398761573,    0.007244555763,     -0.1353179739,    -0.08891466002,      0.4141224388,      -1.004249376,       2.378105252,       -1.02454648,    -0.01579904468,    0.007333660875,     -0.0345851257,    0.002082925181,    -0.03173668522,    -0.03417835968,    -0.03432080119,    -0.03457525082,    -0.03439681661,     0.02631981186,     0.02051438474,    0.001303626821,    -0.01915881508,    -0.01294953707,     0.02545774576,    -0.06067911588,      0.1476576027,    -0.06683273539,      0.1576287185,       0.386414999,     0.02085388045,      0.3204009895,    -0.01816931506,   -0.008675516201,    -0.04542801455,     -0.1648229982,    -0.08271539898,      -9.977104423,       52.69060099,     -0.6029725216,       153.8226108,       0.572501978,      0.2538306777,       1.323629198,       4.767080333,       2.404739948
          0,           0,         555,      -3.530361482,      -1.207326171,      -1.215850124,      -1.284468349,       1.961935573,       71.11653136,     -0.2100522294,      0.5711818375,     0.06407622243,      0.2864383036,     -0.2481311436,       1.066302271,     -0.2100522294,     0.06407622243,      0.5711818375,      -2.719237206,    -0.01580654071,    0.007307117902,    -0.03460334755,    0.002101407818,     -0.0317596101,    -0.03413884297,    -0.03425531728,    -0.03455410597,    -0.03434299057,      0.1602722974,      0.3864180393,     0.02085939842,      0.3205123325,    -0.01817634522,   -0.008293790112,    -0.04393395647,     -0.1651830843,    -0.08129305389,     0.02602274548,      0.0205199784,    0.001130425705,     -0.0191611161,    -0.01296333046,     0.02506949805,    -0.05914043303,      0.1480504641,    -0.06545200971,   7.329293478e-05,      0.3904277306,   -0.001289648338,     -0.3237776148,    -0.01428070899,    -0.01424029105,     0.06853703005,      0.2972730672,     -0.1162845541,     -0.3131463876,      -2.577084033,     -0.1851996577,       -2.12484365,      0.1645268621,      0.0660971335,      0.6623475533,       2.730420654,       1.328750382,        0.33260982,      0.1399367437,    0.006047199064,     -0.1353132178,    -0.08901868897,      0.4074335899,     -0.9784429614,       2.384678568,      -1.001628781,    -0.01580654071,    0.007307117902,    -0.03460334755,    0.002101407818,     -0.0317596101,    -0.03413884297,    -0.03425531728,    -0.03455410597,    -0.03434299057,     0.02602274548,      0.0205199784,    0.001130425705,     -0.0191611161,    -0.01296333046,     0.02506949805,    -0.05914043303,      0.1480504641,    -0.06545200971,      0.1602722974,      0.3864180393,     0.02085939842,      0.3205123325,    -0.01817634522,   -0.008293790112,    -0.04393395647,     -0.1651830843,    -0.08129305389,       -10.1396188,       52.88241471,     -0.6028144644,       152.5226706,      0.5723100872,      0.2429429175,       1.282544141,       4.780418409,       2.367093039
          0,           0,         560,      -3.426051386,      -1.093996899,      -1.102091582,      -1.246515842,       2.067855671,       71.11653136,     -0.2099177665,      0.5725010827,     0.06764804142,      0.2860801536,     -0.2687858357,       1.114483177,     -0.2099177665,     0.06764804142,      0.5725010827,      -2.727263595,    -0.01580900692,    0.007303360261,    -0.03461351689,     0.00209731303,    -0.03176688879,    -0.03407724213,    -0.03424772873,     -0.0344714151,    -0.03433264128,      0.1599467081,      0.3863327335,     0.02085759581,      0.3205976413,     -0.0181666266,   -0.007595125753,    -0.04252058045,     -0.1657098783,    -0.08124138487,     0.02840329289,     0.02050460694,    0.001024467608,    -0.01917289922,    -0.01303739733,      0.0244115123,    -0.05774561545,      0.1486076835,    -0.06534760982,   7.303953874e-05,      0.3903534763,   -0.001220297751,     -0.3238530988,    -0.01434808291,    -0.01330726862,     0.06633553682,      0.2980379775,     -0.1159911285,     -0.3075678533,       -2.57652594,     -0.1851979495,      -2.125396392,      0.1644730854,     0.05483719651,      0.6396189115,       2.738879181,       1.328093925,      0.3598124825,      0.1398382709,    0.005373856112,     -0.1353996982,    -0.08952381859,      0.3967201085,     -0.9559975736,       2.393782802,      -1.000123253,    -0.01580900692,    0.007303360261,    -0.03461351689,     0.00209731303,    -0.03176688879,    -0.03407724213,    -0.03424772873,     -0.0344714151,    -0.03433264128,     0.02840329289,     0.02050460694,    0.001024467608,    -0.01917289922,    -0.01303739733,      0.0244115123,    -0.05774561545,      0.1486076835,    -0.06534760982,      0.1599467081,      0.3863327335,     0.02085759581,      0.3205976413,     -0.0181666266,   -0.007595125753,    -0.04252058045,     -0.1657098783,    -0.08124138487,      -10.11744184,       52.89794282,     -0.6025852812,       152.8611308,       0.571873019,      0.2228797074,       1.241559135,       4.807167847,       2.366301625
          0,           0,         565,      -3.356359203,     -0.9954970935,      -1.104322293,      -1.135711675,       2.140269945,       71.11653136,      -0.209985484,      0.5677661865,     0.06703139649,      0.2848718093,     -0.1910659779,       1.097668814,      -0.209985484,     0.06703139649,      0.5677661865,      -2.703835406,     -0.0157872397,    0.007316145437,    -0.03460488433,    0.002081540044,    -0.03176349243,    -0.03414081447,    -0.03426333133,    -0.03447632327,    -0.03434708397,       0.158580893,      0.3863577128,     0.02084831564,      0.3205581691,    -0.01816008788,   -0.008664100198,    -0.04389207829,     -0.1657537324,     -0.0821089053,     0.02881118667,     0.02049358188,    0.001071297562,    -0.01916718151,    -0.01301340007,     0.02558444819,    -0.05917819659,      0.1485977198,    -0.06616805948,   7.300854819e-05,       0.390362689,   -0.001246702531,     -0.3238238587,    -0.01432119351,    -0.01535013758,     0.06863927793,      0.2981027605,     -0.1175640344,     -0.2855413446,      -2.576696132,     -0.1851280402,      -2.125128317,      0.1644267723,     0.07256712505,      0.6624767508,       2.739482692,       1.342474516,       0.360797519,      0.1397515305,    0.005693662746,     -0.1353790028,    -0.08934940412,      0.4162861439,     -0.9798928428,       2.393475212,      -1.013714004,     -0.0157872397,    0.007316145437,    -0.03460488433,    0.002081540044,    -0.03176349243,    -0.03414081447,    -0.03426333133,    -0.03447632327,    -0.03434708397,     0.02881118667,     0.02049358188,    0.001071297562,    -0.01916718151,    -0.01301340007,     0.02558444819,    -0.05917819659,      0.1485977198,    -0.06616805948,       0.158580893,      0.3863577128,     0.02084831564,      0.3205581691,    -0.01816008788,   -0.008664100198,    -0.04389207829,     -0.1657537324,     -0.0821089053,      -10.04487776,       52.80891641,     -0.6024674276,       154.0004815,      0.5717283111,      0.2537754395,       1.281021914,       4.807755488,       2.390564083
          0,           0,         570,      -3.521738379,      -1.180342451,      -1.214434674,       -1.28902273,       1.972531664,       71.11653136,     -0.2100507897,      0.5665885982,     0.06779380678,      0.2852071617,     -0.1745167657,       1.109470323,     -0.2100507897,     0.06779380678,      0.5665885982,      -2.697388565,    -0.01580068818,      0.0073138908,    -0.03460657798,    0.002082721284,    -0.03176487019,    -0.03416743863,     -0.0342623395,    -0.03449909387,     -0.0343463934,      0.1578747113,      0.3863590501,     0.02084870454,       0.320566937,    -0.01816254459,   -0.009117171389,    -0.04419480693,     -0.1657401032,    -0.08184617861,     0.02922111673,     0.02049516774,    0.001084299364,     -0.0191618097,    -0.01298213077,     0.02601193508,      -0.059496677,      0.1485111035,    -0.06588919819,   7.278683641e-05,      0.3903609784,   -0.001257901481,     -0.3238327011,    -0.01429183192,    -0.01583061394,     0.06904332187,      0.2979307654,     -0.1169876424,     -0.2761741412,      -2.576698253,      -0.185133145,      -2.125192643,      0.1644444332,     0.07980000018,      0.6672329805,       2.739243156,       1.337960847,      0.3671141043,      0.1397643915,    0.005778899829,     -0.1353416648,    -0.08913463685,       0.423134126,     -0.9849019984,       2.392001683,      -1.008944582,    -0.01580068818,      0.0073138908,    -0.03460657798,    0.002082721284,    -0.03176487019,    -0.03416743863,     -0.0342623395,    -0.03449909387,     -0.0343463934,     0.02922111673,     0.02049516774,    0.001084299364,     -0.0191618097,    -0.01298213077,     0.02601193508,      -0.059496677,      0.1485111035,    -0.06588919819,      0.1578747113,      0.3863590501,     0.02084870454,       0.320566937,    -0.01816254459,   -0.009117171389,    -0.04419480693,     -0.1657401032,    -0.08184617861,      -9.991635142,       52.82537854,     -0.6024491805,       153.9173482,      0.5717808535,      0.2668380117,       1.289894607,       4.804187144,       2.382962824
          0,           0,         575,      -3.375667154,      -1.016032538,       -1.11311124,      -1.146119858,       2.120533424,       71.11653136,     -0.2101002017,      0.5684733596,     0.06852681355,      0.2871755894,     -0.2050008443,        1.11719584,     -0.2101002017,     0.06852681355,      0.5684733596,      -2.705724959,    -0.01578148501,    0.007311981796,    -0.03460894208,    0.002090861597,    -0.03176528585,    -0.03419302199,    -0.03427400754,    -0.03451844018,    -0.03436186245,      0.1580761461,      0.3863387666,      0.0208513842,      0.3205927389,    -0.01816164786,   -0.008515716466,    -0.04382997826,     -0.1657266664,    -0.08115166716,     0.02963335832,     0.02049842648,    0.001079422128,    -0.01915898134,    -0.01296942219,     0.02528694069,    -0.05912100137,      0.1484853024,     -0.0652072316,   7.328702057e-05,      0.3903419277,   -0.001253850924,     -0.3238572169,    -0.01428256901,    -0.01439198219,     0.06831963152,      0.2980471992,      -0.115820837,     -0.2785783906,      -2.576558308,     -0.1851536263,      -2.125364165,      0.1644404303,     0.06957157925,      0.6609636363,       2.739088843,       1.326589157,      0.3697126189,       0.139787272,    0.005746287939,     -0.1353146185,    -0.08905306662,      0.4108958084,     -0.9784554266,       2.391648966,     -0.9977720014,    -0.01578148501,    0.007311981796,    -0.03460894208,    0.002090861597,    -0.03176528585,    -0.03419302199,    -0.03427400754,    -0.03451844018,    -0.03436186245,     0.02963335832,     0.02049842648,    0.001079422128,    -0.01915898134,    -0.01296942219,     0.02528694069,    -0.05912100137,      0.1484853024,     -0.0652072316,      0.1580761461,      0.3863387666,      0.0208513842,      0.3205927389,    -0.01816164786,   -0.008515716466,    -0.04382997826,     -0.1657266664,    -0.08115166716,      -10.01655712,       52.83639612,     -0.6024854546,       153.3304449,      0.5717451417,      0.2490483722,       1.278811012,       4.801105309,       2.361678366
          0,           0,         580,      -3.291140096,     -0.9135883431,      -1.073799493,      -1.047654002,       2.207234985,       71.11653136,     -0.2102151334,      0.5647293785,     0.06145307211,      0.2866209565,     -0.1466139961,        1.00848606,     -0.2102151334,     0.06145307211,      0.5647293785,      -2.686435411,    -0.01578468511,    0.007322764683,    -0.03460225151,    0.002097312168,    -0.03176225983,    -0.03418382187,    -0.03432610991,    -0.03455243931,    -0.03442364277,      0.1570268193,      0.3863469458,     0.02084996806,      0.3206491629,    -0.01816292968,   -0.007892855043,    -0.04477291961,     -0.1660031884,    -0.08331162487,     0.02585638555,     0.02050108637,    0.001073699297,    -0.01916301955,    -0.01291994769,     0.02473068744,    -0.06007213364,       0.148809779,    -0.06736346467,   7.314122521e-05,      0.3903430685,   -0.001244199448,     -0.3239174792,    -0.01422678716,    -0.01375847092,     0.07022487345,      0.2985591426,     -0.1194323326,     -0.2658810982,      -2.576610304,     -0.1851363691,      -2.125748494,      0.1644447912,     0.05956836057,      0.6767136995,       2.743634182,       1.362401236,      0.3159960907,      0.1397933455,    0.005702430208,     -0.1353351875,    -0.08871433341,      0.4019604102,     -0.9944242759,       2.396914153,      -1.033406573,    -0.01578468511,    0.007322764683,    -0.03460225151,    0.002097312168,    -0.03176225983,    -0.03418382187,    -0.03432610991,    -0.03455243931,    -0.03442364277,     0.02585638555,     0.02050108637,    0.001073699297,    -0.01916301955,    -0.01291994769,     0.02473068744,    -0.06007213364,       0.148809779,    -0.06736346467,      0.1570268193,      0.3863469458,     0.02084996806,      0.3206491629,    -0.01816292968,   -0.007892855043,    -0.04477291961,     -0.1660031884,    -0.08331162487,        -9.9480489,       52.75971064,     -0.6025610229,       152.8857591,      0.5718399691,      0.2308944586,       1.304340041,       4.804384052,       2.420186191
          0,           0,         585,      -3.211845527,     -0.8092413582,     -0.9498630467,     -0.9885960097,       2.289857255,       71.11653136,     -0.2099360956,      0.5660189803,     0.06508077342,       0.287229924,     -0.1624658367,       1.065406489,     -0.2099360956,     0.06508077342,      0.5660189803,      -2.696148934,    -0.01578186466,    0.007318510158,    -0.03460107371,    0.002104850304,    -0.03175623295,     -0.0341101886,    -0.03425326775,    -0.03452287004,    -0.03433395832,       0.158141943,      0.3863823841,     0.02085504254,      0.3206421016,    -0.01816916042,   -0.008411733451,    -0.04502276205,     -0.1658541187,    -0.08254471632,     0.02850706744,     0.02050580857,    0.001113367068,    -0.01916603262,    -0.01290941238,      0.0252648702,    -0.06028781844,       0.148690463,    -0.06663753937,    7.32048601e-05,      0.3903892999,   -0.001284660788,     -0.3239075121,    -0.01422739617,    -0.01434983876,     0.07058205702,      0.2983217221,      -0.118366952,     -0.2778872224,      -2.576855104,     -0.1851683741,      -2.125688819,      0.1644794156,     0.06814882662,      0.6803362431,       2.741098435,       1.349070762,      0.3562801954,      0.1398297573,    0.005969443947,     -0.1353454265,    -0.08866435448,      0.4107093739,     -0.9973803307,       2.394909645,      -1.020901815,    -0.01578186466,    0.007318510158,    -0.03460107371,    0.002104850304,    -0.03175623295,     -0.0341101886,    -0.03425326775,    -0.03452287004,    -0.03433395832,     0.02850706744,     0.02050580857,    0.001113367068,    -0.01916603262,    -0.01290941238,      0.0252648702,    -0.06028781844,       0.148690463,    -0.06663753937,       0.158141943,      0.3863823841,     0.02085504254,      0.3206421016,    -0.01816916042,   -0.008411733451,    -0.04502276205,     -0.1658541187,    -0.08254471632,      -10.02048531,       52.79522414,     -0.6027281904,        152.334872,      0.5721447015,      0.2466047183,       1.314407792,       4.804181069,       2.404171274
          0,           0,         590,      -3.048612286,      -0.604907192,     -0.6576272255,     -0.8674252737,       2.462472154,       71.11653136,     -0.2099225615,      0.5687297948,     0.06547551761,      0.2868829111,     -0.2074201166,       1.074496954,     -0.2099225615,     0.06547551761,      0.5687297948,      -2.709236162,    -0.01577005947,    0.007328161562,    -0.03461011979,    0.002092180281,    -0.03177228157,    -0.03415584167,    -0.03423792344,    -0.03445623322,    -0.03434044417,      0.1594085068,      0.3865015961,     0.02085568027,      0.3206944695,    -0.01816036544,   -0.008120798331,    -0.04452790798,     -0.1656319471,      -0.082289439,     0.02881667661,     0.02049844625,    0.001102470016,    -0.01916825838,    -0.01300208871,     0.02499455241,    -0.05985830759,      0.1484530687,    -0.06636104172,   7.326758616e-05,       0.390502843,    -0.00127832255,      -0.323965417,    -0.01430616431,    -0.01401313946,     0.06996542121,      0.2977947462,     -0.1178903236,     -0.3013465003,      -2.577650236,     -0.1851817375,      -2.126051997,      0.1644374886,     0.06319505507,      0.6725559074,       2.737315363,        1.34530654,      0.3637544469,      0.1397683441,     0.00589329293,     -0.1353739229,    -0.08927114238,      0.4061539587,     -0.9906405637,       2.390990117,      -1.016777577,    -0.01577005947,    0.007328161562,    -0.03461011979,    0.002092180281,    -0.03177228157,    -0.03415584167,    -0.03423792344,    -0.03445623322,    -0.03434044417,     0.02881667661,     0.02049844625,    0.001102470016,    -0.01916825838,    -0.01300208871,     0.02499455241,    -0.05985830759,      0.1484530687,    -0.06636104172,      0.1594085068,      0.3865015961,     0.02085568027,      0.3206944695,    -0.01816036544,   -0.008120798331,    -0.04452790798,     -0.1656319471,      -0.082289439,      -10.10830093,       52.74195892,     -0.6025890809,       153.2824262,      0.5715788902,      0.2377572308,       1.300543477,       4.807024205,       2.396283478
          0,           0,         595,      -2.945422802,     -0.5020893227,     -0.5613782067,     -0.7753066402,       2.567065397,       71.11653136,     -0.2101233547,      0.5731464565,      0.0650831406,      0.2868449396,     -0.2483487679,       1.049684711,     -0.2101233547,      0.0650831406,      0.5731464565,        -2.7276666,    -0.01580687812,    0.007361507837,    -0.03460854953,    0.002126762895,    -0.03177038043,    -0.03419337218,    -0.03430906155,    -0.03455086123,    -0.03437252242,      0.1628248827,      0.3868269598,      0.0208485869,      0.3210148906,    -0.01813758341,   -0.007594048805,    -0.04452600262,     -0.1654792228,    -0.08263200585,     0.02916410838,     0.02049078781,    0.001305721611,    -0.01914382544,    -0.01285764697,     0.02440612847,    -0.05983257463,      0.1482978227,    -0.06674738129,   7.312966387e-05,      0.3908211493,   -0.001475809582,     -0.3242855555,    -0.01417710196,    -0.01308847498,     0.06979518703,      0.2977720405,     -0.1185896248,     -0.3325850476,       -2.57982203,     -0.1851357245,      -2.128197191,      0.1642876454,     0.05464446435,      0.6724173023,       2.735085276,       1.350956537,      0.3543356048,      0.1396896522,    0.007259723534,     -0.1351786716,     -0.0883040425,      0.3966571794,     -0.9902324177,       2.388548415,      -1.023090732,    -0.01580687812,    0.007361507837,    -0.03460854953,    0.002126762895,    -0.03177038043,    -0.03419337218,    -0.03430906155,    -0.03455086123,    -0.03437252242,     0.02916410838,     0.02049078781,    0.001305721611,    -0.01914382544,    -0.01285764697,     0.02440612847,    -0.05983257463,      0.1482978227,    -0.06674738129,      0.1628248827,      0.3868269598,      0.0208485869,      0.3210148906,    -0.01813758341,   -0.007594048805,    -0.04452600262,     -0.1654792228,    -0.08263200585,       -10.3008881,       52.54724553,     -0.6024114613,       150.9406109,      0.5708960094,      0.2220912511,        1.29779133,       4.789438438,       2.404013439
          0,           0,         600,      -2.941911586,      -0.495228831,     -0.5622253615,     -0.7724739141,       2.569946217,       71.11653136,     -0.2098609623,      0.5686781177,     0.06554146743,      0.2863637292,     -0.1922884339,       1.071882692,     -0.2098609623,     0.06554146743,      0.5686781177,      -2.709785143,    -0.01575027354,    0.007363233702,    -0.03460441345,    0.002144887031,    -0.03175525131,    -0.03413360826,    -0.03427791805,    -0.03451403183,    -0.03433358658,      0.1594428114,      0.3868887895,     0.02084834924,      0.3210745624,    -0.01813872639,   -0.008221020471,    -0.04430373721,     -0.1662081969,    -0.08270471386,     0.02799555484,     0.02049508824,    0.001355434763,     -0.0191541536,     -0.0128621482,     0.02501367662,    -0.05955157843,      0.1490623432,    -0.06681274998,   7.320420421e-05,      0.3908769109,   -0.001532460424,     -0.3243614209,    -0.01416595782,    -0.01414917472,     0.06927377779,      0.2989491071,     -0.1186002568,     -0.2956075687,      -2.580215932,     -0.1851283951,      -2.128594454,      0.1642789676,     0.06508216548,      0.6688246373,        2.74701605,       1.352056096,      0.3501149426,      0.1397179274,    0.007578813599,     -0.1352260659,    -0.08834219211,       0.406674441,     -0.9856287847,       2.401127384,      -1.024133773,    -0.01575027354,    0.007363233702,    -0.03460441345,    0.002144887031,    -0.03175525131,    -0.03413360826,    -0.03427791805,    -0.03451403183,    -0.03433358658,     0.02799555484,     0.02049508824,    0.001355434763,     -0.0191541536,     -0.0128621482,     0.02501367662,    -0.05955157843,      0.1490623432,    -0.06681274998,      0.1594428114,      0.3868887895,     0.02084834924,      0.3210745624,    -0.01813872639,   -0.008221020471,    -0.04430373721,     -0.1662081969,    -0.08270471386,      -10.12317728,        52.5433261,     -0.6024765963,       149.6929944,      0.5712039942,      0.2408482692,       1.292486234,       4.815670268,       2.408857393
          0,           0,         605,      -2.916981332,     -0.4774886194,     -0.5487817461,     -0.7437709678,       2.593043366,       71.11653136,     -0.2099223616,      0.5720110615,      0.0681424934,      0.2862538657,     -0.2255657009,       1.108714978,     -0.2099223616,      0.0681424934,      0.5720110615,        -2.7248696,    -0.01581710673,    0.007375662837,    -0.03460164297,    0.002148237108,    -0.03175841375,    -0.03413570282,    -0.03426258921,    -0.03452224181,    -0.03434856425,      0.1616530286,      0.3869498292,     0.02085126009,      0.3211047065,    -0.01813986407,   -0.008406520105,    -0.04363741776,     -0.1663306224,    -0.08203333854,     0.02897411266,      0.0204955568,    0.001349496497,    -0.01915284115,    -0.01289369675,     0.02523223114,    -0.05890532951,      0.1491750437,    -0.06613208001,   7.308412533e-05,      0.3909373599,   -0.001530791205,     -0.3243881898,    -0.01419766398,    -0.01451963974,     0.06814903114,      0.2992611179,     -0.1175304427,     -0.3112989979,      -2.580627083,      -0.185144726,       -2.12879948,      0.1642891851,     0.06797959697,      0.6579591721,       2.748947918,       1.341128714,      0.3603125523,      0.1397121324,    0.007547550423,     -0.1352135883,    -0.08854428754,      0.4101141571,     -0.9750676867,       2.402883284,      -1.013029136,    -0.01581710673,    0.007375662837,    -0.03460164297,    0.002148237108,    -0.03175841375,    -0.03413570282,    -0.03426258921,    -0.03452224181,    -0.03434856425,     0.02897411266,      0.0204955568,    0.001349496497,    -0.01915284115,    -0.01289369675,     0.02523223114,    -0.05890532951,      0.1491750437,    -0.06613208001,      0.1616530286,      0.3869498292,     0.02085126009,      0.3211047065,    -0.01813986407,   -0.008406520105,    -0.04363741776,     -0.1663306224,    -0.08203333854,      -10.22013895,       52.46305826,     -0.6026089603,       149.4735871,      0.5711829381,      0.2462676731,       1.273617049,       4.818071298,       2.388261062
          0,           0,         610,      -2.890832172,      -0.475903017,     -0.5310294782,     -0.7108642006,         2.6149836,       71.11653136,     -0.2099501296,      0.5708983824,     0.06869237868,      0.2863675939,     -0.2374720087,       1.118231891,     -0.2099501296,     0.06869237868,      0.5708983824,      -2.719209479,     -0.0157802721,    0.007368566377,    -0.03460751211,    0.002141123933,    -0.03175581161,    -0.03415166553,    -0.03428272817,    -0.03452546909,    -0.03435636129,      0.1594114848,      0.3869775576,     0.02085007406,      0.3210463255,    -0.01813694079,    -0.00823890668,    -0.04345773535,     -0.1659564474,    -0.08159702937,      0.0295959214,     0.02050146835,    0.001314305401,    -0.01915291341,    -0.01301869297,     0.02508413731,    -0.05873611668,      0.1488030613,    -0.06569879201,   7.314372925e-05,      0.3909689344,   -0.001488705434,     -0.3243268417,    -0.01433112699,    -0.01425343351,     0.06783739083,      0.2986313141,     -0.1167430815,     -0.3046346472,       -2.58081515,     -0.1851426407,      -2.128404737,      0.1642655254,     0.06522978781,      0.6550749442,       2.742854476,       1.334100432,       0.369683211,      0.1397576562,    0.007305209485,     -0.1352202615,     -0.0893912798,      0.4077082015,     -0.9723886835,       2.396817054,      -1.006039216,     -0.0157802721,    0.007368566377,    -0.03460751211,    0.002141123933,    -0.03175581161,    -0.03415166553,    -0.03428272817,    -0.03452546909,    -0.03435636129,      0.0295959214,     0.02050146835,    0.001314305401,    -0.01915291341,    -0.01301869297,     0.02508413731,    -0.05873611668,      0.1488030613,    -0.06569879201,      0.1594114848,      0.3869775576,     0.02085007406,      0.3210463255,    -0.01813694079,    -0.00823890668,    -0.04345773535,     -0.1659564474,    -0.08159702937,      -10.10194778,       52.51734704,     -0.6024724918,       149.9428971,       0.571137687,      0.2412446524,       1.267627685,       4.806783276,        2.37501954
          0,           0,         615,      -2.890513409,     -0.4607501901,     -0.5237568371,     -0.7030379513,       2.616060121,       71.11653136,     -0.2099112338,      0.5752085853,     0.07025937632,      0.2865937159,     -0.2817795218,       1.131540492,     -0.2099112338,     0.07025937632,      0.5752085853,      -2.740246793,    -0.01582929291,     0.00736798594,    -0.03459595622,    0.002138473295,    -0.03174640345,     -0.0341384866,    -0.03426699563,    -0.03450955811,    -0.03433100013,      0.1627489431,      0.3867958961,     0.02085063918,      0.3209137513,    -0.01814241056,   -0.008152380207,    -0.04311837318,     -0.1656993612,    -0.08098811935,     0.03022411561,     0.02050012558,     0.00144870458,    -0.01914870318,    -0.01283695328,      0.0249882923,     -0.0583810385,      0.1485628401,    -0.06509800691,   7.306870197e-05,      0.3907894406,   -0.001617793105,     -0.3241948555,    -0.01416543275,     -0.0139978344,     0.06724672087,      0.2981413254,     -0.1156809239,     -0.3301030347,      -2.579601608,     -0.1851341851,      -2.127519561,      0.1642924398,     0.06384367914,      0.6495612144,       2.738692751,       1.324188782,      0.3707310666,      0.1397492398,    0.008206752445,     -0.1351949572,    -0.08817710321,       0.406154093,     -0.9665878733,       2.392959456,     -0.9963001825,    -0.01582929291,     0.00736798594,    -0.03459595622,    0.002138473295,    -0.03174640345,     -0.0341384866,    -0.03426699563,    -0.03450955811,    -0.03433100013,     0.03022411561,     0.02050012558,     0.00144870458,    -0.01914870318,    -0.01283695328,      0.0249882923,     -0.0583810385,      0.1485628401,    -0.06509800691,      0.1627489431,      0.3867958961,     0.02085063918,      0.3209137513,    -0.01814241056,   -0.008152380207,    -0.04311837318,     -0.1656993612,    -0.08098811935,       -10.2815043,       52.49682875,     -0.6026900673,       150.0667566,      0.5714792414,      0.2388032107,       1.258306204,        4.80154978,       2.359037576
          0,           0,         620,      -2.899378866,     -0.4918034256,     -0.5373485214,     -0.6962327336,       2.605041765,       71.11653136,     -0.2098958629,      0.5744941131,     0.06945466178,      0.2874613799,     -0.2857650467,       1.133733863,     -0.2098958629,     0.06945466178,      0.5744941131,      -2.737043527,    -0.01579431248,    0.007363759249,    -0.03460436664,    0.002128864841,    -0.03175410854,    -0.03413388546,    -0.03425764819,    -0.03450181276,    -0.03434235294,      0.1609635469,      0.3868764981,     0.02085460199,       0.320873797,    -0.01813869231,   -0.008304168399,    -0.04322902077,     -0.1652469222,    -0.08015552725,     0.02895936135,     0.02050117017,    0.001508655675,    -0.01915385009,    -0.01285752282,     0.02514586325,    -0.05851510938,       0.148126942,    -0.06426084843,   7.340590554e-05,      0.3908567943,   -0.001687109525,     -0.3241435223,    -0.01416705338,    -0.01420675247,     0.06755238757,       0.297360115,     -0.1141768853,     -0.3173097763,      -2.580137616,     -0.1851698148,      -2.127250524,      0.1642750601,      0.0663218598,       0.651540023,       2.731283124,       1.310682617,      0.3660169189,      0.1397620542,    0.008600461905,      -0.135240423,    -0.08831672756,      0.4087084446,      -0.968935676,       2.385840666,      -0.982701856,    -0.01579431248,    0.007363759249,    -0.03460436664,    0.002128864841,    -0.03175410854,    -0.03413388546,    -0.03425764819,    -0.03450181276,    -0.03434235294,     0.02895936135,     0.02050117017,    0.001508655675,    -0.01915385009,    -0.01285752282,     0.02514586325,    -0.05851510938,       0.148126942,    -0.06426084843,      0.1609635469,      0.3868764981,     0.02085460199,       0.320873797,    -0.01813869231,   -0.008304168399,    -0.04322902077,     -0.1652469222,    -0.08015552725,      -10.19123479,       52.53790693,     -0.6026581041,       150.7253025,      0.5712234778,      0.2432822483,       1.261879407,       4.789514203,       2.334013845
          0,           0,         625,      -3.383542867,      -1.002754329,      -1.057906546,      -1.219600593,       2.113712208,       71.11653136,     -0.2098853827,      0.5759398823,     0.06848692902,      0.2862767389,     -0.2989405993,       1.115373417,     -0.2098853827,     0.06848692902,      0.5759398823,      -2.744068572,     -0.0157764392,    0.007369684904,      -0.034605602,    0.002124090456,    -0.03175698646,    -0.03412285138,    -0.03426839411,    -0.03451411273,    -0.03433477213,      0.1616980466,      0.3869535834,     0.02085484028,      0.3208951583,    -0.01813586981,   -0.008410779061,    -0.04325169304,     -0.1646847506,    -0.07997865381,      0.0284131119,     0.02049928891,    0.001490602767,    -0.01915859802,    -0.01291312688,     0.02525995473,    -0.05854265437,      0.1475415011,    -0.06410315111,   7.328515179e-05,      0.3909356246,   -0.001673676666,     -0.3241585538,    -0.01422089017,    -0.01451936682,     0.06738760261,      0.2962627353,     -0.1138100213,     -0.3197334522,      -2.580656832,     -0.1851725634,      -2.127389753,      0.1642595746,     0.06809537969,      0.6518023011,       2.722065165,       1.307789581,      0.3537473966,      0.1397421102,    0.008484271989,     -0.1352789967,    -0.08868642737,      0.4105908139,     -0.9692961057,       2.376214915,     -0.9801445607,     -0.0157764392,    0.007369684904,      -0.034605602,    0.002124090456,    -0.03175698646,    -0.03412285138,    -0.03426839411,    -0.03451411273,    -0.03433477213,      0.0284131119,     0.02049928891,    0.001490602767,    -0.01915859802,    -0.01291312688,     0.02525995473,    -0.05854265437,      0.1475415011,    -0.06410315111,      0.1616980466,      0.3869535834,     0.02085484028,      0.3208951583,    -0.01813586981,   -0.008410779061,    -0.04325169304,     -0.1646847506,    -0.07997865381,      -10.24933729,       52.50612318,     -0.6026434761,       151.0741491,      0.5710828335,      0.2464852356,       1.262145314,       4.771519173,       2.329377737
          0,           0,         630,      -4.713643583,      -2.066756087,      -2.023257672,      -2.320385878,       0.804257081,       71.11653136,     -0.2099129136,       0.576600025,     0.06759388255,      0.2856990495,     -0.3111783205,       1.105997539,     -0.2099129136,     0.06759388255,       0.576600025,      -2.746853517,    -0.01578889856,    0.007363257572,    -0.03460307632,    0.002123909154,    -0.03175916642,     -0.0341293391,    -0.03427276733,    -0.03451962894,    -0.03432720365,      0.1617991261,      0.3869095687,     0.02085445285,      0.3208923653,    -0.01814214409,    -0.00824542517,    -0.04300238546,     -0.1645201427,    -0.07994539057,     0.02763786905,     0.02049666416,     0.00147230573,    -0.01915759904,    -0.01290425462,     0.02507965638,    -0.05828008831,       0.147331934,    -0.06408260476,   7.313827595e-05,      0.3908910863,   -0.001659477153,     -0.3241537742,    -0.01421047766,    -0.01421751817,     0.06676351368,      0.2959395074,     -0.1137269489,     -0.3221871204,      -2.580353841,     -0.1851677719,      -2.127366687,      0.1643066293,     0.06534699933,      0.6476044057,        2.71940982,       1.307229246,      0.3460673797,      0.1397316924,     0.00836726111,     -0.1352721198,    -0.08862101526,      0.4076116214,     -0.9648837932,        2.37280402,     -0.9798075069,    -0.01578889856,    0.007363257572,    -0.03460307632,    0.002123909154,    -0.03175916642,     -0.0341293391,    -0.03427276733,    -0.03451962894,    -0.03432720365,     0.02763786905,     0.02049666416,     0.00147230573,    -0.01915759904,    -0.01290425462,     0.02507965638,    -0.05828008831,       0.147331934,    -0.06408260476,      0.1617991261,      0.3869095687,     0.02085445285,      0.3208923653,    -0.01814214409,    -0.00824542517,    -0.04300238546,     -0.1645201427,    -0.07994539057,      -10.24765125,       52.54597776,     -0.6026762664,       151.0857302,      0.5712411924,      0.2415934615,       1.254710046,       4.765988156,       2.328922314
          0,           0,         635,      -5.017716079,      -2.394399031,      -2.376841221,      -2.523488822,      0.3269046984,       71.11653136,      -0.209989783,      0.5765337846,     0.06700642858,      0.2855086247,     -0.3179525163,       1.098881783,      -0.209989783,     0.06700642858,      0.5765337846,      -2.745532551,    -0.01582367916,    0.007346365317,    -0.03460612711,    0.002114372125,    -0.03176128045,    -0.03414915668,     -0.0342739677,    -0.03451035841,    -0.03432595094,      0.1612871491,      0.3868423356,     0.02085732092,      0.3208638882,    -0.01815461754,   -0.007794854819,    -0.04259393073,     -0.1646130528,    -0.08016045329,     0.02730165518,     0.02050364584,     0.00142673215,    -0.01916331415,    -0.01288610764,      0.0245961239,    -0.05784814166,       0.147374036,    -0.06429820102,   7.307391425e-05,      0.3908190789,   -0.001619861798,     -0.3241241071,    -0.01418457074,    -0.01332752116,     0.06593414563,      0.2961014969,     -0.1141631097,     -0.3205555744,      -2.579890298,     -0.1851900779,      -2.127170997,      0.1643913711,     0.05786544902,      0.6408209736,       2.720992183,       1.310784454,      0.3427025637,      0.1397997122,    0.008067027975,     -0.1353208636,    -0.08848756047,       0.399626176,     -0.9577103597,       2.373571589,     -0.9833665016,    -0.01582367916,    0.007346365317,    -0.03460612711,    0.002114372125,    -0.03176128045,    -0.03414915668,     -0.0342739677,    -0.03451035841,    -0.03432595094,     0.02730165518,     0.02050364584,     0.00142673215,    -0.01916331415,    -0.01288610764,      0.0245961239,    -0.05784814166,       0.147374036,    -0.06429820102,      0.1612871491,      0.3868423356,     0.02085732092,      0.3208638882,    -0.01815461754,   -0.007794854819,    -0.04259393073,     -0.1646130528,    -0.08016045329,       -10.1927717,       52.65765027,     -0.6027060138,        151.753745,      0.5715958953,      0.2282590722,       1.242748756,       4.769960684,       2.335272617
          0,           0,         640,      -4.964811696,      -2.425711862,      -2.470482446,      -2.648572392,      0.5020990363,       71.11653136,     -0.2100191335,      0.5739862782,     0.06713600806,      0.2860777786,      -0.291939196,        1.09801712,     -0.2100191335,     0.06713600806,      0.5739862782,      -2.733018981,    -0.01582626131,    0.007334102917,    -0.03460820486,    0.002105219311,    -0.03175493728,    -0.03417718772,    -0.03427350234,    -0.03448115509,     -0.0343372071,      0.1592840694,      0.3867231486,     0.02085676639,      0.3207591247,    -0.01816566887,   -0.007261737078,    -0.04232377928,     -0.1651282974,    -0.08075734829,     0.02788079612,     0.02050931887,    0.001342611365,    -0.01916906809,    -0.01290092971,     0.02402716071,     -0.0575602176,      0.1478780343,    -0.06487169788,   7.319825328e-05,      0.3906877336,   -0.001534114392,     -0.3240172342,    -0.01419304341,    -0.01231413141,     0.06560578766,       0.297076117,     -0.1153065345,     -0.3013642742,      -2.579072991,     -0.1851878477,      -2.126459573,      0.1644556881,     0.04906391144,      0.6364366827,       2.729511011,       1.320678197,      0.3482319524,      0.1398505032,     0.00749753868,      -0.135368382,    -0.08858100843,      0.3902844475,     -0.9530343399,       2.381976409,     -0.9928400002,    -0.01582626131,    0.007334102917,    -0.03460820486,    0.002105219311,    -0.03175493728,    -0.03417718772,    -0.03427350234,    -0.03448115509,     -0.0343372071,     0.02788079612,     0.02050931887,    0.001342611365,    -0.01916906809,    -0.01290092971,     0.02402716071,     -0.0575602176,      0.1478780343,    -0.06487169788,      0.1592840694,      0.3867231486,     0.02085676639,      0.3207591247,    -0.01816566887,   -0.007261737078,    -0.04232377928,     -0.1651282974,    -0.08075734829,      -10.06454186,       52.72944122,     -0.6026538062,       152.3637576,      0.5720580932,      0.2124732186,       1.234883405,       4.788943321,       2.351890416
          0,           0,         645,      -4.419883232,       -2.08892449,      -1.968727441,      -2.402839487,       1.068177767,       71.11653136,     -0.2099911323,      0.5682024574,     0.06727536388,      0.2871694321,     -0.2193579135,       1.099625644,     -0.2099911323,     0.06727536388,      0.5682024574,      -2.705840247,    -0.01579946049,    0.007331189385,    -0.03460797893,    0.002108931409,    -0.03173640638,    -0.03419718827,    -0.03427360882,    -0.03445851532,    -0.03435809493,      0.1553209288,      0.3865513023,     0.02085098959,      0.3206400799,    -0.01816321989,   -0.007131718913,    -0.04261678351,     -0.1658155976,    -0.08143352332,     0.02852045186,     0.02050607227,    0.001247564727,    -0.01916423899,    -0.01294805013,     0.02388621401,    -0.05786040293,      0.1486039869,    -0.06551623386,   7.343211768e-05,      0.3905144665,   -0.001429339011,     -0.3239026555,    -0.01424795409,    -0.01210974356,     0.06645138585,      0.2982650441,     -0.1164452042,      -0.256256473,      -2.577908532,     -0.1851496433,      -2.125655246,      0.1644168237,     0.04701394398,      0.6414805457,       2.740812225,       1.331888442,      0.3568265437,      0.1398262807,    0.006850122314,     -0.1353288144,    -0.08890532183,      0.3880863715,     -0.9582065583,       2.393957724,      -1.003480704,    -0.01579946049,    0.007331189385,    -0.03460797893,    0.002108931409,    -0.03173640638,    -0.03419718827,    -0.03427360882,    -0.03445851532,    -0.03435809493,     0.02852045186,     0.02050607227,    0.001247564727,    -0.01916423899,    -0.01294805013,     0.02388621401,    -0.05786040293,      0.1486039869,    -0.06551623386,      0.1553209288,      0.3865513023,     0.02085098959,      0.3206400799,    -0.01816321989,   -0.007131718913,    -0.04261678351,     -0.1658155976,    -0.08143352332,      -9.830774214,        52.7269563,     -0.6024908196,       152.0391221,      0.5723149519,      0.2085469383,       1.243428544,       4.812035458,       2.370140821
          0,           0,         650,      -5.085022866,      -2.621434554,      -2.593887489,      -2.845331808,      0.3844509283,       71.11653136,     -0.2100273692,      0.5626728393,     0.06643978498,      0.2875135646,     -0.1465440128,       1.088717547,     -0.2100273692,     0.06643978498,      0.5626728393,      -2.679045314,    -0.01579326124,    0.007323925957,    -0.03461167599,    0.002108790392,    -0.03172728733,    -0.03420757464,    -0.03427784001,    -0.03446501192,    -0.03437743442,      0.1516819459,      0.3863939655,     0.02084756712,      0.3205700676,    -0.01815986112,   -0.007471741451,    -0.04326922607,      -0.166084486,     -0.0818353921,     0.02820918204,     0.02050518562,    0.001163492597,    -0.01916073393,    -0.01298150739,     0.02423619891,    -0.05852817787,      0.1489043405,    -0.06590819545,   7.361690977e-05,      0.3903786365,   -0.001340589396,     -0.3238430402,     -0.0142910932,    -0.01277838928,      0.0677439536,      0.2985260887,      -0.116955619,     -0.2125780669,      -2.576860243,     -0.1851319955,      -2.125191312,      0.1643826139,      0.0527409491,       0.652438126,       2.745151774,       1.338504141,      0.3535943811,      0.1398245725,    0.006283724222,     -0.1353031984,    -0.08913634273,      0.3939991836,     -0.9694290002,       2.398782993,      -1.009898766,    -0.01579326124,    0.007323925957,    -0.03461167599,    0.002108790392,    -0.03172728733,    -0.03420757464,    -0.03427784001,    -0.03446501192,    -0.03437743442,     0.02820918204,     0.02050518562,    0.001163492597,    -0.01916073393,    -0.01298150739,     0.02423619891,    -0.05852817787,      0.1489043405,    -0.06590819545,      0.1516819459,      0.3863939655,     0.02084756712,      0.3205700676,    -0.01815986112,   -0.007471741451,    -0.04326922607,      -0.166084486,     -0.0818353921,      -9.604219394,       52.75776513,     -0.6023275822,       152.0160888,      0.5723735829,      0.2184235956,       1.262309004,       4.818930178,       2.380497367
          0,           0,         655,      -4.210180757,      -1.887595196,       -1.77115868,      -2.211369071,       1.280300663,       71.11653136,     -0.2101230645,      0.5607850103,     0.06429143444,      0.2867685216,     -0.1150425327,       1.056771656,     -0.2101230645,     0.06429143444,      0.5607850103,      -2.668840813,    -0.01580738115,    0.007318415433,    -0.03461599313,    0.002099025094,    -0.03173305943,     -0.0342103093,    -0.03428803723,    -0.03449744102,    -0.03438828374,      0.1512798582,       0.386309853,     0.02084770625,      0.3205177283,     -0.0181646137,   -0.008139663634,    -0.04405463056,     -0.1658011651,    -0.08201006252,      0.0267094857,     0.02050721128,    0.001107391899,    -0.01916375545,     -0.0129893502,     0.02491251092,    -0.05932105698,      0.1486306391,     -0.0661016418,   7.351399479e-05,      0.3903352071,   -0.001290891711,      -0.323803747,    -0.01429930156,    -0.01398117828,     0.06892592915,      0.2978503125,     -0.1170413227,     -0.2040094795,      -2.576333093,     -0.1851368442,      -2.124856424,      0.1644207237,     0.06383291038,      0.6654434357,        2.74034601,       1.341250228,      0.3317482508,      0.1398406676,    0.005918390678,     -0.1353326658,    -0.08918591262,      0.4052437265,     -0.9825720122,       2.394056216,      -1.012945005,    -0.01580738115,    0.007318415433,    -0.03461599313,    0.002099025094,    -0.03173305943,     -0.0342103093,    -0.03428803723,    -0.03449744102,    -0.03438828374,      0.0267094857,     0.02050721128,    0.001107391899,    -0.01916375545,     -0.0129893502,     0.02491251092,    -0.05932105698,      0.1486306391,     -0.0661016418,      0.1512798582,       0.386309853,     0.02084770625,      0.3205177283,     -0.0181646137,   -0.008139663634,    -0.04405463056,     -0.1658011651,    -0.08201006252,      -9.570203742,       52.78599671,     -0.6022564823,       152.6983785,      0.5724192381,      0.2379301386,       1.284839673,       4.806187364,        2.38482569
          0,           0,         660,      -4.022867275,      -1.699187882,      -1.601585565,      -2.014426346,       1.470067086,       71.11653136,     -0.2101723561,      0.5648716786,     0.06197243557,      0.2861493716,     -0.1536088917,       1.019622307,     -0.2101723561,     0.06197243557,      0.5648716786,      -2.687659258,    -0.01581537578,    0.007320670151,    -0.03460856118,    0.002089402909,    -0.03174263848,     -0.0341945988,    -0.03429850639,      -0.034537216,    -0.03438553251,      0.1563411699,      0.3863374668,      0.0208479932,      0.3204619475,    -0.01817107378,    -0.00869702358,     -0.0448330428,      -0.165296518,     -0.0821192406,     0.02524746085,     0.02050835674,    0.001111034191,    -0.01916697052,    -0.01298316972,     0.02545550783,    -0.06009389543,      0.1481315807,    -0.06623746911,   7.299524905e-05,      0.3903872446,   -0.001298721875,     -0.3237511098,     -0.0142917814,    -0.01478887277,     0.06984295291,      0.2972261712,     -0.1172495065,      -0.257786316,      -2.576568534,      -0.185128054,      -2.124493611,      0.1644750163,     0.07297963701,      0.6780635383,       2.731998877,       1.342850554,       0.308577265,      0.1398444155,    0.005960881809,     -0.1353643542,    -0.08914082438,      0.4141244954,     -0.9951183179,       2.385737681,      -1.014998935,    -0.01581537578,    0.007320670151,    -0.03460856118,    0.002089402909,    -0.03174263848,     -0.0341945988,    -0.03429850639,      -0.034537216,    -0.03438553251,     0.02524746085,     0.02050835674,    0.001111034191,    -0.01916697052,    -0.01298316972,     0.02545550783,    -0.06009389543,      0.1481315807,    -0.06623746911,      0.1563411699,      0.3863374668,      0.0208479932,      0.3204619475,    -0.01817107378,    -0.00869702358,     -0.0448330428,      -0.165296518,     -0.0821192406,      -9.885390779,         52.773511,     -0.6023941039,       153.3748929,      0.5724500119,      0.2543391028,       1.307142716,       4.786040599,       2.388191621
          0,           0,         665,      -3.894360811,      -1.550794049,       -1.51889142,      -1.760527226,       1.600051792,       71.11653136,     -0.2101405466,      0.5707045996,      0.0624456001,      0.2866570126,     -0.2195883204,       1.024287747,     -0.2101405466,      0.0624456001,      0.5707045996,      -2.715823333,    -0.01580720577,    0.007323868738,    -0.03458889528,    0.002082702328,    -0.03175863794,    -0.03414634096,    -0.03429867654,    -0.03456684247,    -0.03438051869,      0.1623277801,      0.3864133556,      0.0208477706,      0.3204281831,    -0.01817231231,   -0.008648658087,    -0.04531738357,     -0.1650525658,    -0.08212156984,     0.02646658504,     0.02050708952,    0.001171041544,    -0.01916597665,    -0.01301345211,     0.02539600905,    -0.06056096451,      0.1478971125,    -0.06625184431,   7.310894691e-05,      0.3904357148,   -0.001339936584,     -0.3237007539,    -0.01433790904,    -0.01456803745,     0.07049840573,      0.2972338672,      -0.117637447,     -0.3260754304,      -2.577094454,     -0.1851052253,      -2.124269445,      0.1645009462,     0.07202417318,      0.6855718227,       2.728116937,       1.342742355,        0.32538352,      0.1398356215,    0.006368463724,     -0.1353653178,    -0.08935797891,      0.4128931628,      -1.002349657,       2.381981476,      -1.015101544,    -0.01580720577,    0.007323868738,    -0.03458889528,    0.002082702328,    -0.03175863794,    -0.03414634096,    -0.03429867654,    -0.03456684247,    -0.03438051869,     0.02646658504,     0.02050708952,    0.001171041544,    -0.01916597665,    -0.01301345211,     0.02539600905,    -0.06056096451,      0.1478971125,    -0.06625184431,      0.1623277801,      0.3864133556,      0.0208477706,      0.3204281831,    -0.01817231231,   -0.008648658087,    -0.04531738357,     -0.1650525658,    -0.08212156984,      -10.26922673,       52.76082483,     -0.6027301662,        153.852127,      0.5722006197,      0.2532821334,       1.321257499,       4.774881188,       2.388607646
          0,           0,         670,      -3.885231047,       -1.56119659,      -1.506190205,      -1.744711406,       1.606194633,       71.11653136,     -0.2100825018,      0.5725960957,     0.06470945726,      0.2868836902,     -0.2566887601,       1.061385046,     -0.2100825018,     0.06470945726,      0.5725960957,      -2.725577288,    -0.01581186811,    0.007318798215,    -0.03458531108,    0.002080545754,    -0.03177151469,    -0.03409693991,    -0.03428282638,    -0.03456047716,    -0.03437290847,      0.1619375989,      0.3864190166,     0.02085193187,      0.3204393311,    -0.01817027876,   -0.008086731687,    -0.04440268931,     -0.1649405017,    -0.08145158139,     0.02785106238,      0.0205068433,    0.001182990115,    -0.01916457542,    -0.01306285732,      0.0248289049,    -0.05963249085,      0.1477878007,    -0.06558822058,   7.352818938e-05,      0.3904102422,   -0.001337040879,     -0.3236968619,    -0.01438986709,    -0.01374621079,      0.0692162363,       0.297011314,     -0.1166576498,      -0.325345248,       -2.57711235,     -0.1851302693,      -2.124345636,      0.1645014873,      0.0626663458,      0.6701938256,       2.726328298,       1.331554786,      0.3472815925,      0.1398397283,    0.006434098389,     -0.1353598331,    -0.08969764666,      0.4033682058,     -0.9867127302,       2.380262936,      -1.004031306,    -0.01581186811,    0.007318798215,    -0.03458531108,    0.002080545754,    -0.03177151469,    -0.03409693991,    -0.03428282638,    -0.03456047716,    -0.03437290847,     0.02785106238,      0.0205068433,    0.001182990115,    -0.01916457542,    -0.01306285732,      0.0248289049,    -0.05963249085,      0.1477878007,    -0.06558822058,      0.1619375989,      0.3864190166,     0.02085193187,      0.3204393311,    -0.01817027876,   -0.008086731687,    -0.04440268931,     -0.1649405017,    -0.08145158139,      -10.24152224,       52.79815146,     -0.6029129483,       154.0169595,      0.5719047057,        0.23716884,       1.295187532,       4.772518068,       2.369644729
          0,           0,         675,      -4.462329505,      -2.096300685,       -1.97382358,      -2.375505317,       1.027953812,       71.11653136,     -0.2100304016,      0.5733764703,     0.06596175639,      0.2866407777,     -0.2798104049,       1.084056863,     -0.2100304016,     0.06596175639,      0.5733764703,      -2.729968928,    -0.01581396324,    0.007314463479,    -0.03459213438,    0.002084934325,    -0.03177207296,    -0.03408482127,    -0.03426442071,    -0.03454109408,    -0.03436129274,       0.160401782,      0.3863962374,      0.0208566902,      0.3204720827,     -0.0181665548,   -0.007640168846,    -0.04326989998,     -0.1648555767,    -0.08081812161,     0.02791516583,     0.02050679525,    0.001142347589,    -0.01916307889,    -0.01306698202,     0.02437911304,    -0.05849552903,      0.1477039644,    -0.06496003976,   7.334652089e-05,      0.3903787799,   -0.001295824851,     -0.3237222421,     -0.0143834426,    -0.01307767814,     0.06748995009,      0.2966875753,     -0.1155096864,      -0.310350164,      -2.576944851,      -0.185169632,      -2.124566843,      0.1644769991,     0.05529234558,      0.6514750345,       2.724930277,        1.32104643,      0.3497999434,      0.1398431379,    0.006147776413,     -0.1353466297,    -0.08971780841,      0.3959241629,     -0.9678886733,       2.378917395,     -0.9936224415,    -0.01581396324,    0.007314463479,    -0.03459213438,    0.002084934325,    -0.03177207296,    -0.03408482127,    -0.03426442071,    -0.03454109408,    -0.03436129274,     0.02791516583,     0.02050679525,    0.001142347589,    -0.01916307889,    -0.01306698202,     0.02437911304,    -0.05849552903,      0.1477039644,    -0.06496003976,       0.160401782,      0.3863962374,      0.0208566902,      0.3204720827,     -0.0181665548,   -0.007640168846,    -0.04326989998,     -0.1648555767,    -0.08081812161,       -10.1430476,        52.8263267,     -0.6029315791,       153.7084785,      0.5717774483,      0.2241516476,       1.262823042,       4.772737548,       2.352010508
          0,           0,         680,      -4.005044628,      -1.674566659,       -1.57518533,      -1.995144989,       1.487873531,       71.11653136,     -0.2099802411,      0.5736761178,     0.06663237163,      0.2862446329,     -0.2929500025,       1.096428943,     -0.2099802411,     0.06663237163,      0.5736761178,      -2.732048095,    -0.01580725774,    0.007313342642,    -0.03460543759,    0.002093575207,    -0.03176569931,    -0.03410628941,    -0.03424668121,    -0.03450965989,    -0.03434613382,      0.1589087132,      0.3863648256,     0.02086181562,      0.3205368369,    -0.01816150881,   -0.007278936162,    -0.04230163726,     -0.1648275792,    -0.08042641215,     0.02762767528,     0.02050465226,    0.001068816229,    -0.01916185511,    -0.01302444234,     0.02403474469,    -0.05752969238,      0.1476811451,    -0.06456867209,   7.305051049e-05,      0.3903512141,    -0.00123243489,     -0.3237838253,    -0.01432826856,    -0.01247431349,     0.06588674148,      0.2964222034,     -0.1146697344,     -0.2946483192,      -2.576724862,     -0.1852183963,      -2.125002646,      0.1644365563,     0.04939444455,       0.635668789,       2.724463504,       1.314680926,      0.3461404755,      0.1398282132,    0.005647186942,     -0.1353306734,    -0.08941594527,      0.3903473796,     -0.9520915997,       2.378580094,     -0.9872761878,    -0.01580725774,    0.007313342642,    -0.03460543759,    0.002093575207,    -0.03176569931,    -0.03410628941,    -0.03424668121,    -0.03450965989,    -0.03434613382,     0.02762767528,     0.02050465226,    0.001068816229,    -0.01916185511,    -0.01302444234,     0.02403474469,    -0.05752969238,      0.1476811451,    -0.06456867209,      0.1589087132,      0.3863648256,     0.02086181562,      0.3205368369,    -0.01816150881,   -0.007278936162,    -0.04230163726,     -0.1648275792,    -0.08042641215,      -10.05289569,       52.83012769,     -0.6028479068,       153.1050024,      0.5717333225,      0.2134191754,        1.23520399,        4.77627365,       2.341643824
          0,           0,         685,      -3.943561301,       -1.60518105,      -1.540788511,      -1.888726685,       1.551156099,       71.11653136,     -0.2099641904,      0.5725154009,     0.06634209035,      0.2864567293,     -0.2760004428,       1.090172963,     -0.2099641904,     0.06634209035,      0.5725154009,      -2.726728781,    -0.01579853107,    0.007314425532,    -0.03461662712,     0.00209966972,    -0.03175640135,    -0.03415232194,    -0.03424708677,    -0.03447209579,    -0.03433522156,      0.1581344499,      0.3863290023,     0.02086223299,      0.3206123739,    -0.01815751561,   -0.007174986976,    -0.04235783096,     -0.1650206242,    -0.08071170048,     0.02753181547,     0.02050083624,     0.00100034504,    -0.01916228322,    -0.01295465743,      0.0239681353,    -0.05759857712,       0.147895595,     -0.0648391189,   7.314013215e-05,      0.3903298792,   -0.001179192788,      -0.323859675,    -0.01426199505,    -0.01226824422,     0.06586154236,       0.296798109,     -0.1150368344,      -0.285291622,       -2.57648745,     -0.1852329738,      -2.125505474,      0.1644011343,     0.04782961099,       0.636978321,       2.727659383,       1.319648627,      0.3434253208,      0.1398000469,    0.005197345809,     -0.1353281261,     -0.0889410061,       0.389474815,     -0.9536165862,       2.382175783,     -0.9920146302,    -0.01579853107,    0.007314425532,    -0.03461662712,     0.00209966972,    -0.03175640135,    -0.03415232194,    -0.03424708677,    -0.03447209579,    -0.03433522156,     0.02753181547,     0.02050083624,     0.00100034504,    -0.01916228322,    -0.01295465743,      0.0239681353,    -0.05759857712,       0.147895595,     -0.0648391189,      0.1581344499,      0.3863290023,     0.02086223299,      0.3206123739,    -0.01815751561,   -0.007174986976,    -0.04235783096,     -0.1650206242,    -0.08071170048,      -10.00944007,       52.81740865,     -0.6026650985,       152.6965746,      0.5717749756,      0.2100878233,       1.236830194,       4.787078373,       2.350696946
          0,           0,         690,      -3.715514269,      -1.364590152,      -1.407921438,      -1.431927177,       1.778015291,       71.11653136,     -0.2100096236,      0.5695371839,      0.0655778386,      0.2863960844,     -0.2256949869,       1.076265267,     -0.2100096236,      0.0655778386,      0.5695371839,      -2.711957548,    -0.01579146582,     0.00731388656,    -0.03461213473,    0.002093257187,     -0.0317548733,    -0.03418952294,    -0.03427411387,    -0.03446059009,     -0.0343340666,      0.1580359346,      0.3863062061,     0.02085314039,      0.3206288919,    -0.01815919675,   -0.007669269076,    -0.04339554777,     -0.1654377629,    -0.08162521257,     0.02774972977,     0.02049843425,    0.001011334352,    -0.01916436694,    -0.01292508354,      0.0244762825,    -0.05865365788,      0.1483154126,    -0.06573024655,   7.334695715e-05,      0.3903141987,   -0.001192784162,     -0.3238820808,    -0.01425003676,     -0.0132548397,     0.06763916214,      0.2976725935,     -0.1167234755,     -0.2829946311,      -2.576341534,     -0.1851672099,      -2.125599993,      0.1644124428,     0.05615679524,      0.6544880185,       2.734501771,       1.334849353,      0.3464724068,      0.1397851098,    0.005292627756,     -0.1353488183,    -0.08875998613,      0.3980890443,     -0.9714610987,        2.38905936,      -1.006863378,    -0.01579146582,     0.00731388656,    -0.03461213473,    0.002093257187,     -0.0317548733,    -0.03418952294,    -0.03427411387,    -0.03446059009,     -0.0343340666,     0.02774972977,     0.02049843425,    0.001011334352,    -0.01916436694,    -0.01292508354,      0.0244762825,    -0.05865365788,      0.1483154126,    -0.06573024655,      0.1580359346,      0.3863062061,     0.02085314039,      0.3206288919,    -0.01815919675,   -0.007669269076,    -0.04339554777,     -0.1654377629,    -0.08162521257,      -10.00767987,         52.818184,     -0.6024806201,       153.1722399,      0.5718554307,      0.2243163524,       1.266131866,       4.800781487,       2.377382601
          0,           0,         695,      -3.566807766,      -1.226832314,      -1.242452495,      -1.353690791,        1.92653831,       71.11653136,     -0.2100659645,      0.5663073568,     0.06546747887,      0.2861922533,     -0.1759727325,       1.073411038,     -0.2100659645,     0.06546747887,      0.5663073568,      -2.695854886,    -0.01578610983,    0.007313364631,    -0.03460490929,    0.002085651064,    -0.03176284155,    -0.03417450898,     -0.0342826325,    -0.03450284194,    -0.03435113613,      0.1570191965,      0.3863456493,     0.02084679348,      0.3205366028,    -0.01816521234,   -0.008494550518,    -0.04433435832,     -0.1654894404,     -0.0819573237,     0.02811423864,     0.02049825778,    0.001100096231,     -0.0191615386,    -0.01299042984,     0.02524948477,     -0.0596041787,      0.1483193325,     -0.0660577839,   7.300903614e-05,      0.3903458469,   -0.001268414494,     -0.3238044227,    -0.01430078285,    -0.01446803525,     0.06922444117,       0.297690653,     -0.1173000415,     -0.2683119016,      -2.576603938,     -0.1851186809,      -2.124972979,      0.1644604948,     0.06958512593,      0.6696209129,       2.735285089,       1.340083145,      0.3514346429,      0.1397849322,    0.005889204714,     -0.1353358041,    -0.08920404698,      0.4106237521,     -0.9868026392,       2.389015418,      -1.011994421,    -0.01578610983,    0.007313364631,    -0.03460490929,    0.002085651064,    -0.03176284155,    -0.03417450898,     -0.0342826325,    -0.03450284194,    -0.03435113613,     0.02811423864,     0.02049825778,    0.001100096231,     -0.0191615386,    -0.01299042984,     0.02524948477,     -0.0596041787,      0.1483193325,     -0.0660577839,      0.1570191965,      0.3863456493,     0.02084679348,      0.3205366028,    -0.01816521234,   -0.008494550518,    -0.04433435832,     -0.1654894404,     -0.0819573237,       -9.94666819,       52.82734675,     -0.6024230062,       153.6865914,       0.571901362,      0.2485639376,       1.293201691,        4.79640027,       2.385869376
          0,           0,         700,      -3.378045068,      -0.998333614,      -1.163629563,      -1.134077092,       2.120467531,       71.11653136,     -0.2101808169,       0.568788845,      0.0619374022,       0.288132134,     -0.2099579942,        1.01765189,     -0.2101808169,      0.0619374022,       0.568788845,      -2.706188193,    -0.01576990652,    0.007314421468,    -0.03460977452,    0.002093430572,    -0.03176310423,      -0.034192186,    -0.03429768699,    -0.03454797409,    -0.03440803659,      0.1584357518,      0.3863753023,     0.02085037339,      0.3206145104,    -0.01816587018,   -0.007497402802,    -0.04454569709,     -0.1652063727,    -0.08207175009,     0.02633427025,     0.02049699809,    0.001040197501,    -0.01916286286,     -0.0129762021,     0.02417065505,    -0.05981999636,      0.1480219218,    -0.06616757916,    7.33846738e-05,      0.3903828698,   -0.001213761455,     -0.3238856936,    -0.01428187413,    -0.01253870062,     0.06957199874,      0.2972309208,     -0.1172070103,      -0.285198193,      -2.576803368,     -0.1851480836,      -2.125517865,      0.1644661665,     0.05295730307,      0.6728229003,       2.730617727,       1.341845418,      0.3237791251,      0.1397748669,    0.005474736901,     -0.1353381818,    -0.08909296156,      0.3926760755,      -0.990082702,        2.38405136,      -1.013590429,    -0.01576990652,    0.007314421468,    -0.03460977452,    0.002093430572,    -0.03176310423,      -0.034192186,    -0.03429768699,    -0.03454797409,    -0.03440803659,     0.02633427025,     0.02049699809,    0.001040197501,    -0.01916286286,     -0.0129762021,     0.02417065505,    -0.05981999636,      0.1480219218,    -0.06616757916,      0.1584357518,      0.3863753023,     0.02085037339,      0.3206145104,    -0.01816587018,   -0.007497402802,    -0.04454569709,     -0.1652063727,    -0.08207175009,      -10.04671471,       52.82376795,     -0.6024417577,       153.1526838,      0.5719173432,      0.2192724034,       1.298795954,        4.78194097,       2.385249442
          0,           0,         705,      -3.273714143,     -0.8748598882,      -1.060380473,      -1.049703848,       2.226679146,       71.11653136,     -0.2100802727,      0.5644769083,     0.05825171625,      0.2876369016,     -0.1388801894,      0.9570989153,     -0.2100802727,     0.05825171625,      0.5644769083,      -2.686958186,    -0.01577243976,    0.007321764032,    -0.03460054154,    0.002100235004,    -0.03175771741,    -0.03414975028,    -0.03430630847,    -0.03453488877,     -0.0343806255,      0.1567141513,      0.3863564673,     0.02085168276,      0.3206193557,    -0.01816860348,   -0.007219133753,    -0.04561871521,     -0.1653249476,    -0.08373334859,     0.02569883106,     0.02049931909,   0.0009719356524,    -0.01916721716,    -0.01303914959,     0.02388875395,     -0.0608668962,      0.1481538755,    -0.06788773609,   7.320634207e-05,      0.3903642597,    -0.00114664603,     -0.3238878348,    -0.01434621613,    -0.01215283312,     0.07152997426,       0.297424684,     -0.1202216926,     -0.2565439322,      -2.576679345,      -0.185145675,      -2.125540954,      0.1644778839,     0.04867761574,      0.6903726291,       2.732562418,        1.36893917,      0.3115889977,       0.139781833,    0.005025490808,     -0.1353582008,    -0.08951874929,      0.3882757215,      -1.007237578,       2.386228382,      -1.041686982,    -0.01577243976,    0.007321764032,    -0.03460054154,    0.002100235004,    -0.03175771741,    -0.03414975028,    -0.03430630847,    -0.03453488877,     -0.0343806255,     0.02569883106,     0.02049931909,   0.0009719356524,    -0.01916721716,    -0.01303914959,     0.02388875395,     -0.0608668962,      0.1481538755,    -0.06788773609,      0.1567141513,      0.3863564673,     0.02085168276,      0.3206193557,    -0.01816860348,   -0.007219133753,    -0.04561871521,     -0.1653249476,    -0.08373334859,      -9.935948633,       52.76822165,     -0.6026403586,       152.6588001,      0.5721004202,      0.2113963849,       1.329747129,       4.787186336,       2.435480663
          0,           0,         710,      -3.134934459,     -0.7202268908,     -0.7104158488,     -0.9817581214,       2.373156299,       71.11653136,     -0.2098327756,      0.5658602645,     0.05993059521,      0.2854520014,     -0.1621724034,      0.9882308312,     -0.2098327756,     0.05993059521,      0.5658602645,      -2.696720104,    -0.01575399674,      0.0073216114,    -0.03460400968,    0.002096082118,    -0.03176594427,    -0.03407826324,    -0.03423669262,    -0.03449150982,    -0.03432005279,      0.1581882647,      0.3863955136,     0.02085607997,       0.320656932,    -0.01817050092,   -0.007920259001,    -0.04535179866,     -0.1652325137,    -0.08356145353,     0.02622913872,     0.02050460648,   0.0009724859654,    -0.01916901464,    -0.01304518125,     0.02467722924,    -0.06060653695,      0.1480942042,    -0.06772633658,   7.300903297e-05,      0.3904005379,   -0.001144277747,     -0.3239245842,    -0.01435619497,    -0.01387508027,     0.07119672621,      0.2972885621,     -0.1202066968,     -0.2816385302,      -2.576941136,     -0.1851785208,      -2.125795497,      0.1644992408,     0.06037877956,      0.6858007843,       2.730963644,       1.365738831,      0.3231943321,      0.1398167616,    0.005030766439,     -0.1353749813,    -0.08955564808,      0.4012910472,      -1.002643575,       2.385236857,      -1.038764729,    -0.01575399674,      0.0073216114,    -0.03460400968,    0.002096082118,    -0.03176594427,    -0.03407826324,    -0.03423669262,    -0.03449150982,    -0.03432005279,     0.02622913872,     0.02050460648,   0.0009724859654,    -0.01916901464,    -0.01304518125,     0.02467722924,    -0.06060653695,      0.1480942042,    -0.06772633658,      0.1581882647,      0.3863955136,     0.02085607997,       0.320656932,    -0.01817050092,   -0.007920259001,    -0.04535179866,     -0.1652325137,    -0.08356145353,      -10.04115129,       52.77465472,     -0.6027070321,        152.979184,      0.5720119875,      0.2324138101,       1.324654784,       4.790527133,       2.434770542
          0,           0,         715,      -3.036882526,     -0.5917706344,     -0.6289783298,     -0.8651015975,       2.475891517,       71.11653136,     -0.2099737669,      0.5699328753,     0.06275851131,       0.286009814,     -0.2242349693,       1.035028682,     -0.2099737669,     0.06275851131,      0.5699328753,      -2.714305142,    -0.01580357922,    0.007337367248,    -0.03461090324,    0.002098145855,    -0.03176710323,    -0.03412904064,    -0.03426155798,    -0.03449655456,    -0.03434054117,      0.1600147591,      0.3865528816,     0.02085092483,      0.3207178512,    -0.01815748438,   -0.007902379452,    -0.04464655273,     -0.1650390662,    -0.08245805861,     0.02746063269,     0.02048705476,    0.000979859037,    -0.01916194417,    -0.01310246612,     0.02472060345,    -0.05993922713,      0.1479006637,    -0.06658666494,   7.308728173e-05,      0.3905555136,   -0.001153811424,     -0.3239858056,    -0.01440773387,    -0.01368228735,     0.07003275089,      0.2969181275,      -0.118340027,     -0.3090282441,      -2.577989449,      -0.185152902,       -2.12620203,      0.1644145647,     0.05980079525,       0.674286453,       2.727829328,       1.347806515,      0.3436463759,      0.1396848627,    0.005080161191,     -0.1353265676,    -0.08993882548,      0.4017943386,     -0.9917943016,       2.382095525,      -1.020212886,    -0.01580357922,    0.007337367248,    -0.03461090324,    0.002098145855,    -0.03176710323,    -0.03412904064,    -0.03426155798,    -0.03449655456,    -0.03434054117,     0.02746063269,     0.02048705476,    0.000979859037,    -0.01916194417,    -0.01310246612,     0.02472060345,    -0.05993922713,      0.1479006637,    -0.06658666494,      0.1600147591,      0.3865528816,     0.02085092483,      0.3207178512,    -0.01815748438,   -0.007902379452,    -0.04464655273,     -0.1650390662,    -0.08245805861,       -10.1252227,       52.68277687,     -0.6024380435,       152.8577484,      0.5715813698,      0.2315441426,       1.303109238,        4.78421884,       2.401186929
          0,           0,         720,      -2.917271404,     -0.4710837108,     -0.5357972075,     -0.7212534753,       2.595059432,       71.11653136,     -0.2099613241,      0.5686083094,      0.0604949435,       0.285339684,     -0.1918563915,      0.9971221482,     -0.2099613241,      0.0604949435,      0.5686083094,      -2.708157381,    -0.01572488995,    0.007342665587,      -0.034606686,    0.002121943615,    -0.03176002813,    -0.03416590751,    -0.03429381347,    -0.03452008314,    -0.03435452506,       0.159964554,      0.3866313428,     0.02084245156,      0.3208414625,    -0.01814504487,   -0.007614818603,    -0.04491494781,     -0.1653776649,    -0.08361902525,     0.02681033744,     0.02048337481,   0.0009474155303,    -0.01914839878,    -0.01322130076,     0.02435394346,    -0.06019967496,      0.1482232368,    -0.06775399004,   7.281350503e-05,      0.3906222047,   -0.001120107916,     -0.3241120699,    -0.01453121971,    -0.01321794378,     0.07039250861,      0.2975171474,     -0.1202836489,     -0.2999919378,      -2.578498049,     -0.1850928196,      -2.127029506,        0.16432657,     0.05512441026,      0.6788239206,        2.73343075,        1.36705027,      0.3310614436,      0.1396579451,    0.004858929014,     -0.1352120116,    -0.09073327846,      0.3958821128,     -0.9962511909,       2.387399376,      -1.039541177,    -0.01572488995,    0.007342665587,      -0.034606686,    0.002121943615,    -0.03176002813,    -0.03416590751,    -0.03429381347,    -0.03452008314,    -0.03435452506,     0.02681033744,     0.02048337481,   0.0009474155303,    -0.01914839878,    -0.01322130076,     0.02435394346,    -0.06019967496,      0.1482232368,    -0.06775399004,       0.159964554,      0.3866313428,     0.02084245156,      0.3208414625,    -0.01814504487,   -0.007614818603,    -0.04491494781,     -0.1653776649,    -0.08361902525,      -10.17269783,       52.65544757,     -0.6022666128,       151.2016908,      0.5713170275,      0.2228776918,       1.309709923,       4.790766705,       2.434003238
          0,           0,         725,       -2.87561065,     -0.4323466557,     -0.5042305341,      -0.682296474,        2.63559868,       71.11653136,     -0.2098844022,      0.5672769477,     0.06067806718,      0.2855391371,     -0.1715118859,      0.9900558063,     -0.2098844022,     0.06067806718,      0.5672769477,        -2.7028066,    -0.01579847361,    0.007347224175,    -0.03460276659,    0.002137359112,     -0.0317627328,     -0.0341104344,    -0.03427015523,    -0.03450442516,    -0.03431999773,      0.1591880263,      0.3866482906,     0.02084622877,      0.3210796403,    -0.01814438568,    -0.00799402877,    -0.04547515003,     -0.1652810067,    -0.08359066709,     0.02685403129,     0.02048912552,    0.001050324468,    -0.01915552123,    -0.01296216998,     0.02472084654,    -0.06074371208,      0.1481517236,    -0.06772658093,   7.285767901e-05,      0.3906194997,    -0.00122158381,      -0.324362598,    -0.01427108547,     -0.0138178726,     0.07138726338,        0.29729409,     -0.1201614338,     -0.2910331186,      -2.578597253,     -0.1851139678,       -2.12863132,      0.1643258698,     0.06143515901,      0.6879316939,       2.731809783,       1.366361268,      0.3249036177,      0.1396989429,    0.005551586351,     -0.1352447259,     -0.0889935154,      0.4019031866,      -1.005066381,       2.386214592,      -1.038911496,    -0.01579847361,    0.007347224175,    -0.03460276659,    0.002137359112,     -0.0317627328,     -0.0341104344,    -0.03427015523,    -0.03450442516,    -0.03431999773,     0.02685403129,     0.02048912552,    0.001050324468,    -0.01915552123,    -0.01296216998,     0.02472084654,    -0.06074371208,      0.1481517236,    -0.06772658093,      0.1591880263,      0.3866482906,     0.02084622877,      0.3210796403,    -0.01814438568,    -0.00799402877,    -0.04547515003,     -0.1652810067,    -0.08359066709,      -10.07616497,       52.62508417,     -0.6024439899,       150.2225988,      0.5712476251,      0.2343572842,       1.326960725,       4.790139408,       2.435625659
          0,           0,         730,      -2.788331774,     -0.3751319302,     -0.4590141468,     -0.5939803577,       2.717109116,       71.11653136,     -0.2097370868,      0.5752986858,     0.06493251234,       0.286209534,     -0.2868149669,       1.061639387,     -0.2097370868,     0.06493251234,      0.5752986858,      -2.742951637,    -0.01570696055,    0.007333047156,    -0.03460215473,    0.002136082241,    -0.03175631542,    -0.03409824755,     -0.0342435551,    -0.03447505365,    -0.03432392924,      0.1638119922,      0.3865800157,     0.02084595403,      0.3209579778,    -0.01814240729,   -0.007890027902,     -0.0445455664,     -0.1645812147,    -0.08173803764,     0.02887658505,     0.02048945632,    0.001172382041,    -0.01915176844,    -0.01292783268,     0.02473763573,    -0.05987141553,      0.1474644836,    -0.06585701372,   7.285317616e-05,      0.3905533358,    -0.00134330335,     -0.3242484895,    -0.01422978678,    -0.01355066342,     0.06996950915,      0.2960263382,     -0.1170402592,     -0.3488258049,       -2.57814116,     -0.1851102224,       -2.12781796,      0.1643045696,     0.05959592602,      0.6727025626,       2.720325578,       1.336151544,      0.3617114423,      0.1397147578,    0.006358912761,     -0.1352183365,    -0.08877084498,      0.4020264834,     -0.9907338718,       2.374977263,       -1.00842642,    -0.01570696055,    0.007333047156,    -0.03460215473,    0.002136082241,    -0.03175631542,    -0.03409824755,     -0.0342435551,    -0.03447505365,    -0.03432392924,     0.02887658505,     0.02048945632,    0.001172382041,    -0.01915176844,    -0.01292783268,     0.02473763573,    -0.05987141553,      0.1474644836,    -0.06585701372,      0.1638119922,      0.3865800157,     0.02084595403,      0.3209579778,    -0.01814240729,   -0.007890027902,     -0.0445455664,     -0.1645812147,    -0.08173803764,      -10.42926107,       52.71751394,     -0.6024467029,       150.2554404,       0.571300765,      0.2313910089,       1.300845262,       4.773921931,       2.381371814
          0,           0,         735,      -2.853965411,     -0.4279056937,     -0.5015489836,     -0.6423424541,       2.654649696,       71.11653136,        -0.2097309,      0.5784380682,      0.0656840612,      0.2862550787,     -0.3374048414,       1.074579293,        -0.2097309,      0.0656840612,      0.5784380682,      -2.758001174,    -0.01568429046,    0.007334491567,    -0.03460266818,    0.002134981398,    -0.03176387937,    -0.03408945685,    -0.03425493133,    -0.03450586466,    -0.03429928208,      0.1639572296,      0.3866552771,      0.0208432467,      0.3209513888,    -0.01813525612,   -0.007280722579,    -0.04339243965,     -0.1643280559,     -0.0808325998,      0.0285824305,     0.02047971868,    0.001132023799,    -0.01914896877,    -0.01308415471,     0.02423937869,    -0.05873153392,      0.1471484848,    -0.06493331788,    7.28561604e-05,      0.3906114725,   -0.001310748494,     -0.3242301478,    -0.01438032241,    -0.01269468989,     0.06782302404,      0.2957280834,     -0.1153644488,      -0.351614188,      -2.578642864,     -0.1850929443,      -2.127777516,      0.1642650462,     0.04965764758,      0.6538843744,       2.716390663,        1.32152494,      0.3557045665,      0.1396495277,    0.006083661786,     -0.1352023224,    -0.08982428051,      0.3938781118,     -0.9721269574,       2.369970821,     -0.9935538352,    -0.01568429046,    0.007334491567,    -0.03460266818,    0.002134981398,    -0.03176387937,    -0.03408945685,    -0.03425493133,    -0.03450586466,    -0.03429928208,      0.0285824305,     0.02047971868,    0.001132023799,    -0.01914896877,    -0.01308415471,     0.02423937869,    -0.05873153392,      0.1471484848,    -0.06493331788,      0.1639572296,      0.3866552771,      0.0208432467,      0.3209513888,    -0.01813525612,   -0.007280722579,    -0.04339243965,     -0.1643280559,     -0.0808325998,      -10.45359559,       52.71739336,     -0.6023595229,       150.3298292,      0.5709395854,      0.2135769605,       1.266750157,       4.762322506,       2.356684889
          0,           0,         740,      -3.996836425,      -1.522553529,      -1.628094146,      -1.679347744,       1.480854685,       71.11653136,      -0.209934127,      0.5761709893,     0.06579333693,      0.2858712747,     -0.3263937598,       1.080051168,      -0.209934127,     0.06579333693,      0.5761709893,      -2.744532285,    -0.01587334779,    0.007330345871,    -0.03460074316,    0.002142239629,    -0.03175827833,    -0.03409989639,    -0.03425744578,      -0.034518223,    -0.03429877807,      0.1612818179,      0.3865838934,     0.02083580331,      0.3209760505,    -0.01812928433,   -0.007249746978,    -0.04316549383,     -0.1642965703,    -0.08066548044,     0.02834778793,      0.0204775114,    0.001180116917,    -0.01913985076,    -0.01309378713,     0.02419642435,     -0.0585123734,      0.1470908049,    -0.06475329729,   7.289539238e-05,      0.3905231536,   -0.001352122259,     -0.3242640588,    -0.01439894659,    -0.01254172659,      0.0674178273,      0.2955416765,      -0.115127424,     -0.3335321001,      -2.578153623,     -0.1850405209,      -2.127948993,      0.1642182023,      0.0491511233,      0.6501871842,       2.715891231,       1.318833736,      0.3560426528,      0.1396337805,     0.00640329045,     -0.1351310456,    -0.08989207358,      0.3931915373,     -0.9685570801,       2.369016946,     -0.9906568398,    -0.01587334779,    0.007330345871,    -0.03460074316,    0.002142239629,    -0.03175827833,    -0.03409989639,    -0.03425744578,      -0.034518223,    -0.03429877807,     0.02834778793,      0.0204775114,    0.001180116917,    -0.01913985076,    -0.01309378713,     0.02419642435,     -0.0585123734,      0.1470908049,    -0.06475329729,      0.1612818179,      0.3865838934,     0.02083580331,      0.3209760505,    -0.01812928433,   -0.007249746978,    -0.04316549383,     -0.1642965703,    -0.08066548044,      -10.16054206,       52.73746972,     -0.6021779131,       149.8320012,      0.5708522401,      0.2126031966,       1.260032464,       4.759705338,       2.351847062
          0,           0,         745,      -4.142813774,      -1.791279225,      -1.726870925,      -2.032937041,       1.342481754,       71.11653136,     -0.2100146689,      0.5753195808,     0.06510593166,      0.2845034376,     -0.3075203188,       1.078441283,     -0.2100146689,     0.06510593166,      0.5753195808,      -2.739425698,    -0.01582357701,    0.007302375454,    -0.03462226773,    0.002113707956,    -0.03176788951,    -0.03412874508,    -0.03426057025,    -0.03452164561,     -0.0343060571,      0.1607890389,      0.3860537522,     0.02084530341,      0.3210613304,    -0.01813275124,   -0.007577531549,     -0.0432221071,     -0.1640296214,    -0.08046783284,     0.02755328112,     0.02044900786,    0.001096820968,    -0.01916843722,    -0.01290797304,     0.02449216193,    -0.05858986301,      0.1467437481,    -0.06456281501,   7.260584964e-05,      0.3899928926,   -0.001290143244,     -0.3243655261,    -0.01422720267,    -0.01306019433,     0.06763905437,      0.2946322834,     -0.1148903323,     -0.3163250561,      -2.574579615,      -0.185122669,      -2.128539304,      0.1642383954,     0.05453023096,       0.651184947,        2.71141736,       1.315675393,      0.3533009454,       0.139457298,    0.005867587031,     -0.1353499818,    -0.08863665971,      0.3981021627,     -0.9698992121,         2.3632153,     -0.9876161564,    -0.01582357701,    0.007302375454,    -0.03462226773,    0.002113707956,    -0.03176788951,    -0.03412874508,    -0.03426057025,    -0.03452164561,     -0.0343060571,     0.02755328112,     0.02044900786,    0.001096820968,    -0.01916843722,    -0.01290797304,     0.02449216193,    -0.05858986301,      0.1467437481,    -0.06456281501,      0.1607890389,      0.3860537522,     0.02084530341,      0.3210613304,    -0.01813275124,   -0.007577531549,     -0.0432221071,     -0.1640296214,    -0.08046783284,      -10.16135851,       52.86687252,     -0.6020779337,       151.8948393,       0.570788665,      0.2220278399,       1.261569985,       4.751500646,       2.345586746
          0,           0,         750,      -3.911442169,      -1.577945243,      -1.491682125,      -1.877361425,       1.582658827,       71.11653136,     -0.2100320271,      0.5719694743,     0.06725288793,      0.2848870227,     -0.2620548137,       1.091901129,     -0.2100320271,     0.06725288793,      0.5719694743,      -2.723248841,    -0.01573041267,    0.007246507939,    -0.03461280159,    0.002116477537,    -0.03176485721,    -0.03418573259,    -0.03428074703,    -0.03449533048,    -0.03432513101,      0.1589269879,      0.3859520027,     0.02084855595,      0.3208461602,    -0.01816779227,   -0.008653064003,    -0.04362801615,     -0.1640699819,    -0.08008537811,     0.02854925099,       0.020508368,   0.0007996496088,    -0.01918519114,    -0.01254396901,     0.02548415221,    -0.05895531181,      0.1467587768,    -0.06416283769,   7.318844084e-05,      0.3899484221,   -0.001045712426,     -0.3240922403,    -0.01379566303,    -0.01510742004,     0.06815843068,      0.2947387312,     -0.1139907139,     -0.2920938905,      -2.573886221,     -0.1851425751,      -2.127050375,      0.1644968899,     0.07221332872,      0.6578963943,       2.712074754,       1.309436882,      0.3486629411,      0.1399542747,     0.00387226733,     -0.1354762692,     -0.0861184127,      0.4145149903,     -0.9759766607,         2.3635253,     -0.9810573022,    -0.01573041267,    0.007246507939,    -0.03461280159,    0.002116477537,    -0.03176485721,    -0.03418573259,    -0.03428074703,    -0.03449533048,    -0.03432513101,     0.02854925099,       0.020508368,   0.0007996496088,    -0.01918519114,    -0.01254396901,     0.02548415221,    -0.05895531181,      0.1467587768,    -0.06416283769,      0.1589269879,      0.3859520027,     0.02084855595,      0.3208461602,    -0.01816779227,   -0.008653064003,    -0.04362801615,     -0.1640699819,    -0.08008537811,      -10.10316711,       53.26041259,     -0.6023365631,       151.5944084,      0.5719462912,      0.2531191625,       1.272668186,       4.756295405,       2.333141222
          0,           0,         755,       -3.63138537,       -1.28716132,      -1.336150565,      -1.318011443,       1.860805226,       71.11653136,     -0.2101131476,      0.5694362617,     0.06255730054,      0.2875872963,     -0.2213131367,       1.035946281,     -0.2101131476,     0.06255730054,      0.5694362617,      -2.710141027,    -0.01573800833,    0.007402208421,    -0.03459547414,    0.002109817567,    -0.03171041241,    -0.03427609386,    -0.03436945893,    -0.03451958304,    -0.03441614288,      0.1575795628,      0.3867993414,     0.02083755626,      0.3205501952,    -0.01814811493,   -0.006656622293,    -0.04257068692,     -0.1664230833,    -0.08253188649,     0.02487135298,     0.02050603368,    0.001223149041,    -0.01913712345,    -0.01315521721,     0.02339214193,    -0.05781870476,       0.149236197,    -0.06656052863,   7.342251893e-05,      0.3907950385,   -0.001392742776,     -0.3238123562,    -0.01448531172,    -0.01043909682,     0.06534438945,        0.29991338,     -0.1184094267,     -0.2762144859,      -2.579727659,     -0.1850472442,      -2.125040424,      0.1642766272,     0.03887687789,      0.6402651916,       2.751224449,       1.350073531,      0.3084412938,      0.1397382686,     0.00674918292,     -0.1351383297,    -0.09035635109,       0.379762311,     -0.9572273317,       2.404662815,      -1.020685578,    -0.01573800833,    0.007402208421,    -0.03459547414,    0.002109817567,    -0.03171041241,    -0.03427609386,    -0.03436945893,    -0.03451958304,    -0.03441614288,     0.02487135298,     0.02050603368,    0.001223149041,    -0.01913712345,    -0.01315521721,     0.02339214193,    -0.05781870476,       0.149236197,    -0.06656052863,      0.1575795628,      0.3867993414,     0.02083755626,      0.3205501952,    -0.01814811493,   -0.006656622293,    -0.04257068692,     -0.1664230833,    -0.08253188649,      -10.01267501,       52.25458665,     -0.6023202972,       151.9326601,      0.5723077546,       0.194205977,       1.238619642,       4.821120901,       2.398057411
          0,           0,         760,      -3.382921047,      -1.032649204,      -1.122561267,      -1.140031881,       2.112200172,       71.11653136,     -0.2103116274,      0.5616519182,     0.06557553774,      0.2864327595,     -0.1174740788,       1.045672301,     -0.2103116274,     0.06557553774,      0.5616519182,      -2.670569979,    -0.01578806077,    0.007325181338,    -0.03457382596,     0.00207150064,     -0.0317321408,    -0.03423250532,      -0.034388301,    -0.03458208802,    -0.03441138747,      0.1539377653,      0.3863477261,      0.0208532897,      0.3201347801,    -0.01816996219,   -0.006938992814,    -0.04408128296,      -0.166486573,    -0.08394483191,     0.03019891201,     0.02051650605,    0.001490192368,    -0.01916349725,    -0.01309573903,     0.02370847687,    -0.05931017412,      0.1493046739,    -0.06807381305,   7.282054145e-05,      0.3902918869,   -0.001622608279,     -0.3234319063,    -0.01435590708,    -0.01275147914,     0.06929798329,      0.2988567478,     -0.1199247782,     -0.2326704925,      -2.576536532,     -0.1851286085,      -2.122276082,      0.1644636886,     0.04449011648,      0.6658479257,       2.751595944,       1.372739961,      0.3591836383,      0.1399175538,    0.008503811821,     -0.1353595077,    -0.08986115407,        0.38585332,     -0.9825187922,       2.404994571,       -1.04504114,    -0.01578806077,    0.007325181338,    -0.03457382596,     0.00207150064,     -0.0317321408,    -0.03423250532,      -0.034388301,    -0.03458208802,    -0.03441138747,     0.03019891201,     0.02051650605,    0.001490192368,    -0.01916349725,    -0.01309573903,     0.02370847687,    -0.05931017412,      0.1493046739,    -0.06807381305,      0.1539377653,      0.3863477261,      0.0208532897,      0.3201347801,    -0.01816996219,   -0.006938992814,    -0.04408128296,      -0.166486573,    -0.08394483191,      -9.750264296,       52.74241117,     -0.6031525041,        154.542448,      0.5726043605,      0.2027018692,       1.281868591,       4.814242939,       2.439449208
          0,           0,         765,      -3.289729426,     -0.9261397976,      -1.080681726,      -1.057063282,       2.207020985,       71.11653136,      -0.209795259,       0.568576051,     0.06675885089,      0.2853173099,     -0.1849809514,       1.104326892,      -0.209795259,     0.06675885089,       0.568576051,      -2.710147282,    -0.01579731206,    0.007318662757,     -0.0346054745,    0.002125976911,    -0.03176438818,    -0.03402256857,    -0.03419711319,    -0.03451742988,    -0.03433561231,      0.1602652995,      0.3864354504,      0.0208658339,      0.3208340033,    -0.01817679627,   -0.009918684762,    -0.04462751962,     -0.1656752499,    -0.08142628543,     0.02720253239,     0.02051963272,   0.0009957046884,    -0.01917138578,    -0.01271007105,     0.02671359525,    -0.05976787803,      0.1485553207,    -0.06557860001,   7.289101759e-05,       0.390516516,   -0.001189144589,     -0.3240439572,    -0.01406688326,    -0.01653202765,      0.0690967978,      0.2982876706,     -0.1168245529,     -0.2962112274,      -2.577260268,     -0.1852429368,      -2.127005659,      0.1645325107,      0.0930374415,      0.6740208089,       2.738235671,       1.330912709,      0.3473107998,      0.1399145379,    0.005144699391,     -0.1353613325,    -0.08732596581,      0.4345269658,     -0.9889485329,       2.392742604,      -1.003676884,    -0.01579731206,    0.007318662757,     -0.0346054745,    0.002125976911,    -0.03176438818,    -0.03402256857,    -0.03419711319,    -0.03451742988,    -0.03433561231,     0.02720253239,     0.02051963272,   0.0009957046884,    -0.01917138578,    -0.01271007105,     0.02671359525,    -0.05976787803,      0.1485553207,    -0.06557860001,      0.1602652995,      0.3864354504,      0.0208658339,      0.3208340033,    -0.01817679627,   -0.009918684762,    -0.04462751962,     -0.1656752499,    -0.08142628543,       -10.1450993,       52.80137413,     -0.6029633808,         150.91133,      0.5722381986,      0.2915325085,        1.30500839,       4.799756253,       2.371481967
          0,           0,         770,       -3.22105207,     -0.8197124956,      -0.971435057,      -1.020808996,       2.280751188,       71.11653136,     -0.2098313822,      0.5726744665,     0.07283695727,      0.2876079529,     -0.2785267792,        1.18830736,     -0.2098313822,     0.07283695727,      0.5726744665,      -2.729212669,    -0.01579455403,    0.007314911391,    -0.03461044341,     0.00207463214,    -0.03176316738,    -0.03412946472,    -0.03421016384,    -0.03443738755,    -0.03427574476,      0.1590546557,      0.3864246614,     0.02085347217,      0.3204519999,    -0.01816264173,   -0.007620706699,    -0.04165037379,     -0.1663734554,    -0.08030314509,     0.03092927676,     0.02050001324,     0.00120533769,    -0.01916713628,     -0.0130972639,     0.02454645566,     -0.0569553895,      0.1491964137,    -0.06432075014,   7.338642692e-05,      0.3904207642,   -0.001374985833,     -0.3237378644,      -0.014387393,    -0.01309281161,     0.06477237508,      0.2991889246,     -0.1142544425,       -0.29907253,      -2.577125371,     -0.1851671446,      -2.124417458,      0.1644436192,     0.05487595128,      0.6254562593,       2.749603036,       1.312876858,      0.3919038823,       0.139798156,    0.006590012586,     -0.1353824327,    -0.08990880297,      0.3986407875,      -0.943081563,       2.403325965,      -0.983578645,    -0.01579455403,    0.007314911391,    -0.03461044341,     0.00207463214,    -0.03176316738,    -0.03412946472,    -0.03421016384,    -0.03443738755,    -0.03427574476,     0.03092927676,     0.02050001324,     0.00120533769,    -0.01916713628,     -0.0130972639,     0.02454645566,     -0.0569553895,      0.1491964137,    -0.06432075014,      0.1590546557,      0.3864246614,     0.02085347217,      0.3204519999,    -0.01816264173,   -0.007620706699,    -0.04165037379,     -0.1663734554,    -0.08030314509,      -10.07022138,       52.82697777,     -0.6025196477,       154.4620821,      0.5718145648,      0.2232881986,       1.217485365,       4.831186893,       2.342856316
          0,           0,         775,      -3.109368289,     -0.7117559732,     -0.7291422972,     -0.9045557757,       2.394981759,       71.11653136,     -0.2103252261,      0.5655399416,     0.06929054554,      0.2864274048,     -0.1577604093,       1.133987959,     -0.2103252261,     0.06929054554,      0.5655399416,      -2.688883079,    -0.01582905568,    0.007326271101,    -0.03460831728,    0.002089546657,    -0.03176911393,     -0.0342093515,    -0.03433820123,    -0.03457238539,    -0.03441461888,      0.1570241203,      0.3864375879,     0.02084868163,      0.3206342239,    -0.01815602673,   -0.008919612769,    -0.04329501552,     -0.1671233589,    -0.08191065825,     0.02866602708,     0.02049516497,    0.001102302245,    -0.01915823578,    -0.01301043572,     0.02586513044,    -0.05862275891,      0.1498410307,     -0.0658876795,   7.312515157e-05,      0.3904401682,    -0.00127997971,     -0.3238926798,     -0.0143390288,    -0.01530742694,     0.06731790259,      0.3005162833,     -0.1171009592,     -0.2645039056,      -2.577226433,     -0.1851354302,      -2.125643278,      0.1644057935,     0.07640014669,      0.6525288075,       2.761996429,       1.339417461,      0.3585376699,      0.1397525963,    0.005899357006,      -0.135312163,    -0.08933810471,      0.4206044045,     -0.9707188402,       2.413794311,      -1.009231272,    -0.01582905568,    0.007326271101,    -0.03460831728,    0.002089546657,    -0.03176911393,     -0.0342093515,    -0.03433820123,    -0.03457238539,    -0.03441461888,     0.02866602708,     0.02049516497,    0.001102302245,    -0.01915823578,    -0.01301043572,     0.02586513044,    -0.05862275891,      0.1498410307,     -0.0658876795,      0.1570241203,      0.3864375879,     0.02084868163,      0.3206342239,    -0.01815602673,   -0.008919612769,    -0.04329501552,     -0.1671233589,    -0.08191065825,      -9.919992918,       52.74683159,     -0.6024182413,       153.4467885,      0.5714993111,      0.2607360964,       1.260841103,       4.834012956,       2.380112316
          0,           0,         780,      -3.028243612,      -0.589298948,     -0.6239115174,     -0.8381396634,       2.482988542,       71.11653136,     -0.2101087107,      0.5680331936,      0.0691168085,      0.2871052871,     -0.1805956302,       1.131024836,     -0.2101087107,      0.0691168085,      0.5680331936,      -2.703520437,    -0.01574495518,    0.007354297337,    -0.03460443344,    0.002124363244,     -0.0317630013,    -0.03422024158,    -0.03428596859,    -0.03455930642,    -0.03440946483,      0.1591270267,      0.3867398777,     0.02084923962,      0.3209327876,    -0.01814130778,   -0.008832999118,    -0.04367565973,     -0.1670115971,    -0.08195417432,     0.02888542002,     0.02049335251,    0.001262472829,    -0.01914752456,    -0.01291040206,     0.02562178813,    -0.05889641648,      0.1498674474,    -0.06605932926,   7.319235552e-05,      0.3907355259,   -0.001427576844,     -0.3242053992,    -0.01422825098,    -0.01507123049,     0.06803461333,      0.3004212448,     -0.1172268317,     -0.2858933459,      -2.579237905,     -0.1851340781,      -2.127653503,      0.1643034115,     0.07470147893,      0.6585145995,       2.759945274,       1.339858438,      0.3644655891,      0.1397104194,    0.006958670245,     -0.1352028751,    -0.08865724897,      0.4163835259,     -0.9748798223,       2.414016618,       -1.01177004,    -0.01574495518,    0.007354297337,    -0.03460443344,    0.002124363244,     -0.0317630013,    -0.03422024158,    -0.03428596859,    -0.03455930642,    -0.03440946483,     0.02888542002,     0.02049335251,    0.001262472829,    -0.01914752456,    -0.01291040206,     0.02562178813,    -0.05889641648,      0.1498674474,    -0.06605932926,      0.1591270267,      0.3867398777,     0.02084923962,      0.3209327876,    -0.01814130778,   -0.008832999118,    -0.04367565973,     -0.1670115971,    -0.08195417432,      -10.10654047,       52.58692435,     -0.6025019789,        151.072463,      0.5711458942,      0.2581220562,        1.27386396,       4.832608475,       2.381733477
          0,           0,         785,      -2.960863559,     -0.5100466816,     -0.5650723405,     -0.7527403678,       2.551259624,       71.11653136,     -0.2099395736,      0.5703060712,     0.06884086895,       0.286653395,     -0.2079269659,       1.105337807,     -0.2099395736,     0.06884086895,      0.5703060712,      -2.716524863,    -0.01585472719,    0.007368744161,     -0.0346054916,    0.002161451986,    -0.03176462705,     -0.0341648361,    -0.03425249033,     -0.0344787998,    -0.03434879764,      0.1605479796,       0.386917233,     0.02084909276,      0.3212898003,    -0.01813630585,   -0.008436548815,    -0.04404166051,     -0.1663942139,     -0.0822893053,     0.02997902213,     0.02049316811,    0.001405158251,    -0.01914872604,    -0.01262989637,     0.02511007849,    -0.05922704136,      0.1493403925,    -0.06648128677,   7.315815679e-05,      0.3909060165,   -0.001579291658,      -0.324577565,    -0.01393710474,    -0.01450734079,     0.06880525054,      0.2994568928,     -0.1179866208,     -0.3048369559,      -2.580416234,     -0.1851351515,      -2.130036145,      0.1642737512,     0.06837171269,      0.6646372788,        2.74982329,       1.345391488,      0.3653119223,      0.1397001075,    0.007916595729,     -0.1351752355,    -0.08679042315,      0.4080791715,     -0.9803943608,       2.405487935,      -1.018797906,    -0.01585472719,    0.007368744161,     -0.0346054916,    0.002161451986,    -0.03176462705,     -0.0341648361,    -0.03425249033,     -0.0344787998,    -0.03434879764,     0.02997902213,     0.02049316811,    0.001405158251,    -0.01914872604,    -0.01262989637,     0.02511007849,    -0.05922704136,      0.1493403925,    -0.06648128677,      0.1605479796,       0.386917233,     0.02084909276,      0.3212898003,    -0.01813630585,   -0.008436548815,    -0.04404166051,     -0.1663942139,     -0.0822893053,      -10.12618998,       52.50789341,     -0.6024793118,       148.6453562,      0.5709591935,      0.2469366102,       1.285794408,       4.825986254,       2.395696821
          0,           0,         790,      -2.920106989,     -0.4608226575,     -0.5308142328,     -0.7222010935,       2.593554696,       71.11653136,     -0.2096770863,      0.5686013779,     0.06600799842,      0.2868465723,      -0.177068277,       1.084467083,     -0.2096770863,     0.06600799842,      0.5686013779,      -2.711795494,    -0.01572826618,    0.007378274637,    -0.03459860712,    0.002158741555,    -0.03174656934,    -0.03411912127,     -0.0342360019,    -0.03447249469,    -0.03431304202,      0.1604720326,       0.386963994,     0.02085063895,      0.3211624761,    -0.01813890081,   -0.008681956713,    -0.04455553505,     -0.1666922146,    -0.08277915657,     0.02774810722,     0.02049490833,    0.001410172051,    -0.01915725511,    -0.01278409217,     0.02540741128,    -0.05976039864,      0.1495700818,    -0.06692093632,   7.332699132e-05,      0.3909532953,   -0.001590664841,     -0.3244557906,    -0.01407500115,    -0.01497058715,     0.06965039104,      0.3000031879,     -0.1187415852,     -0.2999681062,      -2.580717926,     -0.1851365628,      -2.129185727,      0.1642701203,     0.07252863646,      0.6730234767,        2.75482173,       1.353296081,      0.3524877012,      0.1397019588,    0.007946017223,     -0.1352304092,    -0.08781124576,      0.4130023097,     -0.9890655627,       2.409384545,      -1.025948231,    -0.01572826618,    0.007378274637,    -0.03459860712,    0.002158741555,    -0.03174656934,    -0.03411912127,     -0.0342360019,    -0.03447249469,    -0.03431304202,     0.02774810722,     0.02049490833,    0.001410172051,    -0.01915725511,    -0.01278409217,     0.02540741128,    -0.05976039864,      0.1495700818,    -0.06692093632,      0.1604720326,       0.386963994,     0.02085063895,      0.3211624761,    -0.01813890081,   -0.008681956713,    -0.04455553505,     -0.1666922146,    -0.08277915657,      -10.20277956,       52.44640692,     -0.6026438831,       148.7730087,      0.5713656999,      0.2544601499,       1.301423431,       4.835513534,       2.412469186
          0,           0,         795,      -2.876770089,     -0.4580047419,     -0.5156721961,     -0.6810789221,       2.628528884,       71.11653136,     -0.2099784294,      0.5672833062,     0.06854173011,      0.2860868916,     -0.1638880834,       1.108795272,     -0.2099784294,     0.06854173011,      0.5672833062,      -2.701626581,    -0.01582563053,    0.007382184027,    -0.03460581296,    0.002144696414,    -0.03175592454,     -0.0341429539,    -0.03427409544,     -0.0345228947,    -0.03437799773,      0.1588978118,       0.387056031,     0.02085371968,      0.3210536944,    -0.01814211372,   -0.008644868403,    -0.04388938316,     -0.1670685992,    -0.08283298617,     0.02960231573,      0.0204975072,    0.001319980512,    -0.01915585069,    -0.01305003816,     0.02547066893,    -0.05913463903,      0.1499037103,    -0.06691192472,   7.315940054e-05,      0.3910520213,    -0.00150508186,      -0.324329579,     -0.0143544062,    -0.01503473154,     0.06846765888,      0.3005124738,     -0.1187946232,     -0.2821519815,      -2.581342671,     -0.1851657855,      -2.128449494,      0.1643004455,     0.07188162033,      0.6619291981,       2.760982411,       1.354128174,      0.3620856698,      0.1397179739,    0.007349267961,     -0.1352366985,    -0.08959662594,      0.4140261959,     -0.9786724817,       2.414781298,      -1.025659328,    -0.01582563053,    0.007382184027,    -0.03460581296,    0.002144696414,    -0.03175592454,     -0.0341429539,    -0.03427409544,     -0.0345228947,    -0.03437799773,     0.02960231573,      0.0204975072,    0.001319980512,    -0.01915585069,    -0.01305003816,     0.02547066893,    -0.05913463903,      0.1499037103,    -0.06691192472,      0.1588978118,       0.387056031,     0.02085371968,      0.3210536944,    -0.01814211372,   -0.008644868403,    -0.04388938316,     -0.1670685992,    -0.08283298617,      -10.04053592,       52.43110028,     -0.6026074204,       149.6965688,      0.5712985522,       0.253196265,       1.280540962,       4.839356626,       2.409476748
          0,           0,         800,      -2.870436705,     -0.4573232273,     -0.5108341754,     -0.6705988098,       2.636728065,       71.11653136,     -0.2098608367,      0.5723997437,     0.06874901642,      0.2872306233,     -0.2482771515,        1.13180893,     -0.2098608367,     0.06874901642,      0.5723997437,      -2.727520545,    -0.01577457039,      0.0073837073,    -0.03460361906,    0.002131759821,     -0.0317465704,    -0.03413100632,    -0.03424829896,    -0.03450479324,     -0.0343674455,      0.1616611829,      0.3869875191,     0.02085216573,       0.320923972,    -0.01814455528,    -0.00874080815,    -0.04404431557,     -0.1658851734,    -0.08121024346,      0.0294115946,     0.02050321636,    0.001315515941,    -0.01915627067,    -0.01307412438,     0.02558590465,    -0.05926932053,      0.1488111042,    -0.06537860379,   7.345158711e-05,      0.3909905048,   -0.001491694439,     -0.3242024288,    -0.01438931023,     -0.0152278234,     0.06914710664,      0.2985103578,     -0.1161795407,     -0.3262936454,      -2.580878347,     -0.1851519174,      -2.127581896,      0.1643064082,     0.07343654941,      0.6648974866,       2.741337264,       1.327650945,       0.379157627,       0.139751607,    0.007324261618,      -0.135251444,     -0.0897456527,      0.4158864524,     -0.9812869603,       2.396627793,      -1.000654755,    -0.01577457039,      0.0073837073,    -0.03460361906,    0.002131759821,     -0.0317465704,    -0.03413100632,    -0.03424829896,    -0.03450479324,     -0.0343674455,      0.0294115946,     0.02050321636,    0.001315515941,    -0.01915627067,    -0.01307412438,     0.02558590465,    -0.05926932053,      0.1488111042,    -0.06537860379,      0.1616611829,      0.3869875191,     0.02085216573,       0.320923972,    -0.01814455528,    -0.00874080815,    -0.04404431557,     -0.1658851734,    -0.08121024346,      -10.24821462,       52.41100485,     -0.6026007191,       150.5441508,      0.5715437935,      0.2560958229,       1.286029289,       4.807597955,        2.36299912
          0,           0,         805,      -2.865780889,     -0.4752807377,     -0.5329787448,      -0.671236652,       2.634507783,       71.11653136,     -0.2098791796,      0.5765880493,     0.07336087356,      0.2872065517,     -0.3137988505,       1.183423802,     -0.2098791796,     0.07336087356,      0.5765880493,       -2.74723796,    -0.01583725338,    0.007366574675,    -0.03460384159,    0.002129935292,    -0.03175674535,    -0.03411399504,    -0.03424701088,    -0.03449605856,    -0.03432078477,      0.1628853941,      0.3869004818,     0.02085263864,      0.3208768545,    -0.01814650803,    -0.00847909683,    -0.04245014663,     -0.1659079292,    -0.07994363915,     0.03155520699,     0.02049986858,    0.001247747212,    -0.01915432935,    -0.01311147199,     0.02528146578,    -0.05766050904,      0.1488203433,    -0.06411744793,   7.317468665e-05,      0.3909027372,   -0.001423808805,     -0.3241525106,    -0.01442557274,    -0.01469274369,     0.06617482085,      0.2986796042,     -0.1139291494,     -0.3425223379,      -2.580305435,     -0.1851558852,      -2.127272985,      0.1643303354,     0.06914116509,      0.6386558391,        2.74213371,       1.307196744,      0.3891443132,      0.1397484395,    0.006861041456,     -0.1352413736,    -0.09000701722,      0.4108642429,     -0.9547985213,       2.397213605,     -0.9803609282,    -0.01583725338,    0.007366574675,    -0.03460384159,    0.002129935292,    -0.03175674535,    -0.03411399504,    -0.03424701088,    -0.03449605856,    -0.03432078477,     0.03155520699,     0.02049986858,    0.001247747212,    -0.01915432935,    -0.01311147199,     0.02528146578,    -0.05766050904,      0.1488203433,    -0.06411744793,      0.1628853941,      0.3869004818,     0.02085263864,      0.3208768545,    -0.01814650803,    -0.00847909683,    -0.04245014663,     -0.1659079292,    -0.07994363915,      -10.28495221,       52.52108326,     -0.6026105102,       150.6509873,      0.5714221602,      0.2485518574,       1.239528517,       4.809474941,       2.329306853
          0,           0,         810,      -2.876142388,     -0.4652205777,     -0.5227882555,     -0.6748376099,        2.63061182,       71.11653136,     -0.2098329479,      0.5750018123,     0.07159497808,      0.2874389419,     -0.2908695123,        1.17944139,     -0.2098329479,     0.07159497808,      0.5750018123,      -2.740283726,     -0.0157651133,    0.007369978298,    -0.03460432425,     0.00211910043,    -0.03175255695,    -0.03413005822,     -0.0342412882,    -0.03448831562,    -0.03434037005,      0.1614655069,      0.3868789378,     0.02085217367,      0.3208448421,    -0.01814092819,   -0.008712902228,    -0.04255362037,     -0.1658981976,    -0.07973399987,      0.0294085894,     0.02049778388,    0.001266682499,     -0.0191554346,    -0.01308143624,     0.02555362745,    -0.05779969668,      0.1487596738,    -0.06385481143,   7.334680079e-05,      0.3908731971,    -0.00144134346,     -0.3241171186,    -0.01438953172,     -0.0149832601,     0.06623806902,        0.29859462,     -0.1134090372,     -0.3222531022,      -2.580157525,     -0.1851534871,      -2.127057047,      0.1642889076,      0.0729813478,      0.6406407252,       2.741885469,         1.3039552,      0.3798596977,      0.1397304752,    0.006993707377,     -0.1352608375,    -0.08979431381,      0.4153477399,     -0.9573559041,       2.396147341,     -0.9762265156,     -0.0157651133,    0.007369978298,    -0.03460432425,     0.00211910043,    -0.03175255695,    -0.03413005822,     -0.0342412882,    -0.03448831562,    -0.03434037005,      0.0294085894,     0.02049778388,    0.001266682499,     -0.0191554346,    -0.01308143624,     0.02555362745,    -0.05779969668,      0.1487596738,    -0.06385481143,      0.1614655069,      0.3868789378,     0.02085217367,      0.3208448421,    -0.01814092819,   -0.008712902228,    -0.04255362037,     -0.1658981976,    -0.07973399987,       -10.2419503,       52.49390463,     -0.6025886684,       151.4061522,      0.5713218061,      0.2552853022,       1.242757577,        4.81027254,       2.321873636
          0,           0,         815,      -2.868152092,     -0.4784112216,     -0.5352281873,     -0.6745072762,       2.631947335,       71.11653136,     -0.2099965746,      0.5783583261,     0.07423752052,      0.2874470984,     -0.3458571671,       1.192790254,     -0.2099965746,     0.07423752052,      0.5783583261,      -2.754132191,    -0.01582344417,    0.007364536146,    -0.03460445327,    0.002120989699,    -0.03175442241,    -0.03415431823,    -0.03426634292,    -0.03452434925,    -0.03435477022,      0.1624542458,      0.3868509979,     0.02085186075,      0.3208268264,    -0.01814468085,   -0.008296087119,    -0.04185828931,     -0.1653841814,    -0.07894236622,      0.0313764791,     0.02050052337,    0.001332610554,    -0.01915166925,    -0.01301083765,     0.02515693378,    -0.05712722816,      0.1482290484,    -0.06306833966,   7.315343724e-05,      0.3908505786,   -0.001506741585,     -0.3241001258,    -0.01432443525,    -0.01428743833,     0.06501353482,      0.2977514417,     -0.1120228691,     -0.3380566269,      -2.579972808,     -0.1851519773,      -2.126935295,      0.1643159882,     0.06608137781,      0.6291926842,       2.733587269,       1.291082221,      0.3835604835,      0.1397555881,    0.007432326811,      -0.135234581,    -0.08932871669,      0.4088212787,     -0.9463185103,       2.387517891,     -0.9634155065,    -0.01582344417,    0.007364536146,    -0.03460445327,    0.002120989699,    -0.03175442241,    -0.03415431823,    -0.03426634292,    -0.03452434925,    -0.03435477022,      0.0313764791,     0.02050052337,    0.001332610554,    -0.01915166925,    -0.01301083765,     0.02515693378,    -0.05712722816,      0.1482290484,    -0.06306833966,      0.1624542458,      0.3868509979,     0.02085186075,      0.3208268264,    -0.01814468085,   -0.008296087119,    -0.04185828931,     -0.1653841814,    -0.07894236622,      -10.26668051,       52.52890206,     -0.6025773789,       151.2627933,      0.5714064207,      0.2429000943,       1.221556949,       4.790363467,       2.297857495
          0,           0,         820,      -2.882626422,     -0.4724127109,     -0.5288645965,     -0.6820429375,       2.623826843,       71.11653136,     -0.2099396722,      0.5790902671,     0.07177651823,       0.287161966,     -0.3568481832,       1.182850416,     -0.2099396722,     0.07177651823,      0.5790902671,      -2.758365111,    -0.01576647819,    0.007364636948,    -0.03460466524,    0.002116145534,    -0.03175376542,    -0.03416094428,    -0.03426996503,    -0.03451224539,    -0.03435239114,      0.1624108368,      0.3868651744,      0.0208520799,      0.3208123851,    -0.01814192233,   -0.008115827051,    -0.04153300289,     -0.1652551035,    -0.07880435333,     0.02872981003,     0.02049900246,    0.001349143646,      -0.019155322,    -0.01300555596,     0.02495863306,    -0.05677714367,       0.148125866,    -0.06294791534,   7.329237376e-05,      0.3908614301,   -0.001524348348,      -0.324085193,    -0.01431198974,    -0.01395185145,     0.06434018213,       0.297520543,     -0.1117600991,     -0.3367003494,      -2.580066894,     -0.1851529966,      -2.126841181,      0.1642965064,     0.06320209939,      0.6239713122,       2.731527365,       1.288915954,      0.3707903961,      0.1397442147,    0.007540096897,     -0.1352630502,    -0.08929134452,      0.4056680931,     -0.9407008921,       2.385897979,     -0.9615350763,    -0.01576647819,    0.007364636948,    -0.03460466524,    0.002116145534,    -0.03175376542,    -0.03416094428,    -0.03426996503,    -0.03451224539,    -0.03435239114,     0.02872981003,     0.02049900246,    0.001349143646,      -0.019155322,    -0.01300555596,     0.02495863306,    -0.05677714367,       0.148125866,    -0.06294791534,      0.1624108368,      0.3868651744,      0.0208520799,      0.3208123851,    -0.01814192233,   -0.008115827051,    -0.04153300289,     -0.1652551035,    -0.07880435333,      -10.30102189,       52.53010802,     -0.6025800209,       151.6022315,       0.571331371,      0.2375761918,       1.211935958,       4.788303445,        2.29399907
          0,           0,         825,      -2.885569794,     -0.5020794679,     -0.5622492955,      -0.685078597,       2.613044047,       71.11653136,     -0.2099021654,      0.5796702452,     0.07408124959,      0.2871239906,     -0.3649570842,       1.204509104,     -0.2099021654,     0.07408124959,      0.5796702452,      -2.761621082,    -0.01580214224,    0.007367091981,    -0.03460068357,    0.002122992331,    -0.03174992555,    -0.03414458596,    -0.03425326853,    -0.03449745905,    -0.03434418486,      0.1624908072,      0.3868734962,     0.02085150637,      0.3208418844,     -0.0181412972,   -0.008184664126,    -0.04136849665,     -0.1651947902,    -0.07849820076,     0.03053353671,     0.02050415937,       0.001375419,    -0.01915416281,    -0.01298428745,     0.02498653923,    -0.05659745267,        0.14806528,    -0.06264778182,   7.328768306e-05,      0.3908741314,   -0.001554095881,     -0.3241199243,    -0.01429679719,    -0.01405792796,     0.06406523126,      0.2974000858,     -0.1112600001,     -0.3370240388,       -2.58012636,     -0.1851446963,      -2.127042541,      0.1642877885,     0.06434877361,       0.621324844,       2.730524566,        1.28389458,      0.3847925059,      0.1397779338,    0.007719393147,     -0.1352482918,    -0.08915275022,       0.406112936,     -0.9377796422,       2.384911861,      -0.956624842,    -0.01580214224,    0.007367091981,    -0.03460068357,    0.002122992331,    -0.03174992555,    -0.03414458596,    -0.03425326853,    -0.03449745905,    -0.03434418486,     0.03053353671,     0.02050415937,       0.001375419,    -0.01915416281,    -0.01298428745,     0.02498653923,    -0.05659745267,        0.14806528,    -0.06264778182,      0.1624908072,      0.3868734962,     0.02085150637,      0.3208418844,     -0.0181412972,   -0.008184664126,    -0.04136849665,     -0.1651947902,    -0.07849820076,      -10.28283411,       52.51373231,     -0.6026327869,        151.127199,      0.5713807792,      0.2397060587,       1.207724063,       4.788607474,       2.285632956
          0,           0,         830,      -3.680098783,      -1.319227624,      -1.344512797,      -1.497921001,       1.812412949,       71.11653136,     -0.2098694737,      0.5797051587,     0.07382381577,      0.2864396842,     -0.3612148542,       1.195549678,     -0.2098694737,     0.07382381577,      0.5797051587,      -2.762217623,    -0.01576682251,    0.007366345629,    -0.03460119116,     0.00212310698,    -0.03175305613,    -0.03414654346,    -0.03425013938,    -0.03450095364,    -0.03434022001,      0.1626973724,      0.3868335694,     0.02085490392,      0.3208419777,    -0.01814319549,   -0.008048802548,    -0.04121398645,     -0.1652780377,    -0.07883864249,     0.03054203772,     0.02050431371,    0.001373998196,    -0.01915688132,    -0.01296395564,     0.02484438516,    -0.05644781767,       0.148128294,    -0.06300055835,   7.317094697e-05,      0.3908240397,   -0.001548836127,     -0.3241124246,     -0.0142725082,    -0.01387040446,     0.06368397639,      0.2975365921,     -0.1118739216,     -0.3357651239,      -2.579855576,     -0.1851693512,      -2.127037266,      0.1643046691,     0.06211303272,      0.6187763041,       2.731906716,       1.289511741,      0.3803749239,      0.1397779835,    0.007709183262,     -0.1352672697,    -0.08901507647,      0.4037836877,     -0.9353049425,       2.385946218,     -0.9624550301,    -0.01576682251,    0.007366345629,    -0.03460119116,     0.00212310698,    -0.03175305613,    -0.03414654346,    -0.03425013938,    -0.03450095364,    -0.03434022001,     0.03054203772,     0.02050431371,    0.001373998196,    -0.01915688132,    -0.01296395564,     0.02484438516,    -0.05644781767,       0.148128294,    -0.06300055835,      0.1626973724,      0.3868335694,     0.02085490392,      0.3208419777,    -0.01814319549,   -0.008048802548,    -0.04121398645,     -0.1652780377,    -0.07883864249,      -10.31897025,       52.51363279,     -0.6027221382,        151.119082,       0.571384229,      0.2357135374,       1.203323174,       4.790535341,        2.29581064
          0,           0,         835,      -3.611960364,      -1.297109698,      -1.292033339,      -1.369191534,       1.878165025,       71.11653136,     -0.2099654499,      0.5785183748,     0.07314760359,      0.2856400791,     -0.3470117907,       1.186929439,     -0.2099654499,     0.07314760359,      0.5785183748,      -2.755302718,    -0.01580461864,    0.007336660882,    -0.03460108497,    0.002115558591,    -0.03175595758,    -0.03416051781,    -0.03425585323,    -0.03451009693,    -0.03432954019,      0.1621621435,      0.3866392992,     0.02085881107,      0.3208236424,    -0.01815496833,   -0.008126756985,     -0.0411606268,     -0.1653839154,    -0.07913925388,     0.02997745244,     0.02051452313,    0.001323491514,    -0.01916314471,    -0.01284649813,     0.02489468297,    -0.05640350743,      0.1481438733,    -0.06329326955,   7.298508376e-05,      0.3906153839,   -0.001509216319,     -0.3240871352,    -0.01414973479,    -0.01415568664,     0.06347905057,      0.2976158798,     -0.1122414473,     -0.3300866265,       -2.57852815,     -0.1851940063,      -2.126908706,      0.1643860545,     0.06342398703,      0.6178419873,       2.733671408,       1.294382261,      0.3740957213,      0.1398802492,    0.007372564416,     -0.1353175104,    -0.08821450489,      0.4046639773,     -0.9345339982,       2.386199711,     -0.9672167703,    -0.01580461864,    0.007336660882,    -0.03460108497,    0.002115558591,    -0.03175595758,    -0.03416051781,    -0.03425585323,    -0.03451009693,    -0.03432954019,     0.02997745244,     0.02051452313,    0.001323491514,    -0.01916314471,    -0.01284649813,     0.02489468297,    -0.05640350743,      0.1481438733,    -0.06329326955,      0.1621621435,      0.3866392992,     0.02085881107,      0.3208236424,    -0.01815496833,   -0.008126756985,     -0.0411606268,     -0.1653839154,    -0.07913925388,      -10.26042749,       52.69962799,     -0.6028369077,       151.6496133,      0.5717027515,      0.2378991158,       1.201564781,       4.792334131,       2.305281499
          0,           0,         840,      -3.896403935,      -1.546806907,      -1.506395505,      -1.803311385,        1.59804302,       71.11653136,     -0.2100071463,      0.5755518668,     0.07175024328,      0.2864934501,     -0.3136034858,        1.16200819,     -0.2100071463,     0.07175024328,      0.5755518668,      -2.740629911,    -0.01580808612,    0.007329847005,    -0.03460278945,    0.002106528753,    -0.03175080998,    -0.03417907189,    -0.03427235291,    -0.03450352088,    -0.03432689085,      0.1596565724,      0.3865216045,     0.02085618951,       0.320713239,    -0.01816593134,   -0.007883063149,    -0.04148240374,     -0.1653261536,    -0.07933818681,     0.02941252703,     0.02051301535,    0.001322014131,    -0.01916772631,    -0.01279844165,     0.02463139907,     -0.0567413242,      0.1480259851,    -0.06344720528,   7.309099607e-05,      0.3904871768,   -0.001512926569,     -0.3239735925,    -0.01409649153,    -0.01356279908,     0.06407671219,      0.2974324578,      -0.112430178,     -0.3017410526,      -2.577729002,     -0.1851776966,      -2.126156682,      0.1644532964,     0.05937112203,      0.6231188383,       2.732690704,       1.297566987,      0.3631825498,      0.1398751283,      0.0073706088,     -0.1353576681,    -0.08788875979,      0.4003182645,     -0.9401032658,       2.384270759,     -0.9696594272,    -0.01580808612,    0.007329847005,    -0.03460278945,    0.002106528753,    -0.03175080998,    -0.03417907189,    -0.03427235291,    -0.03450352088,    -0.03432689085,     0.02941252703,     0.02051301535,    0.001322014131,    -0.01916772631,    -0.01279844165,     0.02463139907,     -0.0567413242,      0.1480259851,    -0.06344720528,      0.1596565724,      0.3865216045,     0.02085618951,       0.320713239,    -0.01816593134,   -0.007883063149,    -0.04148240374,     -0.1653261536,    -0.07933818681,      -10.09967754,       52.73256102,     -0.6027314514,       152.2472639,      0.5721407218,      0.2306400588,       1.210375134,       4.791573423,       2.311254671
          0,           0,         845,      -4.953126838,      -2.212199009,      -2.099563078,      -2.361876872,      0.5418579173,       71.11653136,     -0.2100035916,      0.5707349584,     0.06807449611,      0.2871804907,      -0.252327748,       1.108797673,     -0.2100035916,     0.06807449611,      0.5707349584,      -2.717739035,     -0.0157921383,     0.00732504682,    -0.03460595021,    0.002106403833,    -0.03174160628,    -0.03418158479,    -0.03428237074,    -0.03449128712,    -0.03434010483,      0.1559004165,      0.3864443514,     0.02085254472,      0.3206404704,    -0.01816724414,   -0.007692558871,     -0.0421855486,     -0.1652179853,     -0.0798394877,     0.02722888494,     0.02050798326,    0.001300203389,     -0.0191648375,    -0.01280766505,     0.02444677338,    -0.05745724966,      0.1479345214,     -0.0639141181,   7.333095126e-05,      0.3904185506,   -0.001479233131,     -0.3239054084,    -0.01411522754,    -0.01319436463,     0.06543575048,      0.2972740625,       -0.11332697,     -0.2564922545,      -2.577217878,     -0.1851575129,      -2.125665056,      0.1644502555,     0.05627239114,      0.6347713855,       2.730878522,         1.3058324,      0.3342380978,      0.1398446502,    0.007219898024,     -0.1353356029,    -0.08796351868,       0.397311595,     -0.9519729409,       2.382785907,     -0.9773304122,     -0.0157921383,     0.00732504682,    -0.03460595021,    0.002106403833,    -0.03174160628,    -0.03418158479,    -0.03428237074,    -0.03449128712,    -0.03434010483,     0.02722888494,     0.02050798326,    0.001300203389,     -0.0191648375,    -0.01280766505,     0.02444677338,    -0.05745724966,      0.1479345214,     -0.0639141181,      0.1559004165,      0.3864443514,     0.02085254472,      0.3206404704,    -0.01816724414,   -0.007692558871,     -0.0421855486,     -0.1652179853,     -0.0798394877,       -9.87202705,       52.75657082,     -0.6025710778,       152.2217466,      0.5723479768,      0.2250498014,       1.230531836,       4.790136848,       2.324963424
          0,           0,         850,      -5.024629561,      -2.453532887,      -2.456410373,      -2.608063918,      0.4133989596,       71.11653136,     -0.2100427446,      0.5645474695,     0.06257056249,      0.2867018498,     -0.1685297142,       1.033547729,     -0.2100427446,     0.06257056249,      0.5645474695,      -2.687774198,    -0.01579451769,    0.007311497256,    -0.03461243294,    0.002099706199,     -0.0317397131,    -0.03417594218,    -0.03429121579,    -0.03448632531,    -0.03435380109,        0.15187091,      0.3863802865,     0.02085155658,      0.3205829086,    -0.01816655457,   -0.007941028311,    -0.04323370293,     -0.1651030628,    -0.08069384357,     0.02357905453,     0.02050886959,    0.001231498225,    -0.01916524477,    -0.01286512791,     0.02470310372,    -0.05851302316,      0.1478557754,    -0.06476434314,   7.360849947e-05,      0.3903798947,   -0.001398967767,     -0.3238589248,    -0.01418371117,    -0.01385023058,     0.06730125365,      0.2971067357,     -0.1148678085,     -0.2071978279,      -2.576806093,     -0.1851581765,      -2.125286485,      0.1644408243,     0.06051650851,      0.6520960218,       2.728969527,       1.319895987,      0.2882285317,      0.1398643762,    0.006747098693,     -0.1353428828,    -0.08836575927,      0.4016660881,      -0.969426637,       2.381485955,     -0.9913090424,    -0.01579451769,    0.007311497256,    -0.03461243294,    0.002099706199,     -0.0317397131,    -0.03417594218,    -0.03429121579,    -0.03448632531,    -0.03435380109,     0.02357905453,     0.02050886959,    0.001231498225,    -0.01916524477,    -0.01286512791,     0.02470310372,    -0.05851302316,      0.1478557754,    -0.06476434314,        0.15187091,      0.3863802865,     0.02085155658,      0.3205829086,    -0.01816655457,   -0.007941028311,    -0.04323370293,     -0.1651030628,    -0.08069384357,      -9.615419287,       52.84557636,     -0.6024296708,       152.6798886,      0.5723603901,      0.2323572608,       1.260780696,       4.787493632,       2.348905827
          0,           0,         855,      -4.043965729,      -1.716458533,      -1.602994301,      -2.042920959,       1.448944962,       71.11653136,     -0.2101203522,      0.5611197048,     0.05856343483,       0.285518516,     -0.1136363853,      0.9791068032,     -0.2101203522,     0.05856343483,      0.5611197048,      -2.670468133,    -0.01580158552,    0.007302163965,    -0.03461649334,    0.002088068424,    -0.03175197754,    -0.03417179761,    -0.03430170732,    -0.03450720388,    -0.03435981943,      0.1511561762,      0.3863669363,     0.02085230446,      0.3205023187,     -0.0181687919,   -0.008463497681,    -0.04426449448,     -0.1650982567,    -0.08176299003,     0.02134383675,     0.02051049871,    0.001148332168,    -0.01916779821,    -0.01297185155,     0.02523624645,     -0.0595495199,      0.1478673388,     -0.0658536484,   7.353529204e-05,      0.3903890449,   -0.001322367626,     -0.3237858569,    -0.01428186081,    -0.01487294764,     0.06889250782,      0.2970885349,     -0.1166620739,     -0.1958717029,      -2.576742533,     -0.1851666124,      -2.124754434,      0.1644698439,     0.06922037711,      0.6689276671,       2.728938242,       1.337342766,      0.2607518771,       0.139882556,    0.006186697279,     -0.1353715988,    -0.08908951308,      0.4105457554,     -0.9863663276,       2.381657343,      -1.009089986,    -0.01580158552,    0.007302163965,    -0.03461649334,    0.002088068424,    -0.03175197754,    -0.03417179761,    -0.03430170732,    -0.03450720388,    -0.03435981943,     0.02134383675,     0.02051049871,    0.001148332168,    -0.01916779821,    -0.01297185155,     0.02523624645,     -0.0595495199,      0.1478673388,     -0.0658536484,      0.1511561762,      0.3863669363,     0.02085230446,      0.3205023187,     -0.0181687919,   -0.008463497681,    -0.04426449448,     -0.1650982567,    -0.08176299003,      -9.565886661,       52.91129289,     -0.6023806125,       153.4922491,      0.5722097741,       0.247674933,        1.29044581,       4.784457683,       2.379610586
          0,           0,         860,      -4.273060298,      -1.950341351,      -1.830706118,      -2.268405461,       1.216927895,       71.11653136,     -0.2101696313,      0.5630394447,     0.05937324564,      0.2853255688,     -0.1304620805,      0.9891411953,     -0.2101696313,     0.05937324564,      0.5630394447,      -2.678976221,    -0.01580485864,    0.007302795081,    -0.03461283775,    0.002084498722,    -0.03176165179,    -0.03416865271,      -0.034302429,    -0.03453453681,     -0.0343719584,      0.1543215465,      0.3863865566,     0.02085132009,      0.3204519827,    -0.01816804188,   -0.008575671438,    -0.04465681319,      -0.165200529,     -0.0823709057,     0.02302786828,     0.02050807206,     0.00111264376,    -0.01916611098,    -0.01305262167,     0.02536290237,    -0.05994212083,       0.147978946,    -0.06645633334,   7.301529786e-05,      0.3904077932,   -0.001296544775,     -0.3237334286,     -0.0143502915,    -0.01481791535,     0.06942470121,      0.2972410725,     -0.1176228331,     -0.2324156605,      -2.576888725,     -0.1851555415,      -2.124420915,       0.164475957,     0.07097761134,      0.6751073152,       2.730693299,        1.34716458,      0.2836187949,      0.1398642975,    0.005954871184,     -0.1353640795,    -0.08962931748,      0.4125412317,      -0.992550404,       2.383505847,      -1.018800046,    -0.01580485864,    0.007302795081,    -0.03461283775,    0.002084498722,    -0.03176165179,    -0.03416865271,      -0.034302429,    -0.03453453681,     -0.0343719584,     0.02302786828,     0.02050807206,     0.00111264376,    -0.01916611098,    -0.01305262167,     0.02536290237,    -0.05994212083,       0.147978946,    -0.06645633334,      0.1543215465,      0.3863865566,     0.02085132009,      0.3204519827,    -0.01816804188,   -0.008575671438,    -0.04465681319,      -0.165200529,     -0.0823709057,      -9.764183914,       52.90940692,     -0.6024157927,       153.7309566,      0.5720118716,      0.2509806725,       1.301855714,       4.783632394,       2.396456575
          0,           0,         865,      -4.015425691,       -1.68284586,      -1.592491921,       -2.00655675,       1.477526679,       71.11653136,     -0.2101872912,      0.5684648358,     0.06355724787,      0.2858675425,     -0.1994243516,       1.046568563,     -0.2101872912,     0.06355724787,      0.5684648358,      -2.704563308,    -0.01580427852,    0.007305681861,    -0.03460650117,    0.002082739846,    -0.03176941039,     -0.0341583699,    -0.03429048624,    -0.03455642119,    -0.03439024554,      0.1593527605,      0.3863905312,     0.02084945848,      0.3204545001,    -0.01816542946,   -0.008387264883,     -0.0444201355,     -0.1653480343,    -0.08226155033,     0.02690727456,     0.02050359363,    0.001109972672,    -0.01916399274,    -0.01309235431,     0.02518271949,    -0.05969585478,      0.1481422365,     -0.0663363472,   7.250447622e-05,      0.3903953663,   -0.001295633817,     -0.3237296931,     -0.0143864391,    -0.01426688001,     0.06909613063,      0.2974859632,     -0.1175037761,     -0.2943711311,      -2.576914711,     -0.1851366056,      -2.124446444,      0.1644663754,     0.06773675702,      0.6708971484,       2.733162675,       1.345181584,      0.3351761066,      0.1398325553,    0.005946491245,     -0.1353523916,    -0.08988547742,      0.4094073933,     -0.9881600906,       2.386208343,      -1.016604366,    -0.01580427852,    0.007305681861,    -0.03460650117,    0.002082739846,    -0.03176941039,     -0.0341583699,    -0.03429048624,    -0.03455642119,    -0.03439024554,     0.02690727456,     0.02050359363,    0.001109972672,    -0.01916399274,    -0.01309235431,     0.02518271949,    -0.05969585478,      0.1481422365,     -0.0663363472,      0.1593527605,      0.3863905312,     0.02084945848,      0.3204545001,    -0.01816542946,   -0.008387264883,     -0.0444201355,     -0.1653480343,    -0.08226155033,      -10.08288739,       52.88904425,     -0.6024723036,       153.8619913,      0.5717899464,      0.2455405486,       1.295406988,       4.784871484,       2.392002413
          0,           0,         870,      -3.947443472,      -1.607042752,      -1.548985674,      -1.878469651,       1.546829543,       71.11653136,     -0.2101607042,      0.5746925454,     0.06856930239,      0.2865740474,     -0.2925406514,        1.12150475,     -0.2101607042,     0.06856930239,      0.5746925454,      -2.734538541,    -0.01579929284,    0.007309514979,    -0.03460300486,    0.002080046068,    -0.03176995614,    -0.03414207928,     -0.0342753732,    -0.03456204918,    -0.03439850973,      0.1629091299,      0.3863472769,     0.02084842621,      0.3204982486,    -0.01816188683,   -0.008082100575,    -0.04323523216,     -0.1654710599,    -0.08096025673,     0.02957076625,     0.02049823911,     0.00111072093,    -0.01916321337,    -0.01305220643,      0.0248788532,    -0.05849224858,      0.1482746265,    -0.06505623519,   7.299410211e-05,      0.3903392134,   -0.001286278843,     -0.3237627584,    -0.01435258806,     -0.0139354796,     0.06741819381,      0.2976645018,     -0.1155837508,     -0.3430033096,      -2.576613501,     -0.1851273138,      -2.124747083,      0.1644432736,     0.06267647963,      0.6511806266,        2.73512762,       1.323522556,      0.3714477291,      0.1397939551,     0.00595345491,     -0.1353524567,    -0.08959791774,      0.4043339427,     -0.9681150011,       2.388332902,     -0.9952918589,    -0.01579929284,    0.007309514979,    -0.03460300486,    0.002080046068,    -0.03176995614,    -0.03414207928,     -0.0342753732,    -0.03456204918,    -0.03439850973,     0.02957076625,     0.02049823911,     0.00111072093,    -0.01916321337,    -0.01305220643,      0.0248788532,    -0.05849224858,      0.1482746265,    -0.06505623519,      0.1629091299,      0.3863472769,     0.02084842621,      0.3204982486,    -0.01816188683,   -0.008082100575,    -0.04323523216,     -0.1654710599,    -0.08096025673,      -10.31116592,       52.85539164,     -0.6025033458,       154.0822838,      0.5716686151,      0.2367196359,       1.261408064,       4.787651885,       2.353597797
          0,           0,         875,      -3.631407203,      -1.298733682,      -1.330838458,      -1.341574406,       1.860875791,       71.11653136,     -0.2100914636,      0.5765678384,     0.07082583154,      0.2861152937,     -0.3342154522,       1.159527248,     -0.2100914636,     0.07082583154,      0.5765678384,      -2.744365851,    -0.01579535319,    0.007314782114,    -0.03460529314,    0.002083678772,    -0.03175731732,    -0.03413107898,    -0.03427455441,     -0.0345379697,    -0.03438835776,      0.1614761442,      0.3862859936,     0.02084895886,      0.3205464687,    -0.01815649024,   -0.007800483489,    -0.04170882288,      -0.165231064,    -0.07969286631,     0.02946112947,     0.02049406685,     0.00107042578,    -0.01915913886,    -0.01292929898,     0.02459140154,    -0.05694586688,      0.1480615038,    -0.06381839117,   7.333444316e-05,      0.3902896781,   -0.001237513772,      -0.323797661,    -0.01424404239,    -0.01367666125,     0.06498614302,      0.2972073459,     -0.1134853293,      -0.329958078,      -2.576205278,      -0.185133546,       -2.12506387,      0.1643954309,     0.05807021462,       0.626118244,       2.730998386,       1.302563044,      0.3714460208,      0.1397566873,    0.005674993598,     -0.1353243253,    -0.08876626561,      0.3996265875,     -0.9427386491,       2.384689153,     -0.9748369544,    -0.01579535319,    0.007314782114,    -0.03460529314,    0.002083678772,    -0.03175731732,    -0.03413107898,    -0.03427455441,     -0.0345379697,    -0.03438835776,     0.02946112947,     0.02049406685,     0.00107042578,    -0.01915913886,    -0.01292929898,     0.02459140154,    -0.05694586688,      0.1480615038,    -0.06381839117,      0.1614761442,      0.3862859936,     0.02084895886,      0.3205464687,    -0.01815649024,   -0.007800483489,    -0.04170882288,      -0.165231064,    -0.07969286631,      -10.22301573,       52.80895419,     -0.6024788974,       153.8367972,      0.5717261965,      0.2285448841,       1.216903432,       4.784041026,       2.317437397
          0,           0,         880,      -3.594036347,      -1.275118973,      -1.256638895,      -1.411741433,       1.897200543,       71.11653136,     -0.2100247939,      0.5733596338,     0.06948573437,      0.2851977357,     -0.2883225479,        1.13544533,     -0.2100247939,     0.06948573437,      0.5733596338,      -2.729961654,    -0.01578846919,    0.007314856222,     -0.0346067401,     0.00208976178,    -0.03175411161,    -0.03415169107,    -0.03427297496,    -0.03449380539,    -0.03436161957,      0.1590119744,      0.3862779708,     0.02085030682,      0.3205483396,    -0.01815734005,   -0.007807717762,    -0.04215530402,      -0.164877056,       -0.08033154,     0.02947271786,     0.02049689728,    0.001053236799,    -0.01915552213,     -0.0129041986,     0.02460413605,     -0.0573714164,      0.1477486829,    -0.06445879942,    7.27613598e-05,      0.3902875904,   -0.001226211415,     -0.3238003751,    -0.01423256346,    -0.01355432972,     0.06551511705,      0.2965998045,     -0.1144640579,      -0.297104008,      -2.576160262,      -0.185142806,      -2.125064173,      0.1643989103,     0.05828239986,      0.6338720165,       2.725129205,       1.313466169,      0.3704432373,      0.1397729696,    0.005566894973,     -0.1352932149,    -0.08862095167,      0.3999742828,     -0.9501550793,       2.379544921,     -0.9857877295,    -0.01578846919,    0.007314856222,     -0.0346067401,     0.00208976178,    -0.03175411161,    -0.03415169107,    -0.03427297496,    -0.03449380539,    -0.03436161957,     0.02947271786,     0.02049689728,    0.001053236799,    -0.01915552213,     -0.0129041986,     0.02460413605,     -0.0573714164,      0.1477486829,    -0.06445879942,      0.1590119744,      0.3862779708,     0.02085030682,      0.3205483396,    -0.01815734005,   -0.007807717762,    -0.04215530402,      -0.164877056,       -0.08033154,       -10.0713991,        52.8073224,     -0.6024926577,       153.3898948,      0.5718106767,      0.2286187745,       1.229986719,       4.779903351,       2.337827524
          0,           0,         885,      -3.509150791,      -1.186035946,      -1.183844595,      -1.297890541,       1.983219665,       71.11653136,      -0.209950064,      0.5700720087,     0.06693551288,      0.2858973196,     -0.2327183263,       1.094970399,      -0.209950064,     0.06693551288,      0.5700720087,      -2.715274279,    -0.01577820595,    0.007313412038,     -0.0346021683,     0.00209176725,    -0.03175851997,    -0.03416988736,    -0.03426655858,    -0.03445278716,    -0.03432711596,      0.1584807544,      0.3863035007,     0.02084977283,      0.3205133011,    -0.01816193112,   -0.008154680111,    -0.04348269936,      -0.165131766,    -0.08114424379,     0.02846123704,     0.02050049513,    0.001101068407,    -0.01915641061,    -0.01297003116,     0.02494080221,     -0.0586875537,      0.1480207092,    -0.06527480367,   7.314639952e-05,      0.3903036025,    -0.00127309525,     -0.3237753664,    -0.01428705782,    -0.01419693643,     0.06781432507,      0.2971348821,     -0.1158961805,     -0.2874478404,      -2.576327538,     -0.1851346433,      -2.124824715,      0.1644337413,     0.06412442488,      0.6560043956,       2.729463159,        1.32699069,      0.3552585412,      0.1397994718,    0.005896455149,     -0.1352951145,    -0.08907129713,      0.4056753827,     -0.9720838043,        2.38421771,     -0.9994269454,    -0.01577820595,    0.007313412038,     -0.0346021683,     0.00209176725,    -0.03175851997,    -0.03416988736,    -0.03426655858,    -0.03445278716,    -0.03432711596,     0.02846123704,     0.02050049513,    0.001101068407,    -0.01915641061,    -0.01297003116,     0.02494080221,     -0.0586875537,      0.1480207092,    -0.06527480367,      0.1584807544,      0.3863035007,     0.02084977283,      0.3205133011,    -0.01816193112,   -0.008154680111,    -0.04348269936,      -0.165131766,    -0.08114424379,      -10.04428228,       52.82124112,     -0.6025568297,       153.2260824,      0.5718758661,       0.238651068,       1.268954373,       4.792987147,       2.363852643
          0,           0,         890,      -3.384966939,      -1.027455494,      -1.120814426,      -1.161631714,        2.11172072,       71.11653136,     -0.2098898551,      0.5652891642,     0.06549432535,      0.2850934216,      -0.156623998,       1.075139803,     -0.2098898551,     0.06549432535,      0.5652891642,      -2.693265779,    -0.01577670792,    0.007316958504,    -0.03460072124,    0.002094459071,    -0.03175906368,     -0.0341359077,    -0.03424372913,    -0.03446653796,    -0.03431860507,      0.1565078781,      0.3863510789,     0.02085045096,      0.3205509182,     -0.0181636504,   -0.008860595903,    -0.04423166182,     -0.1656482869,    -0.08206696695,     0.02756437167,     0.02049813606,    0.001096352845,    -0.01916183256,    -0.01297613197,     0.02563404445,    -0.05945104018,      0.1484852589,    -0.06619483383,   7.298727433e-05,      0.3903500079,   -0.001263802786,     -0.3238188852,    -0.01427941941,     -0.0153275495,     0.06895140097,      0.2978714364,      -0.117462754,     -0.2575797904,      -2.576641689,     -0.1851382361,      -2.125088488,       0.164445352,     0.07559551802,      0.6679361554,       2.737915159,       1.341932021,      0.3437811762,      0.1397802743,    0.005851193241,     -0.1353281431,    -0.08909583255,      0.4168885021,     -0.9842122393,       2.391821327,      -1.014346455,    -0.01577670792,    0.007316958504,    -0.03460072124,    0.002094459071,    -0.03175906368,     -0.0341359077,    -0.03424372913,    -0.03446653796,    -0.03431860507,     0.02756437167,     0.02049813606,    0.001096352845,    -0.01916183256,    -0.01297613197,     0.02563404445,    -0.05945104018,      0.1484852589,    -0.06619483383,      0.1565078781,      0.3863510789,     0.02085045096,      0.3205509182,     -0.0181636504,   -0.008860595903,    -0.04423166182,     -0.1656482869,    -0.08206696695,      -9.920186067,       52.80214158,     -0.6026016282,        153.047115,      0.5719202111,      0.2595681938,       1.291671875,       4.806061088,       2.391325835
          0,           0,         895,      -3.430441122,      -1.075392305,      -1.176895032,      -1.190344606,       2.065725825,       71.11653136,     -0.2098575514,      0.5664676756,     0.06570900452,      0.2851402245,     -0.1749284874,       1.079426712,     -0.2098575514,     0.06570900452,      0.5664676756,      -2.699296126,    -0.01576895001,    0.007318580058,    -0.03460429237,    0.002102522884,    -0.03176088057,    -0.03408190766,    -0.03423862476,    -0.03449392133,    -0.03433007768,      0.1572732612,      0.3863780817,      0.0208517493,       0.320679704,    -0.01816158307,   -0.008645202963,     -0.0438335826,     -0.1659335622,    -0.08214118967,     0.02739354998,     0.02049700598,     0.00100644766,    -0.01916233241,    -0.01295178252,     0.02549338124,    -0.05907710843,      0.1487489547,    -0.06623911172,   7.290398367e-05,      0.3903813253,   -0.001182031839,      -0.323946856,    -0.01425944565,    -0.01511915261,     0.06815349545,      0.2984053675,     -0.1173653817,     -0.2698615871,      -2.576821325,     -0.1851501696,      -2.125956075,      0.1644342826,     0.07198848089,      0.6611100305,       2.742488956,        1.34283892,      0.3407826687,      0.1397703226,    0.005247023414,     -0.1353245541,    -0.08893263689,      0.4144101951,     -0.9777773901,       2.395999516,      -1.014748433,    -0.01576895001,    0.007318580058,    -0.03460429237,    0.002102522884,    -0.03176088057,    -0.03408190766,    -0.03423862476,    -0.03449392133,    -0.03433007768,     0.02739354998,     0.02049700598,     0.00100644766,    -0.01916233241,    -0.01295178252,     0.02549338124,    -0.05907710843,      0.1487489547,    -0.06623911172,      0.1572732612,      0.3863780817,      0.0208517493,       0.320679704,    -0.01816158307,   -0.008645202963,     -0.0438335826,     -0.1659335622,    -0.08214118967,      -9.973603894,         52.794132,     -0.6025769601,       152.5213858,      0.5718224034,      0.2536595971,       1.280237828,       4.810516052,       2.392688722
          0,           0,         900,      -3.354795965,     -0.9926495646,      -1.081470083,      -1.118326166,       2.142857583,       71.11653136,     -0.2099195674,       0.572945396,     0.06840234183,      0.2869229733,     -0.2775871267,       1.123133479,     -0.2099195674,     0.06840234183,       0.572945396,      -2.729356787,    -0.01576828221,    0.007319446166,    -0.03460862635,    0.002101206801,    -0.03176363967,    -0.03411211148,    -0.03424306626,    -0.03450886336,    -0.03433563103,      0.1603046155,      0.3863865777,     0.02085070694,      0.3207267556,    -0.01816128688,   -0.007786022713,    -0.04269666647,      -0.165734561,    -0.08094472264,     0.02879261344,      0.0204985402,    0.001004536822,    -0.01916091072,    -0.01293632371,     0.02460665128,    -0.05795999657,      0.1485768462,    -0.06501961516,   7.303872889e-05,      0.3903897825,   -0.001180383939,     -0.3239953408,    -0.01424020545,    -0.01341902335,     0.06655685393,      0.2982142108,      -0.115475959,     -0.3163919886,      -2.576877061,      -0.185148448,      -2.126263289,      0.1644353951,     0.05779491699,      0.6425263837,       2.739195967,       1.323140997,      0.3635128064,      0.1397800504,    0.005245717912,     -0.1353166767,    -0.08882450207,      0.3998056034,     -0.9595163415,       2.393111247,      -0.994664426,    -0.01576828221,    0.007319446166,    -0.03460862635,    0.002101206801,    -0.03176363967,    -0.03411211148,    -0.03424306626,    -0.03450886336,    -0.03433563103,     0.02879261344,      0.0204985402,    0.001004536822,    -0.01916091072,    -0.01293632371,     0.02460665128,    -0.05795999657,      0.1485768462,    -0.06501961516,      0.1603046155,      0.3863865777,     0.02085070694,      0.3207267556,    -0.01816128688,   -0.007786022713,    -0.04269666647,      -0.165734561,    -0.08094472264,      -10.16627007,       52.78904564,     -0.6024713816,       152.6393097,      0.5717634086,      0.2282480437,       1.246870422,        4.80266647,       2.357455512
          0,           0,         905,      -3.193431654,     -0.7992415092,     -0.7959844177,      -1.061774372,       2.309858416,       71.11653136,     -0.2100557587,      0.5695975754,     0.07005003174,      0.2856881858,     -0.2201449667,       1.148417593,     -0.2100557587,     0.07005003174,      0.5695975754,      -2.711649416,    -0.01576273096,    0.007320862033,    -0.03460630455,    0.002101638612,    -0.03175874951,    -0.03417755602,    -0.03429011914,    -0.03451191209,    -0.03437088707,      0.1588896556,      0.3864010651,     0.02084643605,       0.320675944,    -0.01815973381,   -0.008681677066,    -0.04284939686,      -0.166270535,    -0.08125418261,     0.02934902789,     0.02049638022,    0.001054353882,    -0.01915773268,    -0.01292311632,      0.0255562058,    -0.05810176184,      0.1490948548,    -0.06531818002,   7.302540005e-05,      0.3904088548,   -0.001222983234,     -0.3239480619,    -0.01423450841,    -0.01501697103,     0.06660123071,      0.2991096916,     -0.1160820922,     -0.2909401021,      -2.576978043,     -0.1851178067,      -2.125917816,      0.1644208467,     0.07257998374,      0.6451721226,       2.748041271,       1.328594576,      0.3718210342,       0.139764981,    0.005579895751,     -0.1352943887,    -0.08874242741,      0.4155716387,     -0.9620582478,       2.401671375,     -0.9998962676,    -0.01576273096,    0.007320862033,    -0.03460630455,    0.002101638612,    -0.03175874951,    -0.03417755602,    -0.03429011914,    -0.03451191209,    -0.03437088707,     0.02934902789,     0.02049638022,    0.001054353882,    -0.01915773268,    -0.01292311632,      0.0255562058,    -0.05810176184,      0.1490948548,    -0.06531818002,      0.1588896556,      0.3864010651,     0.02084643605,       0.320675944,    -0.01815973381,   -0.008681677066,    -0.04284939686,      -0.166270535,    -0.08125418261,      -10.08008422,       52.78081506,     -0.6023883892,       152.5837707,      0.5718025453,      0.2540169069,       1.249613531,       4.817772328,       2.364040894
          0,           0,         910,      -3.045654941,     -0.6238813732,     -0.6316631877,     -0.8579334117,       2.462452324,       71.11653136,      -0.209917069,      0.5659465331,     0.06843815045,      0.2861300584,     -0.1609682097,       1.127282361,      -0.209917069,     0.06843815045,      0.5659465331,      -2.696048186,    -0.01575661057,    0.007323762275,    -0.03460736559,    0.002111183597,    -0.03176352885,    -0.03413627326,    -0.03424438099,    -0.03450644539,    -0.03433741025,      0.1578925376,      0.3864570773,     0.02084701347,       0.320753311,     -0.0181549328,   -0.008741366027,    -0.04331607085,     -0.1673260975,    -0.08246493915,     0.02858454554,     0.02048850215,    0.000958215154,    -0.01915756879,    -0.01305053369,     0.02556879469,    -0.05854133337,       0.150137749,    -0.06655022022,   7.302746476e-05,       0.390456993,   -0.001128647902,     -0.3240229944,    -0.01435752096,    -0.01515524295,     0.06742733354,      0.3009870932,     -0.1181499826,     -0.2760825571,       -2.57734811,     -0.1851227424,      -2.126442993,      0.1643943755,     0.07339702249,      0.6527874759,       2.765190921,       1.348258398,      0.3624596792,      0.1397075518,    0.004923987331,     -0.1352845276,    -0.08959935004,      0.4155710269,     -0.9691555944,       2.418614345,      -1.019954758,    -0.01575661057,    0.007323762275,    -0.03460736559,    0.002111183597,    -0.03176352885,    -0.03413627326,    -0.03424438099,    -0.03450644539,    -0.03433741025,     0.02858454554,     0.02048850215,    0.000958215154,    -0.01915756879,    -0.01305053369,     0.02556879469,    -0.05854133337,       0.150137749,    -0.06655022022,      0.1578925376,      0.3864570773,     0.02084701347,       0.320753311,     -0.0181549328,   -0.008741366027,    -0.04331607085,     -0.1673260975,    -0.08246493915,      -10.02071714,       52.76756165,      -0.602386605,       151.9305623,      0.5715653601,      0.2560726521,       1.264910318,       4.849125883,       2.401606253
          0,           0,         915,      -2.961723961,      -0.510115236,      -0.562069217,     -0.8133436411,       2.551833835,       71.11653136,     -0.2099461719,      0.5684224658,     0.06891911044,      0.2857171449,     -0.1879403347,       1.125724186,     -0.2099461719,     0.06891911044,      0.5684224658,      -2.707467636,    -0.01577767347,    0.007348433487,    -0.03460484508,    0.002123706788,    -0.03176337257,    -0.03416918844,    -0.03425367557,    -0.03449190434,    -0.03435765273,      0.1601496226,      0.3866182633,     0.02084421113,      0.3209453123,    -0.01814323159,   -0.008793388763,    -0.04350698628,     -0.1671097018,    -0.08258163514,      0.0296073231,     0.02047941267,   0.0009756476565,    -0.01915364405,    -0.01307879381,     0.02558702442,    -0.05876916413,      0.1499359169,    -0.06666461233,   7.286480537e-05,      0.3906106188,   -0.001149652406,     -0.3242244061,    -0.01438772779,    -0.01529541056,     0.06784372553,      0.3006898859,     -0.1184427532,     -0.3028039649,      -2.578417134,     -0.1851021659,      -2.127734103,      0.1643175672,     0.07423315466,      0.6559645604,       2.761472673,       1.350129078,      0.3697272795,      0.1396247691,    0.005052659286,     -0.1352451943,    -0.08977709924,       0.415897083,     -0.9729590393,        2.41516017,      -1.021756442,    -0.01577767347,    0.007348433487,    -0.03460484508,    0.002123706788,    -0.03176337257,    -0.03416918844,    -0.03425367557,    -0.03449190434,    -0.03435765273,      0.0296073231,     0.02047941267,   0.0009756476565,    -0.01915364405,    -0.01307879381,     0.02558702442,    -0.05876916413,      0.1499359169,    -0.06666461233,      0.1601496226,      0.3866182633,     0.02084421113,      0.3209453123,    -0.01814323159,   -0.008793388763,    -0.04350698628,     -0.1671097018,    -0.08258163514,       -10.1503953,       52.61233759,     -0.6023494999,       151.1250584,      0.5711997853,      0.2573484817,       1.270140665,       4.844896361,       2.403587806
          0,           0,         920,         -2.914141,     -0.4550490256,     -0.5187874003,     -0.7401126723,       2.600084755,       71.11653136,     -0.2099374773,       0.564332235,     0.06559109444,      0.2857039138,     -0.1175494219,       1.085090026,     -0.2099374773,     0.06559109444,       0.564332235,      -2.688096677,    -0.01572055874,    0.007347369676,    -0.03460322636,     0.00213941041,    -0.03175615331,    -0.03416237926,    -0.03428990266,    -0.03453940455,    -0.03435263249,      0.1584372712,       0.386670835,     0.02084236955,      0.3210130139,    -0.01813894396,   -0.009144637525,    -0.04418554222,     -0.1676923685,    -0.08346976255,     0.02697080978,     0.02048365956,   0.0009840718612,    -0.01914993775,    -0.01311083784,     0.02587057606,    -0.05940605846,      0.1505185865,    -0.06756977527,   7.290315587e-05,      0.3906514635,   -0.001155396339,     -0.3243002513,    -0.01441420988,    -0.01594579007,     0.06896997998,      0.3017655668,     -0.1199403522,     -0.2726483903,      -2.578756495,     -0.1850881836,      -2.128185985,      0.1642830347,     0.08005417089,      0.6669491347,       2.771201917,       1.364641375,      0.3399961929,      0.1396584036,    0.005104814619,     -0.1352041357,    -0.08999224085,      0.4205937851,     -0.9833228957,       2.424811082,       -1.03655498,    -0.01572055874,    0.007347369676,    -0.03460322636,     0.00213941041,    -0.03175615331,    -0.03416237926,    -0.03428990266,    -0.03453940455,    -0.03435263249,     0.02697080978,     0.02048365956,   0.0009840718612,    -0.01914993775,    -0.01311083784,     0.02587057606,    -0.05940605846,      0.1505185865,    -0.06756977527,      0.1584372712,       0.386670835,     0.02084236955,      0.3210130139,    -0.01813894396,   -0.009144637525,    -0.04418554222,     -0.1676923685,    -0.08346976255,       -10.0783486,        52.6271104,     -0.6023244576,       150.0474208,      0.5711946211,      0.2676815176,       1.288587566,       4.855103053,       2.429792319
          0,           0,         925,      -2.901660747,     -0.4622714137,     -0.5130594825,     -0.7357365747,       2.610149488,       71.11653136,      -0.209876906,      0.5637922184,     0.06923624308,      0.2856363959,      -0.116447472,       1.129754379,      -0.209876906,     0.06923624308,      0.5637922184,      -2.686299456,    -0.01580621175,    0.007344863348,     -0.0346015909,    0.002136915538,    -0.03175461717,    -0.03412500149,    -0.03422868566,    -0.03448765359,     -0.0343549243,      0.1585580112,      0.3866129076,     0.02084544515,      0.3209913168,    -0.01814087681,   -0.009357345537,    -0.04413167341,     -0.1680391009,    -0.08354646572,     0.03002617378,     0.02048827791,   0.0009790181021,    -0.01915428634,     -0.0131221259,     0.02611619132,    -0.05933273701,      0.1508851225,    -0.06764939126,   7.275994371e-05,       0.390582998,   -0.001151541801,     -0.3242762703,    -0.01443013741,    -0.01624898305,     0.06895342568,      0.3023393726,     -0.1202052277,      -0.281105693,      -2.578357282,     -0.1851067595,      -2.128042711,      0.1642909978,     0.08347393331,      0.6659628949,       2.776728426,       1.365708722,      0.3746356291,      0.1396956672,    0.005070330445,     -0.1352337824,    -0.09006688861,      0.4244901169,     -0.9819170885,       2.430742798,      -1.037662403,    -0.01580621175,    0.007344863348,     -0.0346015909,    0.002136915538,    -0.03175461717,    -0.03412500149,    -0.03422868566,    -0.03448765359,     -0.0343549243,     0.03002617378,     0.02048827791,   0.0009790181021,    -0.01915428634,     -0.0131221259,     0.02611619132,    -0.05933273701,      0.1508851225,    -0.06764939126,      0.1585580112,      0.3866129076,     0.02084544515,      0.3209913168,    -0.01814087681,   -0.009357345537,    -0.04413167341,     -0.1680391009,    -0.08354646572,      -10.03137334,       52.63718184,     -0.6024418128,       150.2124492,      0.5712831212,      0.2742079159,       1.289318376,       4.872442263,       2.431862896
          0,           0,         930,      -2.905642061,     -0.4708213887,      -0.522895234,     -0.7181838094,       2.604819874,       71.11653136,      -0.209816525,       0.564152703,     0.06479430733,       0.285766527,     -0.1131753457,       1.076529111,      -0.209816525,     0.06479430733,       0.564152703,      -2.688790613,    -0.01570613982,    0.007349753233,    -0.03459884374,    0.002136539022,    -0.03175385448,    -0.03412417071,    -0.03425323375,    -0.03451659752,    -0.03434997727,      0.1585188886,      0.3867460618,     0.02084587199,      0.3209355124,    -0.01813929978,   -0.008988177136,    -0.04432299596,     -0.1677156194,    -0.08372753955,     0.02669252873,     0.02047947058,    0.001032086704,    -0.01915212337,    -0.01319481942,      0.0257934373,    -0.05956488542,      0.1505184261,     -0.0678098139,   7.297129986e-05,      0.3907257973,   -0.001207853107,     -0.3242124718,    -0.01449902534,     -0.0156373486,     0.06919096694,      0.3017949543,      -0.120461464,     -0.2721153129,      -2.579264852,     -0.1851064096,      -2.127662773,      0.1642815583,     0.07739576562,      0.6691136329,       2.771439551,       1.368743493,      0.3395261856,      0.1396306833,    0.005427640728,     -0.1352210609,    -0.09056032171,      0.4191702836,      -0.985771372,       2.424706544,      -1.040379471,    -0.01570613982,    0.007349753233,    -0.03459884374,    0.002136539022,    -0.03175385448,    -0.03412417071,    -0.03425323375,    -0.03451659752,    -0.03434997727,     0.02669252873,     0.02047947058,    0.001032086704,    -0.01915212337,    -0.01319481942,      0.0257934373,    -0.05956488542,      0.1505184261,     -0.0678098139,      0.1585188886,      0.3867460618,     0.02084587199,      0.3209355124,    -0.01813929978,   -0.008988177136,    -0.04432299596,     -0.1677156194,    -0.08372753955,      -10.09279749,       52.62027846,     -0.6025019838,       150.2128017,      0.5712471784,      0.2633962071,       1.293979899,       4.858984706,       2.437484569
          0,           0,         935,       -2.83198661,     -0.4196175621,     -0.4858761059,     -0.6242138513,       2.673908439,       71.11653136,     -0.2098523144,      0.5598945374,     0.06793385574,      0.2855243883,    -0.07603147104,       1.121353891,     -0.2098523144,     0.06793385574,      0.5598945374,      -2.668040803,    -0.01578490275,    0.007339369364,    -0.03460741488,    0.002121478971,    -0.03174425957,    -0.03410471333,     -0.0342384925,    -0.03448416943,    -0.03434921031,      0.1552688607,      0.3864765583,     0.02084054826,       0.320837304,    -0.01814226633,   -0.009531741343,    -0.04457905868,     -0.1677726458,    -0.08350302175,     0.02954618479,     0.02047535563,   0.0007701748305,    -0.01915647314,    -0.01333531012,     0.02643456289,    -0.05982215741,      0.1505759401,    -0.06755442181,   7.291292886e-05,      0.3904525604,    -0.00095418511,      -0.324116222,    -0.01463245899,    -0.01649823217,     0.06978317284,      0.3015878364,     -0.1201709959,     -0.2475566191,      -2.577436923,     -0.1850812489,      -2.127005769,      0.1642884353,     0.08633009445,      0.6732534491,       2.772237353,       1.364939757,      0.3755380187,      0.1396132568,    0.003677819964,     -0.1352640158,    -0.09147666303,      0.4296746967,     -0.9899033142,       2.425574005,      -1.036079914,    -0.01578490275,    0.007339369364,    -0.03460741488,    0.002121478971,    -0.03174425957,    -0.03410471333,     -0.0342384925,    -0.03448416943,    -0.03434921031,     0.02954618479,     0.02047535563,   0.0007701748305,    -0.01915647314,    -0.01333531012,     0.02643456289,    -0.05982215741,      0.1505759401,    -0.06755442181,      0.1552688607,      0.3864765583,     0.02084054826,       0.320837304,    -0.01814226633,   -0.009531741343,    -0.04457905868,     -0.1677726458,    -0.08350302175,      -9.836542115,       52.65800631,     -0.6021989315,       151.2328467,      0.5715132932,       0.279484576,       1.302015814,       4.865207674,       2.431002663
          0,           0,         940,      -2.900303529,     -0.4737156969,     -0.5270478064,     -0.7024848693,       2.608970279,       71.11653136,     -0.2098037684,      0.5677318874,     0.06951855145,      0.2866536331,     -0.1831006965,       1.153385482,     -0.2098037684,     0.06951855145,      0.5677318874,      -2.706013775,    -0.01569943033,    0.007326689738,    -0.03459370716,    0.002118812239,    -0.03174630738,    -0.03413003742,    -0.03422664739,    -0.03451095721,    -0.03434218352,      0.1601540489,       0.386361354,     0.02084192774,      0.3206981625,    -0.01814822329,   -0.009159084327,    -0.04340038835,     -0.1675639176,    -0.08205199217,     0.02913758745,      0.0204816435,   0.0007733629214,    -0.01915228559,    -0.01336026623,     0.02604894592,    -0.05869572245,      0.1503870021,    -0.06610171618,   7.305451003e-05,      0.3903348575,  -0.0009316824932,     -0.3239830012,    -0.01467424703,    -0.01584016273,     0.06792478555,       0.301453654,      -0.117703625,     -0.3040415234,      -2.576686179,     -0.1850756946,      -2.126083394,      0.1643321457,     0.08003561048,      0.6541487428,       2.768857414,       1.341412182,      0.3754114103,      0.1396674167,    0.003694977422,     -0.1352390389,    -0.09165928213,      0.4232038218,     -0.9716344332,         2.4224745,       -1.01253389,    -0.01569943033,    0.007326689738,    -0.03459370716,    0.002118812239,    -0.03174630738,    -0.03413003742,    -0.03422664739,    -0.03451095721,    -0.03434218352,     0.02913758745,      0.0204816435,   0.0007733629214,    -0.01915228559,    -0.01336026623,     0.02604894592,    -0.05869572245,      0.1503870021,    -0.06610171618,      0.1601540489,       0.386361354,     0.02084192774,      0.3206981625,    -0.01814822329,   -0.009159084327,    -0.04340038835,     -0.1675639176,    -0.08205199217,      -10.20126498,       52.73341275,     -0.6024774286,       151.3575184,      0.5716640701,      0.2683584613,       1.268029201,       4.855383077,       2.389247968
          0,           0,         945,      -2.870694429,      -0.448403271,      -0.530710508,     -0.6605751037,       2.635970633,       71.11653136,     -0.2100438806,      0.5637607992,     0.06501413812,      0.2853876666,     -0.1250841126,       1.083023519,     -0.2100438806,     0.06501413812,      0.5637607992,      -2.684014396,    -0.01575118001,    0.007322693417,    -0.03459932876,    0.002114083666,    -0.03175092591,    -0.03416401388,    -0.03429715995,    -0.03453901242,    -0.03437903674,      0.1572547224,      0.3863883749,     0.02084802373,      0.3207262216,     -0.0181467504,   -0.009050123451,    -0.04379565622,     -0.1674547241,     -0.0830092892,     0.02632616341,     0.02048547992,   0.0007292271491,    -0.01916121187,    -0.01341061168,     0.02593831206,    -0.05907090742,      0.1502333646,    -0.06705567801,   7.283427887e-05,      0.3903573231,   -0.000902935854,     -0.3240033481,    -0.01472177025,    -0.01574942511,     0.06812138997,      0.3013875364,     -0.1191739379,     -0.2645630995,        -2.5768658,     -0.1851217784,      -2.126273732,      0.1643262761,      0.0783876611,      0.6604317518,       2.767406522,       1.357188085,      0.3312685029,      0.1396997836,    0.003403306576,     -0.1353043575,    -0.09199615552,       0.421587393,     -0.9776992875,       2.420259702,      -1.028195369,    -0.01575118001,    0.007322693417,    -0.03459932876,    0.002114083666,    -0.03175092591,    -0.03416401388,    -0.03429715995,    -0.03453901242,    -0.03437903674,     0.02632616341,     0.02048547992,   0.0007292271491,    -0.01916121187,    -0.01341061168,     0.02593831206,    -0.05907090742,      0.1502333646,    -0.06705567801,      0.1572547224,      0.3863883749,     0.02084802373,      0.3207262216,     -0.0181467504,   -0.009050123451,    -0.04379565622,     -0.1674547241,     -0.0830092892,      -9.983678829,       52.76588175,      -0.602555728,       151.7093324,      0.5715345264,      0.2649022297,       1.276947021,       4.848277711,       2.414532142
          0,           0,         950,       -3.66383636,      -1.310458304,      -1.313641603,      -1.489727671,       1.828095212,       71.11653136,     -0.2100550553,      0.5626228513,      0.0677160724,      0.2864837494,     -0.1086628392,       1.125466125,     -0.2100550553,      0.0677160724,      0.5626228513,       -2.67845423,    -0.01578993371,    0.007323263173,    -0.03460297151,     0.00211411154,    -0.03175123504,    -0.03416370096,    -0.03428445005,    -0.03453387411,    -0.03436626459,       0.156797325,      0.3863571316,     0.02084642679,        0.32073735,    -0.01814856172,   -0.009354828011,    -0.04386156192,     -0.1679636889,    -0.08278674153,     0.02800301039,     0.02048433183,   0.0007463072592,    -0.01915831573,    -0.01339425705,     0.02621763602,     -0.0591292587,      0.1507865854,      -0.066839967,   7.287131544e-05,      0.3903245542,  -0.0009127948253,     -0.3240124722,    -0.01470365365,    -0.01623412969,      0.0685361721,      0.3021824535,     -0.1187692514,     -0.2590717595,      -2.576656833,     -0.1851147182,      -2.126342326,      0.1643393261,     0.08343621201,      0.6615807104,       2.775748707,       1.353417841,      0.3571475838,      0.1396897375,    0.003520675113,     -0.1352845105,    -0.09188459689,      0.4262108713,     -0.9787041466,        2.42934091,      -1.024570399,    -0.01578993371,    0.007323263173,    -0.03460297151,     0.00211411154,    -0.03175123504,    -0.03416370096,    -0.03428445005,    -0.03453387411,    -0.03436626459,     0.02800301039,     0.02048433183,   0.0007463072592,    -0.01915831573,    -0.01339425705,     0.02621763602,     -0.0591292587,      0.1507865854,      -0.066839967,       0.156797325,      0.3863571316,     0.02084642679,        0.32073735,    -0.01814856172,   -0.009354828011,    -0.04386156192,     -0.1679636889,    -0.08278674153,      -9.930207933,        52.7575102,     -0.6024461449,        151.712596,      0.5715860091,      0.2738236124,        1.27934273,        4.86373722,       2.408953738
          0,           0,         955,      -4.832893084,      -2.084207823,      -2.080992652,      -2.346415362,      0.6873899443,       71.11653136,     -0.2100613634,       0.562616516,     0.06921199662,       0.287096078,     -0.1122435271,       1.146138474,     -0.2100613634,     0.06921199662,       0.562616516,      -2.678343636,    -0.01580603612,    0.007305839136,     -0.0346079758,    0.002102275381,    -0.03175597143,    -0.03416413259,    -0.03426472477,    -0.03452058312,    -0.03435005412,      0.1566687544,      0.3862477801,     0.02084984365,      0.3207048556,    -0.01815668563,   -0.009472677766,    -0.04406453569,     -0.1677486393,    -0.08241217927,     0.02940026248,     0.02049381647,   0.0007104162764,    -0.01916519424,    -0.01329487741,     0.02628492249,    -0.05933395305,       0.150603722,    -0.06648711843,   7.306302147e-05,      0.3902210372,  -0.0008763565113,     -0.3239735688,     -0.0145950216,    -0.01632699957,      0.0692020926,      0.3014899794,     -0.1181181479,     -0.2590795915,      -2.575918541,     -0.1851433891,       -2.12611786,      0.1643979865,     0.08535702121,      0.6650301141,       2.772029104,       1.347201629,      0.3770663262,      0.1397725837,    0.003277967655,     -0.1353447521,    -0.09120281341,      0.4272963532,     -0.9821504021,       2.426172348,      -1.018749137,    -0.01580603612,    0.007305839136,     -0.0346079758,    0.002102275381,    -0.03175597143,    -0.03416413259,    -0.03426472477,    -0.03452058312,    -0.03435005412,     0.02940026248,     0.02049381647,   0.0007104162764,    -0.01916519424,    -0.01329487741,     0.02628492249,    -0.05933395305,       0.150603722,    -0.06648711843,      0.1566687544,      0.3862477801,     0.02084984365,      0.3207048556,    -0.01815668563,   -0.009472677766,    -0.04406453569,     -0.1677486393,    -0.08241217927,      -9.911957253,       52.86836637,     -0.6024577622,       152.5513063,      0.5717565804,      0.2772696699,       1.286002908,       4.859380236,       2.399186301
          0,           0,         960,      -4.995192903,      -2.348006106,      -2.377325888,       -2.52744304,      0.3859365371,       71.11653136,     -0.2100538809,      0.5635110766,     0.06938320715,      0.2874745928,     -0.1336052566,       1.143237329,     -0.2100538809,     0.06938320715,      0.5635110766,      -2.682697763,    -0.01583560186,    0.007291461288,    -0.03460887431,    0.002091882728,    -0.03175518581,    -0.03416806464,    -0.03423733763,    -0.03449559158,    -0.03433656913,      0.1565679949,      0.3861593487,     0.02085233721,      0.3206164372,    -0.01816657864,   -0.009355748131,    -0.04445840879,      -0.166825965,    -0.08187834094,     0.03046297852,     0.02051286264,   0.0007026670821,    -0.01917214069,    -0.01319268028,     0.02609625189,    -0.05973391801,      0.1496999067,    -0.06599272067,    7.33611822e-05,      0.3901442588,  -0.0008765147977,     -0.3238835879,      -0.014488789,    -0.01591631295,     0.07018073011,      0.2994129695,     -0.1171715221,     -0.2620603567,      -2.575322161,     -0.1851607982,      -2.125516807,      0.1644637563,     0.08336304093,      0.6716484161,        2.75655995,       1.338419704,      0.3902809863,      0.1399175157,    0.003227104257,     -0.1354019195,    -0.09050554954,      0.4241332784,      -0.988824994,       2.411051036,      -1.010640129,    -0.01583560186,    0.007291461288,    -0.03460887431,    0.002091882728,    -0.03175518581,    -0.03416806464,    -0.03423733763,    -0.03449559158,    -0.03433656913,     0.03046297852,     0.02051286264,   0.0007026670821,    -0.01917214069,    -0.01319268028,     0.02609625189,    -0.05973391801,      0.1496999067,    -0.06599272067,      0.1565679949,      0.3861593487,     0.02085233721,      0.3206164372,    -0.01816657864,   -0.009355748131,    -0.04445840879,      -0.166825965,    -0.08187834094,      -9.887088364,       52.96048809,      -0.602514171,       153.2669269,      0.5720822654,      0.2738155711,       1.298535805,       4.836153182,       2.384581308
          0,           0,         965,      -4.179205816,      -1.838483997,      -1.741001338,      -2.185938546,       1.311939206,       71.11653136,     -0.2099748586,      0.5660176541,     0.06801785836,      0.2869515884,     -0.1772106552,       1.109196213,     -0.2099748586,     0.06801785836,      0.5660176541,      -2.695644888,    -0.01583140874,    0.007311657517,    -0.03460470706,     0.00209242522,    -0.03174409372,    -0.03417788614,    -0.03420905655,    -0.03446596987,    -0.03434581924,      0.1570993311,      0.3861781395,     0.02085352605,       0.320523794,      -0.018171766,   -0.008934535577,    -0.04487008721,     -0.1652640713,    -0.08139667649,     0.03091287779,     0.02052026157,   0.0008119583388,    -0.01917040892,    -0.01313966193,     0.02563428542,    -0.06014803811,      0.1481414166,    -0.06554483245,   7.346441218e-05,      0.3901772769,  -0.0009968061568,     -0.3237983083,    -0.01444313056,       -0.01504594,     0.07081497107,      0.2965131239,     -0.1163430629,     -0.2722641463,      -2.575465903,     -0.1851635781,      -2.124893676,      0.1644850473,     0.07635565515,      0.6784931988,       2.730659271,       1.330583477,      0.3880629454,      0.1399396648,    0.003978714186,     -0.1353860847,    -0.09015750773,       0.416498841,     -0.9956688044,       2.385240922,      -1.003312478,    -0.01583140874,    0.007311657517,    -0.03460470706,     0.00209242522,    -0.03174409372,    -0.03417788614,    -0.03420905655,    -0.03446596987,    -0.03434581924,     0.03091287779,     0.02052026157,   0.0008119583388,    -0.01917040892,    -0.01313966193,     0.02563428542,    -0.06014803811,      0.1481414166,    -0.06554483245,      0.1570993311,      0.3861781395,     0.02085352605,       0.320523794,      -0.018171766,   -0.008934535577,    -0.04487008721,     -0.1652640713,    -0.08139667649,      -9.923269221,       52.81677084,      -0.602621083,       153.1829147,      0.5724455754,      0.2614127609,       1.311643516,       4.794992624,       2.369915125
          0,           0,         970,      -4.887668595,      -2.395480771,       -2.39190536,      -2.721914863,      0.5976448063,       71.11653136,       -0.20993433,      0.5684498986,     0.06613498219,      0.2855630456,     -0.2141256956,       1.065754133,       -0.20993433,     0.06613498219,      0.5684498986,      -2.707751031,    -0.01581818381,    0.007335058379,    -0.03459517962,    0.002093030835,    -0.03173374409,    -0.03418058628,      -0.034204287,    -0.03445446522,     -0.0343759732,      0.1582910683,      0.3862436676,     0.02085399309,      0.3204679806,    -0.01816945287,   -0.008571111215,    -0.04508031192,     -0.1641211821,      -0.081464753,     0.03058612104,     0.02051681181,    0.000994780907,    -0.01916601746,    -0.01311244478,     0.02528515539,    -0.06034961654,      0.1470013749,    -0.06562118305,   7.315060062e-05,      0.3902466206,   -0.001181393462,     -0.3237419999,    -0.01442981627,    -0.01459660994,     0.07076578386,      0.2949772341,     -0.1165499241,     -0.2891049969,      -2.575925738,     -0.1851556765,      -2.124518599,      0.1644554582,      0.0704149505,      0.6818840271,       2.711985948,       1.331838931,      0.3720837017,      0.1398874549,    0.005227115648,     -0.1353549986,    -0.08999137593,      0.4108223034,     -0.9989262893,       2.366611432,      -1.004605211,    -0.01581818381,    0.007335058379,    -0.03459517962,    0.002093030835,    -0.03173374409,    -0.03418058628,      -0.034204287,    -0.03445446522,     -0.0343759732,     0.03058612104,     0.02051681181,    0.000994780907,    -0.01916601746,    -0.01311244478,     0.02528515539,    -0.06034961654,      0.1470013749,    -0.06562118305,      0.1582910683,      0.3862436676,     0.02085399309,      0.3204679806,    -0.01816945287,   -0.008571111215,    -0.04508031192,     -0.1641211821,      -0.081464753,      -10.00690536,        52.6572043,      -0.602800544,       153.1119252,      0.5725593809,      0.2507596314,       1.317972566,       4.763422709,       2.369816631
          0,           0,         975,      -4.302083495,      -1.971797232,       -1.85792808,      -2.311425707,       1.187662747,       71.11653136,     -0.2099857691,      0.5706028811,      0.0635734236,      0.2847607042,     -0.2413071105,       1.015389205,     -0.2099857691,      0.0635734236,      0.5706028811,       -2.71734072,    -0.01582572856,    0.007341550887,    -0.03458293581,    0.002088243159,    -0.03173482604,    -0.03416662603,    -0.03423207405,    -0.03446545961,    -0.03440791307,      0.1603564536,      0.3863210162,     0.02085595524,      0.3204251968,    -0.01816989468,    -0.00823517878,    -0.04531296022,     -0.1636681936,    -0.08196951345,     0.02929076543,     0.02051522488,    0.001193389898,    -0.01916576247,    -0.01308047531,     0.02496764303,    -0.06056304821,      0.1465549805,    -0.06613929416,   7.270476109e-05,      0.3903150505,   -0.001364477472,     -0.3236962827,    -0.01441055853,    -0.01436361433,     0.07077905822,      0.2949281677,      -0.117499344,     -0.3157357117,      -2.576451174,     -0.1851537567,      -2.124234053,      0.1644583637,     0.06501086866,      0.6855285149,       2.704993027,        1.34027681,      0.3442165625,      0.1398732294,    0.006562167658,     -0.1353585598,    -0.08979193238,      0.4057010437,      -1.002327443,       2.359686721,      -1.013172585,    -0.01582572856,    0.007341550887,    -0.03458293581,    0.002088243159,    -0.03173482604,    -0.03416662603,    -0.03423207405,    -0.03446545961,    -0.03440791307,     0.02929076543,     0.02051522488,    0.001193389898,    -0.01916576247,    -0.01308047531,     0.02496764303,    -0.06056304821,      0.1465549805,    -0.06613929416,      0.1603564536,      0.3863210162,     0.02085595524,      0.3204251968,    -0.01816989468,    -0.00823517878,    -0.04531296022,     -0.1636681936,    -0.08196951345,      -10.13264274,       52.62117258,     -0.6030706979,       153.4424741,      0.5725537821,      0.2410299095,       1.323698943,       4.748759931,       2.382286693
          0,           0,         980,      -4.031082829,      -1.706259937,      -1.603888189,      -2.027437215,       1.461722777,       71.11653136,     -0.2100767961,      0.5722199276,     0.05993736946,      0.2860785595,     -0.2569583353,      0.9647044779,     -0.2100767961,     0.05993736946,      0.5722199276,      -2.723860694,    -0.01583571541,    0.007332663816,    -0.03457787137,    0.002085594247,    -0.03174562053,    -0.03414521938,    -0.03428333556,    -0.03449885693,      -0.034408435,      0.1622965802,      0.3864102093,     0.02086057346,      0.3204205527,    -0.01817541872,   -0.007790908143,    -0.04569013524,      -0.163795752,    -0.08231577402,     0.02656862036,     0.02051834786,    0.001286602679,    -0.01916884291,    -0.01303571841,     0.02451805554,    -0.06091586186,      0.1466863506,    -0.06652018437,   7.281523969e-05,      0.3903956633,    -0.00143144707,     -0.3236960265,    -0.01435939988,    -0.01369630223,     0.07138976018,      0.2954308467,     -0.1180273502,     -0.3379474994,      -2.577045836,     -0.1851778546,      -2.124214497,      0.1645074064,     0.05777648006,      0.6915315953,        2.70759719,        1.34601468,      0.3093954307,      0.1399079252,    0.007155111721,     -0.1353814533,    -0.08949310676,      0.3983375426,       -1.00802788,       2.362292417,      -1.019481509,    -0.01583571541,    0.007332663816,    -0.03457787137,    0.002085594247,    -0.03174562053,    -0.03414521938,    -0.03428333556,    -0.03449885693,      -0.034408435,     0.02656862036,     0.02051834786,    0.001286602679,    -0.01916884291,    -0.01303571841,     0.02451805554,    -0.06091586186,      0.1466863506,    -0.06652018437,      0.1622965802,      0.3864102093,     0.02086057346,      0.3204205527,    -0.01817541872,   -0.007790908143,    -0.04569013524,      -0.163795752,    -0.08231577402,      -10.24876844,        52.6971124,     -0.6032925868,       153.6351345,      0.5725331057,      0.2281698078,       1.332721408,       4.747860265,       2.392313804
          0,           0,         985,       -4.61641014,      -2.278852467,      -2.167048898,      -2.619915798,      0.8733953795,       71.11653136,     -0.2101227059,      0.5724851013,      0.0571740502,      0.2876880874,     -0.2558574533,      0.9366952084,     -0.2101227059,      0.0571740502,      0.5724851013,       -2.72452755,    -0.01583158937,    0.007324365945,    -0.03458249702,    0.002090578317,     -0.0317530395,    -0.03413542496,    -0.03431764777,    -0.03453466762,    -0.03438278395,      0.1624496683,      0.3864800068,     0.02086420494,      0.3204645198,    -0.01817707481,   -0.007411543939,    -0.04587453701,     -0.1640014008,    -0.08230874195,      0.0241626178,     0.02052011554,    0.001253980101,     -0.0191699858,    -0.01299498432,     0.02413186215,    -0.06108462145,      0.1468874658,     -0.0665323996,    7.34265669e-05,      0.3904708506,   -0.001387641568,     -0.3237408616,    -0.01430721429,    -0.01288388829,     0.07185665742,      0.2955448624,     -0.1179381039,     -0.3362182043,      -2.577512529,     -0.1852072352,       -2.12452132,      0.1645256543,     0.05155915054,      0.6944401791,       2.711215619,       1.345861232,      0.2871224749,      0.1399268716,    0.006898464105,     -0.1353835083,    -0.08921741486,      0.3919945641,      -1.010726734,       2.365783962,      -1.019703471,    -0.01583158937,    0.007324365945,    -0.03458249702,    0.002090578317,     -0.0317530395,    -0.03413542496,    -0.03431764777,    -0.03453466762,    -0.03438278395,      0.0241626178,     0.02052011554,    0.001253980101,     -0.0191699858,    -0.01299498432,     0.02413186215,    -0.06108462145,      0.1468874658,     -0.0665323996,      0.1624496683,      0.3864800068,     0.02086420494,      0.3204645198,    -0.01817707481,   -0.007411543939,    -0.04587453701,     -0.1640014008,    -0.08230874195,      -10.26110926,       52.76634314,     -0.6033169012,       153.2898898,       0.572451491,      0.2171217716,       1.336762278,       4.748891827,       2.393894051
          0,           0,         990,      -4.256982299,       -1.93466777,      -1.818406813,      -2.268711021,       1.233519631,       71.11653136,     -0.2101368955,      0.5707706286,     0.05601812103,      0.2883723506,     -0.2293477429,      0.9342666131,     -0.2101368955,     0.05601812103,      0.5707706286,      -2.716184739,    -0.01582472095,    0.007314116675,    -0.03459528694,    0.002099546805,    -0.03176195373,    -0.03412925732,     -0.0343322291,    -0.03456659199,    -0.03434051893,      0.1606890095,      0.3865144282,     0.02086685085,      0.3205576151,    -0.01817638902,   -0.007238619743,    -0.04574236972,     -0.1643520559,    -0.08234784058,     0.02283914321,     0.02052033329,    0.001136983159,     -0.0191706132,    -0.01297667173,     0.02395473843,     -0.0609454411,      0.1472299265,     -0.0665702775,   7.404346189e-05,      0.3905163774,   -0.001279943284,     -0.3238260917,    -0.01428402783,    -0.01234960084,     0.07181776176,      0.2956949309,     -0.1179910992,     -0.3101410092,      -2.577738991,     -0.1852395374,      -2.125155002,      0.1645301356,     0.04880111025,      0.6921628758,       2.717040265,       1.346392411,      0.2807757649,      0.1399348194,    0.006083405138,      -0.135379182,    -0.08909790535,      0.3891583314,      -1.008336419,       2.371435087,      -1.020307288,    -0.01582472095,    0.007314116675,    -0.03459528694,    0.002099546805,    -0.03176195373,    -0.03412925732,     -0.0343322291,    -0.03456659199,    -0.03434051893,     0.02283914321,     0.02052033329,    0.001136983159,     -0.0191706132,    -0.01297667173,     0.02395473843,     -0.0609454411,      0.1472299265,     -0.0665702775,      0.1606890095,      0.3865144282,     0.02086685085,      0.3205576151,    -0.01817638902,   -0.007238619743,    -0.04574236972,     -0.1643520559,    -0.08234784058,      -10.15430288,       52.84499077,     -0.6031703362,       152.6794327,      0.5722692368,      0.2120942649,       1.332344882,        4.75465027,       2.397978923
          0,           0,         995,       -3.97673138,      -1.641925519,      -1.560221897,      -1.957475521,       1.517138049,       71.11653136,     -0.2100980714,      0.5671369977,     0.05830961459,      0.2875500065,     -0.1779741804,      0.9763478604,     -0.2100980714,     0.05830961459,      0.5671369977,      -2.699391736,    -0.01582367678,    0.007300195506,    -0.03461497088,    0.002106065701,    -0.03177258066,    -0.03412362802,    -0.03431269037,    -0.03456639282,     -0.0342903931,      0.1578195693,      0.3864711484,     0.02086840613,      0.3206643724,    -0.01817443067,   -0.007512617904,    -0.04520699419,     -0.1651020518,    -0.08269040412,     0.02408011389,     0.02051863482,   0.0009848412729,     -0.0191722919,    -0.01300439757,     0.02423141382,    -0.06041727113,      0.1479736502,    -0.06688507881,   7.389355698e-05,         0.3904804,   -0.001163435135,     -0.3239172274,    -0.01431184701,    -0.01267595435,      0.0710331577,      0.2966031478,     -0.1185721286,     -0.2718248573,      -2.577437012,     -0.1852721159,      -2.125866851,      0.1645295774,       0.053501889,       0.683275343,       2.729281695,       1.351838151,      0.3034679824,      0.1399355813,    0.005063723122,     -0.1353859336,    -0.08929392083,      0.3938860918,      -0.999511186,       2.383595358,      -1.025409836,    -0.01582367678,    0.007300195506,    -0.03461497088,    0.002106065701,    -0.03177258066,    -0.03412362802,    -0.03431269037,    -0.03456639282,     -0.0342903931,     0.02408011389,     0.02051863482,   0.0009848412729,     -0.0191722919,    -0.01300439757,     0.02423141382,    -0.06041727113,      0.1479736502,    -0.06688507881,      0.1578195693,      0.3864711484,     0.02086840613,      0.3206643724,    -0.01817443067,   -0.007512617904,    -0.04520699419,     -0.1651020518,    -0.08269040412,      -9.973634543,        52.9398354,     -0.6028722718,       152.2575351,      0.5720161942,      0.2201588266,       1.317500718,       4.776374921,       2.411474371
          0,           0,        1000,      -3.890228664,      -1.546175637,      -1.517784677,      -1.733684023,         1.6040571,       71.11653136,     -0.2099621373,      0.5648036576,       0.064161027,       0.286236335,     -0.1465732874,       1.061789321,     -0.2099621373,       0.064161027,      0.5648036576,      -2.690026235,    -0.01581786707,    0.007297651945,    -0.03462734781,    0.002101092298,     -0.0317736145,    -0.03411835003,    -0.03424964179,    -0.03450705828,    -0.03426700205,      0.1565936998,      0.3863777092,     0.02086444721,      0.3207000142,    -0.01816727847,   -0.008207199285,    -0.04438121178,      -0.166112359,    -0.08286416419,     0.02759580846,     0.02050909045,   0.0009328159943,    -0.01917382714,    -0.01303922132,     0.02495395649,    -0.05960963987,      0.1489806563,    -0.06698861238,   7.290278197e-05,      0.3903961265,   -0.001148994771,     -0.3239450679,    -0.01433860317,     -0.0139539548,     0.06958651809,      0.2983787117,     -0.1188113034,     -0.2580126655,      -2.576810647,     -0.1852590629,      -2.126081409,      0.1644850416,     0.06510947921,      0.6697373373,       2.745741562,       1.354517077,      0.3491853044,      0.1398752738,     0.00475795038,     -0.1354037266,    -0.08952899755,      0.4059333854,     -0.9861558237,       2.400117481,      -1.026991526,    -0.01581786707,    0.007297651945,    -0.03462734781,    0.002101092298,     -0.0317736145,    -0.03411835003,    -0.03424964179,    -0.03450705828,    -0.03426700205,     0.02759580846,     0.02050909045,   0.0009328159943,    -0.01917382714,    -0.01303922132,     0.02495395649,    -0.05960963987,      0.1489806563,    -0.06698861238,      0.1565936998,      0.3863777092,     0.02086444721,      0.3207000142,    -0.01816727847,   -0.008207199285,    -0.04438121178,      -0.166112359,    -0.08286416419,      -9.899798699,        52.9454833,     -0.6025424566,       152.6349007,      0.5717724835,      0.2405508847,       1.295815356,       4.813866129,        2.41819124
          0,           0,        1005,      -3.928119377,      -1.595244012,      -1.536833597,      -1.838712053,        1.56418749,       71.11653136,     -0.2098666014,      0.5654998856,     0.06790032166,      0.2861352218,     -0.1584512388,       1.113939034,     -0.2098666014,     0.06790032166,      0.5654998856,      -2.694568273,    -0.01580893484,    0.007311698385,    -0.03462180011,    0.002085465357,    -0.03176556622,    -0.03411740845,    -0.03419959598,    -0.03445007396,    -0.03430038557,      0.1571336199,      0.3863533875,     0.02085537241,      0.3206365419,    -0.01815983202,   -0.008665556765,    -0.04392128793,     -0.1664077728,     -0.0823245866,     0.02939346941,     0.02049709876,    0.001017596508,    -0.01917250759,    -0.01301764611,     0.02545530548,    -0.05916321548,      0.1492661171,    -0.06637589637,   7.271358207e-05,      0.3903799243,   -0.001227005185,     -0.3238910047,    -0.01431411117,    -0.01488229858,     0.06868730792,      0.2991789614,     -0.1178692658,     -0.2664571546,      -2.576664799,     -0.1851928557,      -2.125636549,      0.1644277097,     0.07261461502,      0.6624007882,        2.75042432,       1.345632688,      0.3705277257,      0.1397802374,    0.005357865808,     -0.1354116413,     -0.0893732766,      0.4141312072,     -0.9789635424,       2.404725047,      -1.016834588,    -0.01580893484,    0.007311698385,    -0.03462180011,    0.002085465357,    -0.03176556622,    -0.03411740845,    -0.03419959598,    -0.03445007396,    -0.03430038557,     0.02939346941,     0.02049709876,    0.001017596508,    -0.01917250759,    -0.01301764611,     0.02545530548,    -0.05916321548,      0.1492661171,    -0.06637589637,      0.1571336199,      0.3863533875,     0.02085537241,      0.3206365419,    -0.01815983202,   -0.008665556765,    -0.04392128793,     -0.1664077728,     -0.0823245866,      -9.939545038,       52.84044379,     -0.6023768939,       153.7481986,      0.5716829316,      0.2539922333,       1.284263357,       4.830403933,        2.40010674
          0,           0,        1010,      -3.888536182,       -1.55714763,      -1.483532245,       -1.83256512,       1.605030866,       71.11653136,     -0.2098662184,      0.5662434613,     0.06872104265,      0.2866886814,     -0.1706660512,       1.122468835,     -0.2098662184,     0.06872104265,      0.5662434613,      -2.698116284,    -0.01580149512,    0.007325038526,    -0.03461087935,    0.002070142013,    -0.03175988689,    -0.03411647202,    -0.03418984092,    -0.03442939739,     -0.0343534272,      0.1574935939,      0.3863804638,     0.02084629047,      0.3205501035,    -0.01815690922,    -0.00882547223,    -0.04406647235,     -0.1661756683,    -0.08180246827,     0.02971016404,     0.02049085908,    0.001124858193,    -0.01916774515,    -0.01297307749,     0.02565744594,    -0.05932344038,      0.1490070298,    -0.06580505134,   7.319333632e-05,      0.3904056284,   -0.001309892901,     -0.3238174073,    -0.01427664453,    -0.01523381919,     0.06893200807,      0.2988833737,     -0.1169677582,      -0.271766157,      -2.576858332,     -0.1851213209,      -2.125053691,      0.1644023306,     0.07509110223,      0.6650516935,       2.746412061,       1.337176262,      0.3728738472,      0.1397238498,    0.006081579044,     -0.1353953716,    -0.08906748109,      0.4172886483,     -0.9818582019,       2.400289893,      -1.007467927,    -0.01580149512,    0.007325038526,    -0.03461087935,    0.002070142013,    -0.03175988689,    -0.03411647202,    -0.03418984092,    -0.03442939739,     -0.0343534272,     0.02971016404,     0.02049085908,    0.001124858193,    -0.01916774515,    -0.01297307749,     0.02565744594,    -0.05932344038,      0.1490070298,    -0.06580505134,      0.1574935939,      0.3863804638,     0.02084629047,      0.3205501035,    -0.01815690922,    -0.00882547223,    -0.04406647235,     -0.1661756683,    -0.08180246827,      -9.967005827,       52.74790876,     -0.6023045604,       154.8444993,      0.5716931324,      0.2586865437,       1.288876203,        4.82656337,       2.381202545
          0,           0,        1015,      -3.627462169,      -1.304952463,      -1.288551978,      -1.407672563,       1.864565255,       71.11653136,     -0.2099587034,      0.5659843769,     0.06665053642,      0.2870892221,     -0.1674714706,       1.086888117,     -0.2099587034,     0.06665053642,      0.5659843769,      -2.695693808,    -0.01578967955,    0.007327286473,    -0.03460270076,    0.002069331158,    -0.03176297861,    -0.03412226909,    -0.03422963295,    -0.03445546429,    -0.03439259581,       0.157443399,      0.3864237798,     0.02084180633,      0.3205126989,    -0.01816049605,   -0.008742370928,    -0.04490714788,     -0.1655779985,    -0.08184929372,     0.02912276503,     0.02049482643,    0.001199765433,    -0.01915790646,    -0.01293152322,      0.0255974956,    -0.06018841753,      0.1483723812,    -0.06585885007,   7.366917886e-05,      0.3904341804,   -0.001366033236,     -0.3237893206,    -0.01424259008,    -0.01511079245,     0.07047301667,      0.2976818903,      -0.117064798,     -0.2719898803,      -2.577143749,     -0.1850841792,      -2.124821041,      0.1644301307,     0.07352972064,      0.6789873224,       2.736441325,        1.33817888,      0.3637024573,      0.1397491253,    0.006565534554,     -0.1353298099,    -0.08879093636,      0.4161179305,     -0.9962711152,       2.389666788,      -1.008521857,    -0.01578967955,    0.007327286473,    -0.03460270076,    0.002069331158,    -0.03176297861,    -0.03412226909,    -0.03422963295,    -0.03445546429,    -0.03439259581,     0.02912276503,     0.02049482643,    0.001199765433,    -0.01915790646,    -0.01293152322,      0.0255974956,    -0.06018841753,      0.1483723812,    -0.06585885007,       0.157443399,      0.3864237798,     0.02084180633,      0.3205126989,    -0.01816049605,   -0.008742370928,    -0.04490714788,     -0.1655779985,    -0.08184929372,      -9.971285263,       52.73763776,     -0.6023173297,       154.8870985,      0.5717504103,      0.2562071973,       1.311937757,       4.805565734,       2.379852168
          0,           0,        1020,      -3.490954481,      -1.176758291,      -1.174302964,      -1.278947455,       2.000607711,       71.11653136,      -0.210157835,       0.565918162,     0.06384367493,      0.2875027583,     -0.1658557725,       1.041453194,      -0.210157835,     0.06384367493,       0.565918162,      -2.692824476,     -0.0157822855,    0.007314532982,    -0.03460848216,    0.002094894189,    -0.03176912433,    -0.03416775615,    -0.03429143651,     -0.0345444844,    -0.03440369312,      0.1576483421,      0.3863998761,     0.02084925959,      0.3206154464,    -0.01816416838,   -0.008198128955,    -0.04551865284,     -0.1652191496,    -0.08249466248,     0.02854186963,     0.02050268754,    0.001159689151,     -0.0191514911,    -0.01290270316,      0.0250720911,    -0.06082737588,      0.1479952037,    -0.06654629605,   7.341282468e-05,      0.3903999506,   -0.001326628592,     -0.3238871456,    -0.01421388132,    -0.01399176796,     0.07141301333,      0.2971620236,     -0.1181262186,     -0.2752837244,      -2.576963147,     -0.1851408616,      -2.125529565,      0.1644616511,      0.0644225392,      0.6886959257,       2.730706899,       1.348774511,      0.3546616067,      0.1398149049,    0.006275065157,     -0.1352602332,    -0.08860192955,      0.4074065267,      -1.006517885,       2.383485325,      -1.019810186,     -0.0157822855,    0.007314532982,    -0.03460848216,    0.002094894189,    -0.03176912433,    -0.03416775615,    -0.03429143651,     -0.0345444844,    -0.03440369312,     0.02854186963,     0.02050268754,    0.001159689151,     -0.0191514911,    -0.01290270316,      0.0250720911,    -0.06082737588,      0.1479952037,    -0.06654629605,      0.1576483421,      0.3863998761,     0.02084925959,      0.3206154464,    -0.01816416838,   -0.008198128955,    -0.04551865284,     -0.1652191496,    -0.08249466248,      -9.988942485,       52.82632221,     -0.6024320711,        153.046129,      0.5717553997,      0.2399375867,       1.327405833,       4.782793908,       2.397843226
          0,           0,        1025,      -3.405550879,       -1.07618362,      -1.086508342,      -1.236643853,       2.088003776,       71.11653136,     -0.2102968906,       0.568363357,     0.06186134604,      0.2869163661,      -0.200255621,       1.017414494,     -0.2102968906,     0.06186134604,       0.568363357,      -2.702671235,    -0.01577632078,    0.007315830616,    -0.03460535818,     0.00210832105,    -0.03175944101,    -0.03420898023,    -0.03434465686,    -0.03461078605,    -0.03441549912,      0.1590726321,      0.3863642186,     0.02085229499,        0.32070429,    -0.01816107635,   -0.007790587117,    -0.04471397978,     -0.1654319956,    -0.08253243979,     0.02612028697,     0.02049808644,    0.001044813745,    -0.01916341351,    -0.01289631087,     0.02466695416,    -0.06002397379,      0.1482339356,    -0.06661903275,   7.334116549e-05,      0.3903701139,   -0.001218934682,     -0.3239698554,    -0.01420596209,     -0.0137966606,     0.07010127404,      0.2977244199,     -0.1181613701,     -0.2936057694,      -2.576727727,     -0.1851554397,       -2.12611613,      0.1644302955,     0.05798278716,      0.6753170896,       2.734418902,       1.349200371,      0.3214424344,      0.1397806579,    0.005501409487,     -0.1353267131,    -0.08856406457,      0.4010704717,     -0.9932271936,       2.387536462,       -1.02079897,    -0.01577632078,    0.007315830616,    -0.03460535818,     0.00210832105,    -0.03175944101,    -0.03420898023,    -0.03434465686,    -0.03461078605,    -0.03441549912,     0.02612028697,     0.02049808644,    0.001044813745,    -0.01916341351,    -0.01289631087,     0.02466695416,    -0.06002397379,      0.1482339356,    -0.06661903275,      0.1590726321,      0.3863642186,     0.02085229499,        0.32070429,    -0.01816107635,   -0.007790587117,    -0.04471397978,     -0.1654319956,    -0.08253243979,      -10.08299934,        52.8120782,     -0.6025741702,       152.1135929,      0.5718323678,      0.2277351462,       1.301919538,       4.779781521,       2.398118345
          0,           0,        1030,      -3.291062012,     -0.9257009807,      -1.071315632,      -1.068371082,       2.205995253,       71.11653136,     -0.2100065221,      0.5668617185,     0.06371974425,      0.2867827421,     -0.1809114254,       1.052985697,     -0.2100065221,     0.06371974425,      0.5668617185,      -2.699257684,    -0.01577706875,    0.007328622746,    -0.03459880368,    0.002108465735,    -0.03175461354,    -0.03413710631,    -0.03429564206,    -0.03452564085,    -0.03435473542,      0.1578298198,      0.3864183766,     0.02085293028,      0.3206790066,    -0.01816899569,   -0.008213158644,    -0.04450040036,     -0.1657260834,    -0.08230977648,     0.02690683949,     0.02049886355,    0.001000839842,    -0.01917044955,    -0.01301735585,     0.02507780956,    -0.05975545469,      0.1485833151,    -0.06640466325,   7.310566657e-05,      0.3904217342,   -0.001178474482,     -0.3239455333,    -0.01432151916,    -0.01433734597,     0.06970163233,      0.2980940421,     -0.1177248993,     -0.2785985029,      -2.577093026,     -0.1851520953,      -2.125936832,      0.1644769767,     0.06502258654,      0.6719050845,       2.739097728,       1.345366655,      0.3377307402,      0.1397722939,    0.005217148512,     -0.1353715182,    -0.08938061857,      0.4078186258,     -0.9888600183,       2.393242685,      -1.017183642,    -0.01577706875,    0.007328622746,    -0.03459880368,    0.002108465735,    -0.03175461354,    -0.03413710631,    -0.03429564206,    -0.03452564085,    -0.03435473542,     0.02690683949,     0.02049886355,    0.001000839842,    -0.01917044955,    -0.01301735585,     0.02507780956,    -0.05975545469,      0.1485833151,    -0.06640466325,      0.1578298198,      0.3864183766,     0.02085293028,      0.3206790066,    -0.01816899569,   -0.008213158644,    -0.04450040036,     -0.1657260834,    -0.08230977648,      -10.00374799,        52.7272845,     -0.6027066853,       152.0911633,      0.5721686918,      0.2405932878,       1.297552624,       4.800087105,       2.395878631
          0,           0,        1035,      -3.232262406,     -0.8294708803,      -0.996384404,       -1.05429031,       2.269530205,       71.11653136,     -0.2098754443,      0.5656827955,     0.06817105714,      0.2877059524,     -0.1601018098,       1.115796717,     -0.2098754443,     0.06817105714,      0.5656827955,      -2.695326256,    -0.01578167123,    0.007326041185,    -0.03460291924,    0.002098555331,    -0.03175907708,    -0.03413721523,    -0.03422582149,    -0.03446486372,    -0.03432847278,      0.1575118618,      0.3863944884,     0.02085692569,      0.3206447708,    -0.01817485133,   -0.008909208631,    -0.04468701229,     -0.1661422679,    -0.08181191099,     0.02996243535,      0.0205054705,   0.0009893485553,    -0.01917241905,    -0.01303246406,     0.02574859332,    -0.05995084628,      0.1489779038,    -0.06585696498,   7.347432159e-05,      0.3904027215,   -0.001163463671,     -0.3239159928,    -0.01433933785,    -0.01529976349,     0.07013802648,      0.2987524873,     -0.1169421993,       -0.27144824,       -2.57693073,     -0.1851824388,      -2.125710492,      0.1645205534,     0.07628620301,      0.6751414008,       2.745813538,       1.337408396,      0.3779244726,      0.1398174931,    0.005145318817,     -0.1353941075,    -0.08946716439,      0.4186519777,     -0.9921232306,       2.399702079,      -1.008460121,    -0.01578167123,    0.007326041185,    -0.03460291924,    0.002098555331,    -0.03175907708,    -0.03413721523,    -0.03422582149,    -0.03446486372,    -0.03432847278,     0.02996243535,      0.0205054705,   0.0009893485553,    -0.01917241905,    -0.01303246406,     0.02574859332,    -0.05995084628,      0.1489779038,    -0.06585696498,      0.1575118618,      0.3863944884,     0.02085692569,      0.3206447708,    -0.01817485133,   -0.008909208631,    -0.04468701229,     -0.1661422679,    -0.08181191099,      -9.980683258,        52.7426039,     -0.6027504658,       152.7930982,       0.572272654,      0.2609822908,          1.305652,       4.820627445,       2.383208584
          0,           0,        1040,      -3.148263971,     -0.7444412625,     -0.7489991549,     -0.9108490734,       2.357122571,       71.11653136,      -0.209973955,      0.5652167201,     0.06514782618,      0.2871891457,     -0.1525212544,       1.065010678,      -0.209973955,     0.06514782618,      0.5652167201,      -2.691842043,    -0.01574974056,    0.007318095981,    -0.03460958733,    0.002098666579,    -0.03176817655,    -0.03413756408,    -0.03425276194,    -0.03451249434,    -0.03436039279,       0.158029433,      0.3864172981,     0.02085416065,      0.3206850157,    -0.01816387893,   -0.008473140711,    -0.04511319482,     -0.1661392747,    -0.08287969818,     0.02900043914,     0.02049900043,   0.0009678227278,    -0.01916285492,    -0.01305375593,     0.02536922733,    -0.06045049727,       0.148919812,    -0.06694136729,   7.325349022e-05,      0.3904194952,    -0.00113759504,     -0.3239513838,    -0.01436699204,    -0.01471726454,     0.07088283398,      0.2987796256,     -0.1187928271,     -0.2801505341,      -2.577083641,     -0.1851722638,      -2.125981058,      0.1644578632,     0.06888747648,      0.6819940278,       2.745639704,       1.354887171,      0.3608306301,      0.1397829442,    0.004995412503,      -0.135331894,    -0.08961793228,      0.4121790772,      -1.000213377,       2.398555077,      -1.026169259,    -0.01574974056,    0.007318095981,    -0.03460958733,    0.002098666579,    -0.03176817655,    -0.03413756408,    -0.03425276194,    -0.03451249434,    -0.03436039279,     0.02900043914,     0.02049900043,   0.0009678227278,    -0.01916285492,    -0.01305375593,     0.02536922733,    -0.06045049727,       0.148919812,    -0.06694136729,       0.158029433,      0.3864172981,     0.02085416065,      0.3206850157,    -0.01816387893,   -0.008473140711,    -0.04511319482,     -0.1661392747,    -0.08287969818,      -10.03378007,       52.80298306,      -0.602554444,       152.8041753,      0.5717633461,      0.2482057798,       1.317067362,       4.813887779,       2.412070743
          0,           0,        1045,      -2.975858001,     -0.5266870319,      -0.590647741,     -0.8193284224,        2.53674916,       71.11653136,     -0.2100881849,      0.5707710982,     0.06234659279,      0.2867355933,     -0.2297139097,       1.029052852,     -0.2100881849,     0.06234659279,      0.5707710982,      -2.716816742,    -0.01574134032,    0.007334646036,    -0.03461591035,    0.002108959182,    -0.03177251991,    -0.03419567518,    -0.03430062458,    -0.03453499809,    -0.03437072173,      0.1609736764,      0.3865889643,     0.02084285284,      0.3208798199,    -0.01814255478,   -0.007838742859,    -0.04464454033,     -0.1654070067,    -0.08248137052,     0.02680752074,     0.02047756853,   0.0009679044295,    -0.01915055543,    -0.01310949258,     0.02468546118,    -0.05997954229,      0.1482293565,    -0.06658162831,   7.319182622e-05,      0.3905805793,   -0.001140168989,     -0.3241531667,    -0.01442046985,    -0.01367043537,     0.07007185973,      0.2976086181,     -0.1182144148,     -0.3183809649,      -2.578219925,     -0.1851064875,      -2.127294784,      0.1643231107,     0.05863815452,      0.6742792877,       2.733742083,       1.348305616,      0.3338623134,       0.139628268,    0.004995510966,     -0.1352409008,    -0.08998461073,      0.4012228687,     -0.9925393731,       2.387306806,      -1.020198031,    -0.01574134032,    0.007334646036,    -0.03461591035,    0.002108959182,    -0.03177251991,    -0.03419567518,    -0.03430062458,    -0.03453499809,    -0.03437072173,     0.02680752074,     0.02047756853,   0.0009679044295,    -0.01915055543,    -0.01310949258,     0.02468546118,    -0.05997954229,      0.1482293565,    -0.06658162831,      0.1609736764,      0.3865889643,     0.02084285284,      0.3208798199,    -0.01814255478,   -0.007838742859,    -0.04464454033,     -0.1654070067,    -0.08248137052,      -10.22617345,       52.70724209,     -0.6021177149,       152.1507967,      0.5710140345,      0.2292319955,       1.301566396,       4.789547297,       2.399756723
          0,           0,        1050,       -2.90571019,     -0.4841934988,     -0.5381193721,     -0.6907906464,       2.602712489,       71.11653136,     -0.2099658201,      0.5658212719,     0.06424176546,      0.2870748521,     -0.1486208103,       1.049626598,     -0.2099658201,     0.06424176546,      0.5658212719,      -2.694825623,    -0.01573184425,    0.007339890366,    -0.03460289003,    0.002133258118,    -0.03175684416,    -0.03416448112,    -0.03430001649,    -0.03452925253,    -0.03435363997,      0.1587227951,      0.3865885725,     0.02083719836,      0.3209575147,    -0.01813794462,   -0.008502363347,    -0.04517648418,     -0.1663453228,    -0.08312269372,     0.02811845558,     0.02047719625,    0.001030576465,    -0.01914602368,    -0.01305650761,     0.02530609232,    -0.06045637737,      0.1491917218,    -0.06722336832,   7.314719025e-05,      0.3905620197,   -0.001201896947,     -0.3242431752,    -0.01436110419,    -0.01462660426,     0.07095357616,      0.2991777791,     -0.1192588895,      -0.282749814,       -2.57820033,      -0.185053866,      -2.127811361,      0.1642775052,     0.06960170067,      0.6831275079,        2.74925493,       1.358932917,      0.3461129096,        0.13962226,    0.005416480561,     -0.1351854749,    -0.08962989185,      0.4114257161,      -1.000497075,       2.403222905,      -1.030861232,    -0.01573184425,    0.007339890366,    -0.03460289003,    0.002133258118,    -0.03175684416,    -0.03416448112,    -0.03430001649,    -0.03452925253,    -0.03435363997,     0.02811845558,     0.02047719625,    0.001030576465,    -0.01914602368,    -0.01305650761,     0.02530609232,    -0.06045637737,      0.1491917218,    -0.06722336832,      0.1587227951,      0.3865885725,     0.02083719836,      0.3209575147,    -0.01813794462,   -0.008502363347,    -0.04517648418,     -0.1663453228,    -0.08312269372,      -10.08926814,       52.66952954,     -0.6021808683,       150.4541396,      0.5711507266,      0.2488655781,       1.317098031,       4.817518787,       2.419618235
          0,           0,        1055,      -2.814231724,     -0.3866771912,     -0.4965812986,     -0.6170028732,       2.692019251,       71.11653136,      -0.209799424,      0.5706387717,     0.06143854582,      0.2864510128,     -0.2326505021,       1.027640039,      -0.209799424,     0.06143854582,      0.5706387717,      -2.719925349,    -0.01574226911,    0.007338804629,    -0.03459926275,    0.002129472816,    -0.03175179896,    -0.03409418566,    -0.03424500295,    -0.03450428213,    -0.03433089992,      0.1602897637,      0.3865178243,     0.02084295274,      0.3208891014,    -0.01814513749,    -0.00792264292,    -0.04462201719,     -0.1650848671,     -0.0821262058,     0.02588338007,     0.02047696988,   0.0008787418938,    -0.01915776993,    -0.01321019333,      0.0248333738,    -0.05995874264,       0.147940677,    -0.06624789093,    7.31082479e-05,      0.3904887293,   -0.001057143172,     -0.3241739502,    -0.01450567183,     -0.0137515409,      0.0699883807,      0.2969728688,     -0.1175837681,     -0.3113589267,      -2.577721152,     -0.1850881919,      -2.127360055,      0.1643175365,     0.06001995414,      0.6737811638,       2.728423874,       1.342335295,      0.3300898372,       0.139625654,    0.004397208779,     -0.1352642416,    -0.09065115039,      0.4034898213,     -0.9919865837,       2.382587269,      -1.014647775,    -0.01574226911,    0.007338804629,    -0.03459926275,    0.002129472816,    -0.03175179896,    -0.03409418566,    -0.03424500295,    -0.03450428213,    -0.03433089992,     0.02588338007,     0.02047696988,   0.0008787418938,    -0.01915776993,    -0.01321019333,      0.0248333738,    -0.05995874264,       0.147940677,    -0.06624789093,      0.1602897637,      0.3865178243,     0.02084295274,      0.3208891014,    -0.01814513749,    -0.00792264292,    -0.04462201719,     -0.1650848671,     -0.0821262058,      -10.18212576,       52.66768143,     -0.6024103142,       150.6894566,      0.5714680138,      0.2323751915,       1.303022729,       4.784474763,       2.392194961
          0,           0,        1060,      -2.822427444,     -0.4143750575,     -0.4723596226,     -0.6162959442,       2.683483869,       71.11653136,     -0.2099109177,      0.5771366823,      0.0657442527,      0.2867852448,     -0.3350578353,       1.095381496,     -0.2099109177,      0.0657442527,      0.5771366823,      -2.749436231,    -0.01575794055,      0.0073296768,     -0.0346022117,    0.002115092546,    -0.03175134206,    -0.03414791464,    -0.03427801544,    -0.03449951477,    -0.03431874787,      0.1630512789,      0.3864005353,      0.0208435805,      0.3207860816,    -0.01814565318,   -0.007356129088,    -0.04310090476,     -0.1647019616,    -0.08064014549,     0.02824724759,      0.0204775655,   0.0008044060615,    -0.01915896364,    -0.01328543404,     0.02428291069,    -0.05845181529,      0.1475460489,    -0.06471771304,   7.311369813e-05,      0.3903722365,  -0.0009818536857,     -0.3240669192,    -0.01458917931,    -0.01272321945,     0.06747970731,      0.2962876514,     -0.1150662924,     -0.3512953819,      -2.576941168,     -0.1850953148,      -2.126666941,      0.1643197192,      0.0508330077,      0.6490938637,       2.722400404,       1.318293975,      0.3647376489,      0.1396397778,    0.003911740578,     -0.1352867639,    -0.09115201347,       0.394636706,     -0.9675757857,       2.376380136,     -0.9899099501,    -0.01575794055,      0.0073296768,     -0.0346022117,    0.002115092546,    -0.03175134206,    -0.03414791464,    -0.03427801544,    -0.03449951477,    -0.03431874787,     0.02824724759,      0.0204775655,   0.0008044060615,    -0.01915896364,    -0.01328543404,     0.02428291069,    -0.05845181529,      0.1475460489,    -0.06471771304,      0.1630512789,      0.3864005353,      0.0208435805,      0.3207860816,    -0.01814565318,   -0.007356129088,    -0.04310090476,     -0.1647019616,    -0.08064014549,      -10.34724547,       52.71726787,     -0.6023771163,       151.6652698,       0.571492479,        0.21541957,       1.257392069,       4.774037045,       2.349740317
          0,           0,        1065,      -4.085399559,      -1.544169064,      -1.697606974,      -1.722752886,        1.42371318,       71.11653136,     -0.2097470342,      0.5772882438,     0.06571905373,      0.2864543202,     -0.3244186017,       1.094639504,     -0.2097470342,     0.06571905373,      0.5772882438,      -2.752307063,    -0.01554930551,    0.007335911559,    -0.03460422272,    0.002101577561,    -0.03175746797,    -0.03416256607,    -0.03429167537,    -0.03449507298,    -0.03432421271,      0.1633924655,      0.3864604055,     0.02084764966,      0.3207128722,    -0.01815098869,   -0.007422766314,    -0.04306677819,     -0.1647401835,    -0.08074443234,     0.02836465788,     0.02047950317,   0.0007399235362,     -0.0191658969,    -0.01337253606,     0.02434535869,    -0.05841944377,      0.1475711304,    -0.06482364319,   7.316107819e-05,      0.3904458448,  -0.0009258817155,     -0.3239894467,    -0.01467536851,     -0.0127619963,     0.06730149932,      0.2962797432,      -0.115293235,     -0.3438826814,      -2.577353064,     -0.1851256758,      -2.126174629,      0.1643605854,     0.05195169827,      0.6486084923,       2.723061538,       1.320135134,      0.3649483127,      0.1396502705,    0.003486225223,     -0.1353488955,    -0.09173473904,       0.395715873,     -0.9671417743,       2.376835912,     -0.9917716804,    -0.01554930551,    0.007335911559,    -0.03460422272,    0.002101577561,    -0.03175746797,    -0.03416256607,    -0.03429167537,    -0.03449507298,    -0.03432421271,     0.02836465788,     0.02047950317,   0.0007399235362,     -0.0191658969,    -0.01337253606,     0.02434535869,    -0.05841944377,      0.1475711304,    -0.06482364319,      0.1633924655,      0.3864604055,     0.02084764966,      0.3207128722,    -0.01815098869,   -0.007422766314,    -0.04306677819,     -0.1647401835,    -0.08074443234,      -10.50802336,       52.68062494,     -0.6024597008,       152.6057749,      0.5715502479,      0.2172777741,       1.255896007,       4.775759821,       2.352404497
          0,           0,        1070,      -4.566654971,      -2.081744727,      -2.142216218,      -2.223205295,      0.9146253636,       71.11653136,     -0.2099204665,      0.5733234259,      0.0660555694,      0.2840153442,     -0.2849093248,       1.100779301,     -0.2099204665,      0.0660555694,      0.5733234259,      -2.731145921,    -0.01570534665,     0.00734160924,    -0.03458958688,    0.002095171413,     -0.0317576915,     -0.0341855141,    -0.03429683819,    -0.03449400754,    -0.03432826234,      0.1601938112,      0.3868297803,     0.02083642534,      0.3204799294,    -0.01815372617,   -0.008070748996,    -0.04288699991,     -0.1648597142,    -0.08104533111,      0.0283421356,     0.02052094543,   0.0007732616358,    -0.01915446926,    -0.01373165544,     0.02498906982,    -0.05819963277,      0.1476518428,    -0.06513592846,   7.343280704e-05,      0.3908395454,   -0.000947083928,     -0.3237651082,    -0.01505656934,    -0.01412127278,     0.06650112846,      0.2962946465,     -0.1158033746,     -0.3183242227,       -2.57986689,     -0.1850365061,       -2.12460939,      0.1643844989,     0.06268621687,      0.6456503591,       2.725030907,       1.325175701,      0.3625328154,      0.1399325456,    0.003700010284,     -0.1352761985,    -0.09417873007,      0.4064282152,     -0.9635189695,       2.378163557,     -0.9970039444,    -0.01570534665,     0.00734160924,    -0.03458958688,    0.002095171413,     -0.0317576915,     -0.0341855141,    -0.03429683819,    -0.03449400754,    -0.03432826234,      0.0283421356,     0.02052094543,   0.0007732616358,    -0.01915446926,    -0.01373165544,     0.02498906982,    -0.05819963277,      0.1476518428,    -0.06513592846,      0.1601938112,      0.3868297803,     0.02083642534,      0.3204799294,    -0.01815372617,   -0.008070748996,    -0.04288699991,     -0.1648597142,    -0.08104533111,      -10.19995386,       52.69005305,     -0.6023901185,        152.961198,       0.571632424,      0.2360868107,       1.250465121,       4.779372591,       2.360892326
          0,           0,        1075,      -3.885075289,      -1.533558371,      -1.479575542,      -1.800815765,       1.609992423,       71.11653136,     -0.2100959007,      0.5695507253,     0.07105047968,      0.2814325343,     -0.2183760265,       1.175490314,     -0.2100959007,     0.07105047968,      0.5695507253,      -2.710908321,    -0.01591029815,     0.00735181214,    -0.03460631366,    0.002086671694,    -0.03175455594,    -0.03419140883,    -0.03428384034,    -0.03448603268,    -0.03430193489,      0.1587865262,      0.3865484582,     0.02084040269,      0.3204972361,    -0.01815621702,   -0.009918728012,    -0.04243093556,     -0.1658529275,    -0.08076308973,     0.02970989493,     0.02050892992,   0.0008857497022,    -0.01915196924,    -0.01383642823,     0.02676638129,    -0.05762929624,      0.1486000989,    -0.06480288138,    7.21878357e-05,      0.3905216268,   -0.001012688523,     -0.3238080458,    -0.01515186418,    -0.01783679537,     0.06522722947,      0.2982166523,     -0.1147957682,      -0.288152163,      -2.577976806,     -0.1850740051,      -2.124744891,      0.1643924239,     0.09326287201,      0.6381478326,       2.741382727,       1.320385984,      0.3772914189,      0.1398116862,     0.00445669327,     -0.1352604988,    -0.09488489774,       0.435824312,     -0.9541002233,       2.393791346,     -0.9914395224,    -0.01591029815,     0.00735181214,    -0.03460631366,    0.002086671694,    -0.03175455594,    -0.03419140883,    -0.03428384034,    -0.03448603268,    -0.03430193489,     0.02970989493,     0.02050892992,   0.0008857497022,    -0.01915196924,    -0.01383642823,     0.02676638129,    -0.05762929624,      0.1486000989,    -0.06480288138,      0.1587865262,      0.3865484582,     0.02084040269,      0.3204972361,    -0.01815621702,   -0.009918728012,    -0.04243093556,     -0.1658529275,    -0.08076308973,      -9.980110031,       52.57866371,     -0.6022138876,       153.5925546,      0.5717673097,      0.2900941596,       1.237636599,       4.809278269,       2.354476212
          0,           0,        1080,      -3.686083289,      -1.340034971,      -1.384826547,      -1.398068104,       1.806691401,       71.11653136,     -0.2100009796,      0.5629095674,     0.07193884817,      0.2904507757,     -0.1299959002,       1.172139498,     -0.2100009796,     0.07193884817,      0.5629095674,      -2.680509245,    -0.01582115957,    0.007280117912,    -0.03460136517,     0.00208721418,     -0.0317426364,    -0.03419252637,    -0.03425689337,    -0.03443409147,    -0.03431963938,       0.154958432,      0.3859920963,      0.0208634183,      0.3204076256,    -0.01816819186,   -0.008272631674,    -0.04337857881,     -0.1676361813,    -0.08185642118,     0.03176954511,     0.02050348661,   0.0007737377192,    -0.01918307819,    -0.01287177559,      0.0250084045,    -0.05863950025,      0.1504309216,    -0.06585289335,   7.267362629e-05,       0.389994738,  -0.0009567195311,     -0.3236205704,    -0.01414803683,    -0.01305324532,     0.06815702027,      0.3012265283,     -0.1172216124,     -0.2398046115,      -2.574167406,     -0.1852256154,      -2.124107494,      0.1644563182,     0.06543030982,      0.6541981648,       2.770537164,        1.33868727,      0.4024613616,      0.1398642279,      0.0037046047,     -0.1354844392,    -0.08825787335,      0.4061665599,      -0.971196435,       2.423832866,      -1.008951375,    -0.01582115957,    0.007280117912,    -0.03460136517,     0.00208721418,     -0.0317426364,    -0.03419252637,    -0.03425689337,    -0.03443409147,    -0.03431963938,     0.03176954511,     0.02050348661,   0.0007737377192,    -0.01918307819,    -0.01287177559,      0.0250084045,    -0.05863950025,      0.1504309216,    -0.06585289335,       0.154958432,      0.3859920963,      0.0208634183,      0.3204076256,    -0.01816819186,   -0.008272631674,    -0.04337857881,     -0.1676361813,    -0.08185642118,      -9.794378935,        53.0200336,     -0.6029651776,       153.5097014,      0.5723592592,      0.2419426861,        1.26627299,       4.868320148,       2.385118919
          0,           0,        1085,      -3.498057326,      -1.131139841,      -1.248956325,      -1.238734561,       1.998374735,       71.11653136,     -0.2101558818,      0.5627078089,     0.05984828285,      0.2850427512,     -0.1026229573,      0.9687005137,     -0.2101558818,     0.05984828285,      0.5627078089,      -2.677573448,    -0.01583831857,    0.007322526492,     -0.0345852845,    0.002088081307,    -0.03174317716,    -0.03419455847,    -0.03427336743,    -0.03450910058,    -0.03442268285,      0.1576951339,      0.3861299021,     0.02085768417,      0.3204897037,    -0.01816763127,   -0.007829549522,    -0.04551019592,     -0.1663343937,    -0.08462284464,      0.0266456969,     0.02051149799,    0.001009550344,    -0.01916416475,    -0.01323924754,     0.02451564536,    -0.06077599602,      0.1491320414,    -0.06878674082,   7.423672312e-05,      0.3900920529,   -0.001196033569,     -0.3237949547,    -0.01458524854,    -0.01381463594,     0.07098106842,      0.2987995567,     -0.1215132908,     -0.2626337071,      -2.575147212,     -0.1851652617,      -2.124712397,      0.1644528536,     0.05856438441,      0.6891710208,       2.748771313,        1.38407605,      0.3124276915,       0.139860408,    0.005315605625,     -0.1353467409,     -0.0908929409,      0.3985539094,      -1.006300149,       2.401930732,      -1.056848003,    -0.01583831857,    0.007322526492,     -0.0345852845,    0.002088081307,    -0.03174317716,    -0.03419455847,    -0.03427336743,    -0.03450910058,    -0.03442268285,      0.0266456969,     0.02051149799,    0.001009550344,    -0.01916416475,    -0.01323924754,     0.02451564536,    -0.06077599602,      0.1491320414,    -0.06878674082,      0.1576951339,      0.3861299021,     0.02085768417,      0.3204897037,    -0.01816763127,   -0.007829549522,    -0.04551019592,     -0.1663343937,    -0.08462284464,      -9.956557774,        52.7317863,     -0.6030797338,       153.4852607,      0.5723318488,      0.2289706278,       1.327858898,       4.820015326,       2.458345418
          0,           0,        1090,      -3.344617299,     -0.9613538016,      -1.162346747,      -1.103353061,       2.154368551,       71.11653136,      -0.210456694,      0.5654374794,     0.05640631037,      0.2879297658,     -0.1559728774,      0.9381957597,      -0.210456694,     0.05640631037,      0.5654374794,      -2.686716534,    -0.01581635754,     0.00731386665,     -0.0346096287,    0.002075748165,     -0.0317689245,    -0.03418994379,    -0.03435789763,    -0.03464666993,    -0.03445688667,      0.1576888317,      0.3865389374,     0.02086090925,      0.3204270699,    -0.01816943285,   -0.007539562539,    -0.04560784212,     -0.1653423038,    -0.08341912753,      0.0231990473,     0.02051365041,    0.001085810764,    -0.01916875805,    -0.01317162865,     0.02418576729,    -0.06085457797,      0.1481988787,    -0.06758187937,    7.28098792e-05,      0.3904886494,   -0.001233408593,     -0.3236557585,    -0.01446639022,    -0.01239638861,      0.0711319235,      0.2978654106,     -0.1198770817,     -0.2727433986,      -2.577883742,     -0.1852161827,      -2.124228239,      0.1644887394,      0.0535195646,       0.689816549,       2.732738854,       1.363534978,      0.2818850265,      0.1398964217,    0.005768524728,       -0.13539324,    -0.09038869114,       0.392803219,      -1.006733864,       2.386681389,      -1.036323026,    -0.01581635754,     0.00731386665,     -0.0346096287,    0.002075748165,     -0.0317689245,    -0.03418994379,    -0.03435789763,    -0.03464666993,    -0.03445688667,      0.0231990473,     0.02051365041,    0.001085810764,    -0.01916875805,    -0.01317162865,     0.02418576729,    -0.06085457797,      0.1481988787,    -0.06758187937,      0.1576888317,      0.3865389374,     0.02086090925,      0.3204270699,    -0.01816943285,   -0.007539562539,    -0.04560784212,     -0.1653423038,    -0.08341912753,      -9.969984005,       52.85014834,     -0.6027487158,       154.3670255,      0.5719247075,      0.2205198869,       1.327434018,       4.772242299,        2.42097112
          0,           0,        1095,       -3.27364806,     -0.8584109643,      -1.070224066,      -1.036236792,       2.228855789,       71.11653136,     -0.2098652682,      0.5681189438,     0.06395750874,      0.2856876035,     -0.1987442044,       1.043014787,     -0.2098652682,     0.06395750874,      0.5681189438,      -2.707065102,    -0.01581910295,    0.007313314137,    -0.03460414514,    0.002086325669,    -0.03175613082,    -0.03411435149,    -0.03424481585,    -0.03443465675,    -0.03429170505,      0.1590013169,      0.3862915691,     0.02084973582,      0.3205338713,    -0.01816571841,   -0.007711232789,    -0.04441197589,     -0.1653907163,    -0.08287790609,     0.02851295935,     0.02050000559,    0.001098870014,    -0.01916640688,      -0.012996661,     0.02444317909,    -0.05965832154,      0.1482843096,    -0.06706042551,   7.287652676e-05,      0.3903275342,   -0.001291362933,     -0.3237989331,    -0.01431233682,    -0.01329450963,      0.0695829939,      0.2975372854,     -0.1191359441,     -0.2928105937,      -2.576256739,     -0.1851372156,      -2.124968912,      0.1644561332,     0.05695650411,      0.6705464979,       2.733623284,       1.354846836,      0.3513960523,      0.1397951101,    0.005881202799,     -0.1353689981,    -0.08924282821,      0.3975261315,     -0.9872882623,       2.388508078,      -1.028191699,    -0.01581910295,    0.007313314137,    -0.03460414514,    0.002086325669,    -0.03175613082,    -0.03411435149,    -0.03424481585,    -0.03443465675,    -0.03429170505,     0.02851295935,     0.02050000559,    0.001098870014,    -0.01916640688,      -0.012996661,     0.02444317909,    -0.05965832154,      0.1482843096,    -0.06706042551,      0.1590013169,      0.3862915691,     0.02084973582,      0.3205338713,    -0.01816571841,   -0.007711232789,    -0.04441197589,     -0.1653907163,    -0.08287790609,      -10.05122208,       52.82031674,     -0.6025213377,       153.6355882,      0.5720381527,      0.2260407263,       1.296896327,        4.80303078,       2.416849963
          0,           0,        1100,      -3.186572258,     -0.7725754358,     -0.8557775788,     -0.9495402658,       2.317149586,       71.11653136,     -0.2099922184,      0.5667872009,     0.06212741181,       0.286916556,     -0.1700154948,       1.011718903,     -0.2099922184,     0.06212741181,      0.5667872009,      -2.699086686,    -0.01576912222,    0.007341139226,    -0.03460447802,    0.002094134816,    -0.03176501743,    -0.03414366577,    -0.03425865239,    -0.03452588178,    -0.03436067479,       0.158783251,      0.3865689293,     0.02085930174,      0.3206472489,    -0.01816421091,   -0.008156036824,    -0.04575852198,     -0.1650673862,    -0.08292537416,     0.02778786725,     0.02050222841,    0.001212563386,    -0.01916561599,    -0.01295502755,     0.02495282421,    -0.06106421096,      0.1478693966,    -0.06701261354,   7.322508632e-05,      0.3905684152,   -0.001385876671,     -0.3239091827,    -0.01425984637,    -0.01391541468,     0.07199705125,      0.2968438602,     -0.1190956754,     -0.2858369724,      -2.578105432,     -0.1852001714,      -2.125732309,        0.16445597,     0.06390004289,      0.6926442842,       2.728254403,        1.35560469,      0.3402012408,       0.139780593,    0.006635948396,     -0.1353560689,    -0.08895124056,      0.4055704004,      -1.010359434,       2.381496103,      -1.027298639,    -0.01576912222,    0.007341139226,    -0.03460447802,    0.002094134816,    -0.03176501743,    -0.03414366577,    -0.03425865239,    -0.03452588178,    -0.03436067479,     0.02778786725,     0.02050222841,    0.001212563386,    -0.01916561599,    -0.01295502755,     0.02495282421,    -0.06106421096,      0.1478693966,    -0.06701261354,       0.158783251,      0.3865689293,     0.02085930174,      0.3206472489,    -0.01816421091,   -0.008156036824,    -0.04575852198,     -0.1650673862,    -0.08292537416,      -10.06925108,       52.65789375,     -0.6027919777,       153.1168129,       0.571830661,      0.2388740822,       1.335677815,       4.780975249,       2.413380257
          0,           0,        1105,      -3.009628675,     -0.5695675249,     -0.6073497565,     -0.8315145382,       2.500771025,       71.11653136,     -0.2101420288,      0.5694921124,       0.059150288,      0.2862980304,     -0.2037286628,      0.9717400391,     -0.2101420288,       0.059150288,      0.5694921124,      -2.710034331,    -0.01583354276,    0.007360163176,    -0.03460703623,    0.002108212111,    -0.03176520696,    -0.03417214455,    -0.03430609969,    -0.03454328225,     -0.0343830916,      0.1598457188,       0.386788428,     0.02085660809,      0.3207936367,    -0.01815209161,   -0.007296929274,    -0.04529380157,     -0.1647860495,    -0.08326340729,     0.02597845753,     0.02049932272,    0.001237896509,    -0.01916170915,    -0.01308674242,     0.02406788866,    -0.06059522462,      0.1476100569,    -0.06739965818,    7.31394834e-05,      0.3907900597,    -0.00141821665,     -0.3240632779,    -0.01439959795,    -0.01248786204,     0.07108311983,       0.296405705,      -0.119685039,     -0.2962952238,      -2.579562423,     -0.1851861791,      -2.126711481,       0.164375816,     0.04985779457,      0.6848069508,        2.72379244,       1.361193643,      0.3180033466,      0.1397463063,    0.006803967846,     -0.1353141935,    -0.08984140029,      0.3911535076,      -1.002529694,       2.377373787,      -1.033655588,    -0.01583354276,    0.007360163176,    -0.03460703623,    0.002108212111,    -0.03176520696,    -0.03417214455,    -0.03430609969,    -0.03454328225,     -0.0343830916,     0.02597845753,     0.02049932272,    0.001237896509,    -0.01916170915,    -0.01308674242,     0.02406788866,    -0.06059522462,      0.1476100569,    -0.06739965818,      0.1598457188,       0.386788428,     0.02085660809,      0.3207936367,    -0.01815209161,   -0.007296929274,    -0.04529380157,     -0.1647860495,    -0.08326340729,      -10.09538555,       52.55161044,     -0.6026695831,       152.1638335,      0.5714457216,      0.2135344261,       1.320284205,       4.770422461,       2.421638178
          0,           0,        1110,      -2.963775718,     -0.5236513253,      -0.574373978,     -0.7921408398,       2.547428737,       71.11653136,     -0.2099421891,      0.5737463555,     0.06262413227,      0.2862250839,       -0.26694577,       1.012558886,     -0.2099421891,     0.06262413227,      0.5737463555,      -2.732877836,    -0.01580495721,    0.007362271974,    -0.03460988192,    0.002138515378,    -0.03176877403,    -0.03414754881,    -0.03427777779,    -0.03450567488,    -0.03432836187,      0.1619963661,      0.3869465507,     0.02085267241,      0.3211212739,    -0.01813946205,    -0.00716868906,    -0.04487499363,     -0.1644075046,    -0.08257985835,     0.02845655221,     0.02050152818,    0.001358065297,    -0.01915110958,    -0.01286804124,     0.02388429282,    -0.06011500615,      0.1473219147,    -0.06676406397,   7.316025484e-05,      0.3909333215,   -0.001532112077,     -0.3243962061,    -0.01418532886,    -0.01223434601,     0.07034591812,      0.2958317621,      -0.118611085,      -0.330149319,      -2.580606162,     -0.1851634181,      -2.128906395,      0.1642990995,     0.04788878933,      0.6781048596,        2.71759903,       1.349987746,      0.3459384408,      0.1397638365,    0.007603706855,     -0.1352154597,    -0.08837432341,      0.3882458269,     -0.9947887049,       2.372699666,      -1.023314103,    -0.01580495721,    0.007362271974,    -0.03460988192,    0.002138515378,    -0.03176877403,    -0.03414754881,    -0.03427777779,    -0.03450567488,    -0.03432836187,     0.02845655221,     0.02050152818,    0.001358065297,    -0.01915110958,    -0.01286804124,     0.02388429282,    -0.06011500615,      0.1473219147,    -0.06676406397,      0.1619963661,      0.3869465507,     0.02085267241,      0.3211212739,    -0.01813946205,    -0.00716868906,    -0.04487499363,     -0.1644075046,    -0.08257985835,      -10.24971874,       52.55803536,     -0.6025063148,       150.1608439,       0.570984012,      0.2099327568,       1.309157026,       4.764651181,       2.405586922
          0,           0,        1115,      -2.957320667,     -0.5103944916,     -0.5889908239,     -0.7852948486,       2.552371973,       71.11653136,     -0.2097905158,      0.5730131303,     0.06387086691,      0.2859383775,     -0.2447125522,       1.045959795,     -0.2097905158,     0.06387086691,      0.5730131303,      -2.731358604,    -0.01578445638,    0.007376368654,    -0.03460531416,    0.002147900878,    -0.03175533982,    -0.03410373438,    -0.03426360121,    -0.03449406568,    -0.03430827368,      0.1617322702,      0.3869975122,     0.02085050781,      0.3211191961,    -0.01813890975,   -0.007692742775,    -0.04425855101,      -0.165221447,    -0.08237470546,     0.02755382842,        0.02049268,    0.001361110252,    -0.01915625632,    -0.01290743467,     0.02442588311,     -0.0594797467,      0.1481064503,    -0.06652564749,    7.32128011e-05,      0.3909882319,   -0.001544210292,     -0.3244066186,    -0.01420783443,     -0.0132121254,     0.06913721992,       0.297257959,     -0.1181474574,     -0.3164761622,      -2.580943383,     -0.1851443126,      -2.128891864,      0.1642799748,     0.05658230269,      0.6680952949,       2.731051759,       1.346733838,      0.3436685003,      0.1396931326,    0.007622017982,     -0.1352366107,    -0.08864165772,      0.3971515425,     -0.9844492941,       2.385694579,      -1.019542415,    -0.01578445638,    0.007376368654,    -0.03460531416,    0.002147900878,    -0.03175533982,    -0.03410373438,    -0.03426360121,    -0.03449406568,    -0.03430827368,     0.02755382842,        0.02049268,    0.001361110252,    -0.01915625632,    -0.01290743467,     0.02442588311,     -0.0594797467,      0.1481064503,    -0.06652564749,      0.1617322702,      0.3869975122,     0.02085050781,      0.3211191961,    -0.01813890975,   -0.007692742775,    -0.04425855101,      -0.165221447,    -0.08237470546,      -10.24629967,       52.46450256,     -0.6025232921,       149.5037315,      0.5712081764,      0.2255689271,        1.29170751,       4.789851348,        2.40101575
          0,           0,        1120,      -2.951732711,     -0.5068370946,     -0.5892403595,     -0.7778451845,       2.558128309,       71.11653136,     -0.2098705495,      0.5711895817,     0.06519492077,      0.2856408422,     -0.2285192197,       1.056981866,     -0.2098705495,     0.06519492077,      0.5711895817,      -2.721628084,     -0.0157816015,    0.007377009647,    -0.03460224436,    0.002149552288,    -0.03175395571,    -0.03413096587,    -0.03426454041,    -0.03451672906,    -0.03434707457,      0.1599694365,      0.3869730792,     0.02085120997,       0.321100532,    -0.01813900767,   -0.007918720411,    -0.04416115937,     -0.1652490674,    -0.08223672119,     0.02850306834,     0.02049897081,    0.001311167004,     -0.0191536167,    -0.01297166584,      0.0246947983,    -0.05944027243,       0.148087114,    -0.06633464276,   7.311293812e-05,      0.3909619244,   -0.001489994847,     -0.3243819978,    -0.01427647146,     -0.0137329022,     0.06901673072,      0.2973185217,     -0.1178480812,      -0.300706814,       -2.58078058,     -0.1851449733,      -2.128767794,      0.1642782458,     0.06015459842,      0.6665747998,       2.731366818,       1.344506479,      0.3478383378,      0.1397309473,    0.007287903907,     -0.1352176622,    -0.08906509327,       0.401456799,     -0.9838661132,       2.385212117,      -1.016395371,     -0.0157816015,    0.007377009647,    -0.03460224436,    0.002149552288,    -0.03175395571,    -0.03413096587,    -0.03426454041,    -0.03451672906,    -0.03434707457,     0.02850306834,     0.02049897081,    0.001311167004,     -0.0191536167,    -0.01297166584,      0.0246947983,    -0.05944027243,       0.148087114,    -0.06633464276,      0.1599694365,      0.3869730792,     0.02085120997,       0.321100532,    -0.01813900767,   -0.007918720411,    -0.04416115937,     -0.1652490674,    -0.08223672119,      -10.13645139,       52.45663185,     -0.6025970384,       149.3801913,      0.5712361581,      0.2320098541,       1.288829759,       4.787506576,       2.394286041
          0,           0,        1125,      -2.926662891,     -0.4976012331,     -0.5702443109,     -0.7646138748,        2.57934506,       71.11653136,     -0.2099902892,      0.5723259108,     0.06238095848,      0.2854413919,     -0.2409836689,       1.027723259,     -0.2099902892,     0.06238095848,      0.5723259108,      -2.725487512,    -0.01580808601,    0.007378532056,     -0.0346050095,    0.002142057681,    -0.03175350192,    -0.03414305624,    -0.03430152257,    -0.03454144892,    -0.03435825374,      0.1607889864,      0.3869827264,     0.02085443107,      0.3210441152,    -0.01813978165,    -0.00780366096,    -0.04415349179,     -0.1650218647,    -0.08222554918,     0.02610801629,     0.02049838826,    0.001289301231,    -0.01915682946,    -0.01303352803,     0.02457215737,     -0.0594251432,      0.1478724945,    -0.06634389843,   7.314678558e-05,      0.3909745618,   -0.001465593227,     -0.3243215139,    -0.01435105044,    -0.01359597632,     0.06906576651,      0.2969384415,     -0.1178763908,      -0.307638536,        -2.5808473,     -0.1851694592,      -2.128387415,      0.1642822483,     0.05828362857,      0.6664156004,       2.727717844,        1.34435972,      0.3245766513,      0.1397287647,    0.007144244742,     -0.1352451416,    -0.08948738217,      0.3994817068,     -0.9836446606,       2.381730892,      -1.016561817,    -0.01580808601,    0.007378532056,     -0.0346050095,    0.002142057681,    -0.03175350192,    -0.03414305624,    -0.03430152257,    -0.03454144892,    -0.03435825374,     0.02610801629,     0.02049838826,    0.001289301231,    -0.01915682946,    -0.01303352803,     0.02457215737,     -0.0594251432,      0.1478724945,    -0.06634389843,      0.1607889864,      0.3869827264,     0.02085443107,      0.3210441152,    -0.01813978165,    -0.00780366096,    -0.04415349179,     -0.1650218647,    -0.08222554918,      -10.17131272,       52.44711597,     -0.6026419692,       149.8765034,      0.5712686964,      0.2285577749,       1.287216674,       4.777502678,       2.393181848
          0,           0,        1130,      -2.913361036,     -0.4873375342,     -0.5653899542,     -0.7424740684,        2.59202073,       71.11653136,      -0.209873866,      0.5722936335,     0.06500386721,      0.2854985749,     -0.2449607588,       1.060377344,      -0.209873866,     0.06500386721,      0.5722936335,      -2.726845626,    -0.01577948153,    0.007371546987,    -0.03460326097,    0.002146262021,     -0.0317536248,    -0.03413227965,    -0.03427182912,    -0.03450832261,    -0.03434287636,      0.1606213516,      0.3869838059,     0.02085170475,      0.3210282321,    -0.01813638703,   -0.008033683917,    -0.04412978174,     -0.1649856824,    -0.08190592572,     0.02826414624,     0.02049408831,     0.00126236987,    -0.01915293499,    -0.01310507208,      0.0247697905,    -0.05935991074,       0.147879394,    -0.06604800389,   7.308352812e-05,      0.3909761638,   -0.001437678273,      -0.324304363,     -0.0144202508,    -0.01390571659,     0.06905023237,      0.2968760908,      -0.117408987,      -0.309341812,      -2.580857941,      -0.185149666,       -2.12828385,      0.1642604746,      0.0620810206,      0.6660499697,       2.727142513,       1.339138532,      0.3485648593,      0.1397046605,    0.006955235004,     -0.1352165694,    -0.08996985145,      0.4027352782,      -0.982555643,       2.381908743,      -1.011749368,    -0.01577948153,    0.007371546987,    -0.03460326097,    0.002146262021,     -0.0317536248,    -0.03413227965,    -0.03427182912,    -0.03450832261,    -0.03434287636,     0.02826414624,     0.02049408831,     0.00126236987,    -0.01915293499,    -0.01310507208,      0.0247697905,    -0.05935991074,       0.147879394,    -0.06604800389,      0.1606213516,      0.3869838059,     0.02085170475,      0.3210282321,    -0.01813638703,   -0.008033683917,    -0.04412978174,     -0.1649856824,    -0.08190592572,      -10.17912733,       52.49695981,     -0.6025936334,        149.575508,      0.5711595809,      0.2353690992,       1.287640108,       4.781040339,       2.384946586
          0,           0,        1135,      -2.901269936,     -0.4853953393,     -0.5495344705,     -0.7453257178,       2.601698824,       71.11653136,     -0.2098223518,      0.5718581894,      0.0640347649,      0.2862941059,     -0.2373583114,       1.054757489,     -0.2098223518,      0.0640347649,      0.5718581894,      -2.725439804,     -0.0157832521,    0.007379671782,    -0.03460303929,    0.002136405852,    -0.03174666011,    -0.03411620008,    -0.03426059343,    -0.03449604295,    -0.03433264147,       0.160176329,      0.3869077818,     0.02085275735,      0.3209826611,    -0.01813926352,   -0.008022982161,    -0.04423748647,     -0.1649680795,    -0.08169352828,     0.02714980669,     0.02049090475,    0.001249873872,    -0.01915734223,    -0.01306454244,     0.02475710037,    -0.05946878357,      0.1478670807,    -0.06578933322,   7.324688077e-05,      0.3908988824,   -0.001429908379,     -0.3242564825,    -0.01437870453,    -0.01378883682,     0.06921960835,      0.2968506263,     -0.1168943259,      -0.300418896,      -2.580341825,     -0.1851565879,      -2.127974713,      0.1642715067,     0.06187146004,      0.6678244745,       2.726859968,       1.335706302,      0.3408294776,      0.1396763553,    0.006883626803,     -0.1352549818,    -0.08968500025,      0.4024686971,     -0.9843321589,       2.381737851,      -1.007566378,     -0.0157832521,    0.007379671782,    -0.03460303929,    0.002136405852,    -0.03174666011,    -0.03411620008,    -0.03426059343,    -0.03449604295,    -0.03433264147,     0.02714980669,     0.02049090475,    0.001249873872,    -0.01915734223,    -0.01306454244,     0.02475710037,    -0.05946878357,      0.1478670807,    -0.06578933322,       0.160176329,      0.3869077818,     0.02085275735,      0.3209826611,    -0.01813926352,   -0.008022982161,    -0.04423748647,     -0.1649680795,    -0.08169352828,      -10.14849969,       52.42886042,     -0.6026279129,       150.2442342,      0.5713754914,      0.2351663474,       1.291206078,       4.782231971,       2.379471104
          0,           0,        1140,      -2.918971407,     -0.5062760424,     -0.5810923532,      -0.755376893,       2.583339067,       71.11653136,     -0.2098630545,      0.5707817386,      0.0666479529,      0.2857601642,     -0.2237957628,        1.09036642,     -0.2098630545,      0.0666479529,      0.5707817386,      -2.719781907,    -0.01579111758,    0.007367774299,    -0.03460106885,    0.002139364136,     -0.0317511927,    -0.03413000132,    -0.03426275374,    -0.03449023806,    -0.03434382071,      0.1595601895,      0.3868303369,     0.02085233235,      0.3209636264,    -0.01814219891,   -0.008517409093,     -0.0440877313,     -0.1652086601,    -0.08146874721,     0.02857409713,     0.02049396374,    0.001299238129,    -0.01915536644,    -0.01302284776,     0.02529339056,    -0.05934091537,      0.1480817228,    -0.06557532987,   7.309889746e-05,      0.3908139794,   -0.001468874097,     -0.3242428007,     -0.0143400467,    -0.01464005602,      0.0689399823,      0.2971582981,     -0.1165334171,     -0.2933318571,      -2.579822668,      -0.185151123,      -2.127853475,      0.1642962034,     0.06989648422,      0.6653583832,       2.730740123,       1.332072167,       0.358034707,      0.1397066053,    0.007203189717,     -0.1352392037,    -0.08941564879,      0.4111966244,     -0.9822234968,       2.385212046,      -1.004108403,    -0.01579111758,    0.007367774299,    -0.03460106885,    0.002139364136,     -0.0317511927,    -0.03413000132,    -0.03426275374,    -0.03449023806,    -0.03434382071,     0.02857409713,     0.02049396374,    0.001299238129,    -0.01915536644,    -0.01302284776,     0.02529339056,    -0.05934091537,      0.1480817228,    -0.06557532987,      0.1595601895,      0.3868303369,     0.02085233235,      0.3209636264,    -0.01814219891,   -0.008517409093,     -0.0440877313,     -0.1652086601,    -0.08146874721,      -10.10442667,       52.50301124,     -0.6026499483,       150.0275811,      0.5713863755,      0.2495578307,        1.28675388,       4.790012169,       2.372151541
          0,           0,        1145,      -3.628280832,      -1.286515653,      -1.244659536,      -1.528591293,       1.864810534,       71.11653136,     -0.2098729254,      0.5718298702,     0.06721580776,      0.2859185062,     -0.2389340307,       1.102613151,     -0.2098729254,     0.06721580776,      0.5718298702,      -2.724648113,    -0.01576265579,    0.007356727101,    -0.03460406913,    0.002135154119,    -0.03175024043,    -0.03413813935,    -0.03426335781,    -0.03449593479,    -0.03435040937,      0.1602162233,      0.3867888436,     0.02085549346,       0.320970024,    -0.01814337324,    -0.00845285228,    -0.04383561082,     -0.1652724053,    -0.08129647241,       0.028785186,     0.02049541911,    0.001215780938,    -0.01916200425,    -0.01299576408,     0.02523360039,    -0.05907942075,      0.1481403217,    -0.06541731126,   7.312863665e-05,      0.3907732034,   -0.001397031522,     -0.3242436448,    -0.01430008173,    -0.01452611556,     0.06847254882,      0.2973337585,     -0.1162672595,     -0.3016341422,      -2.579541354,     -0.1851767673,      -2.127896353,      0.1643032966,     0.06874156293,      0.6612237094,       2.731765723,       1.329280294,      0.3639593384,      0.1397318187,    0.006643045262,     -0.1352884617,     -0.0892223733,      0.4101287599,     -0.9779344765,       2.386138428,      -1.001542928,    -0.01576265579,    0.007356727101,    -0.03460406913,    0.002135154119,    -0.03175024043,    -0.03413813935,    -0.03426335781,    -0.03449593479,    -0.03435040937,       0.028785186,     0.02049541911,    0.001215780938,    -0.01916200425,    -0.01299576408,     0.02523360039,    -0.05907942075,      0.1481403217,    -0.06541731126,      0.1602162233,      0.3867888436,     0.02085549346,       0.320970024,    -0.01814337324,    -0.00845285228,    -0.04383561082,     -0.1652724053,    -0.08129647241,      -10.16429119,       52.57621199,     -0.6026890475,       150.3263962,      0.5714404993,      0.2476072932,       1.279372882,       4.791069045,       2.366681327
          0,           0,        1150,      -3.612191164,      -1.279384738,      -1.242066295,      -1.437926448,       1.880692333,       71.11653136,     -0.2099603879,      0.5730017032,     0.06704113863,       0.285734005,     -0.2674483714,       1.101635289,     -0.2099603879,     0.06704113863,      0.5730017032,      -2.729094326,    -0.01580406925,    0.007334327835,    -0.03460517076,    0.002128746931,    -0.03175617715,    -0.03413424577,    -0.03427000177,    -0.03450810015,    -0.03434569779,      0.1600707626,       0.386656642,     0.02085396493,       0.320920605,    -0.01815575504,   -0.008059230687,    -0.04332918208,     -0.1650307106,    -0.08092539297,     0.02848642498,     0.02050887309,    0.001139597869,    -0.01916536974,    -0.01299825068,      0.0248616865,    -0.05856262574,      0.1478360563,    -0.06506525392,   7.316507586e-05,      0.3906434378,   -0.001329272888,     -0.3241866921,    -0.01430647023,    -0.01380403432,      0.0674928036,      0.2967540661,      -0.115602998,     -0.3065109497,      -2.578658526,     -0.1851668462,      -2.127556208,       0.164393116,     0.06221127681,      0.6528924715,       2.727762547,       1.323184747,      0.3604113515,      0.1398451308,    0.006137819562,     -0.1353186138,    -0.08924760854,      0.4039528373,      -0.969444268,       2.381071865,      -0.995773225,    -0.01580406925,    0.007334327835,    -0.03460517076,    0.002128746931,    -0.03175617715,    -0.03413424577,    -0.03427000177,    -0.03450810015,    -0.03434569779,     0.02848642498,     0.02050887309,    0.001139597869,    -0.01916536974,    -0.01299825068,      0.0248616865,    -0.05856262574,      0.1478360563,    -0.06506525392,      0.1600707626,       0.386656642,     0.02085396493,       0.320920605,    -0.01815575504,   -0.008059230687,    -0.04332918208,     -0.1650307106,    -0.08092539297,      -10.12845237,       52.71875633,     -0.6026256905,       150.7556395,      0.5717235722,      0.2361039626,       1.264347238,       4.782376017,       2.356201742
          0,           0,        1155,       -3.38690976,      -1.036593609,      -1.077046347,      -1.155229099,       2.108438561,       71.11653136,      -0.209961934,      0.5698171803,     0.06548244808,      0.2862251137,     -0.2363104777,       1.066803892,      -0.209961934,     0.06548244808,      0.5698171803,      -2.713907085,    -0.01580110722,     0.00733190243,    -0.03461089079,    0.002109267296,    -0.03174238981,    -0.03412935206,    -0.03427924106,    -0.03449362477,      -0.034346498,      0.1566891638,      0.3864919948,     0.02085353042,      0.3206871627,    -0.01816759246,   -0.007328184834,    -0.04321938475,     -0.1648888123,    -0.08130069709,     0.02798978884,     0.02050835221,    0.001192816741,    -0.01916795951,    -0.01295282127,     0.02409139269,    -0.05846565581,      0.1477066615,    -0.06542012731,   7.324251818e-05,      0.3904767418,   -0.001378494544,      -0.323954457,    -0.01425532609,    -0.01252491369,     0.06729421583,      0.2966336078,      -0.116139503,     -0.2683422598,       -2.57755164,     -0.1851702463,      -2.125972218,      0.1644539158,     0.05026974491,      0.6511781679,       2.725427451,       1.329396607,      0.3439532905,       0.139838927,    0.006515535666,     -0.1353528622,    -0.08893465719,      0.3913659122,     -0.9679548289,       2.378995882,      -1.001623307,    -0.01580110722,     0.00733190243,    -0.03461089079,    0.002109267296,    -0.03174238981,    -0.03412935206,    -0.03427924106,    -0.03449362477,      -0.034346498,     0.02798978884,     0.02050835221,    0.001192816741,    -0.01916795951,    -0.01295282127,     0.02409139269,    -0.05846565581,      0.1477066615,    -0.06542012731,      0.1566891638,      0.3864919948,     0.02085353042,      0.3206871627,    -0.01816759246,   -0.007328184834,    -0.04321938475,     -0.1648888123,    -0.08130069709,      -9.916340774,        52.7137395,     -0.6025135424,       152.0372327,      0.5723448223,      0.2147179595,       1.260803431,       4.780269206,       2.367073845
          0,           0,        1160,      -3.361349537,      -1.026392015,      -1.065959793,       -1.15182707,       2.129895483,       71.11653136,     -0.2100925018,      0.5644105416,     0.06309451433,       0.285956489,     -0.1582673853,        1.03014042,     -0.2100925018,     0.06309451433,      0.5644105416,       -2.68648589,    -0.01581156973,    0.007318946418,    -0.03460516094,    0.002092355185,    -0.03174217708,    -0.03419311029,    -0.03427600973,    -0.03451348743,    -0.03436228818,      0.1550831975,      0.3863080407,     0.02085157875,      0.3205030705,    -0.01816693279,   -0.008276237087,    -0.04449096604,     -0.1652381799,    -0.08216303001,     0.02645421169,     0.02050733152,    0.001191625305,    -0.01916266209,    -0.01295637316,     0.02497921976,     -0.0597472443,      0.1481174714,    -0.06628906578,   7.309281424e-05,      0.3903085037,   -0.001363919204,      -0.323789451,    -0.01425561476,    -0.01437065475,      0.0694999774,      0.2972750259,      -0.117420471,     -0.2494256634,       -2.57633012,     -0.1851498079,       -2.12476192,      0.1644479119,     0.06608321953,      0.6722256261,       2.731207488,       1.343435881,      0.3209412353,      0.1398442763,    0.006496438107,     -0.1353335873,    -0.08895239512,      0.4063281567,     -0.9891715524,       2.385724348,      -1.015736499,    -0.01581156973,    0.007318946418,    -0.03460516094,    0.002092355185,    -0.03174217708,    -0.03419311029,    -0.03427600973,    -0.03451348743,    -0.03436228818,     0.02645421169,     0.02050733152,    0.001191625305,    -0.01916266209,    -0.01295637316,     0.02497921976,     -0.0597472443,      0.1481174714,    -0.06628906578,      0.1550831975,      0.3863080407,     0.02085157875,      0.3205030705,    -0.01816693279,   -0.008276237087,    -0.04449096604,     -0.1652381799,    -0.08216303001,      -9.808210072,        52.7819195,     -0.6025569073,       153.1781376,      0.5723278763,      0.2420439971,       1.298020581,        4.78764078,       2.391081455
          0,           0,        1165,      -3.452991696,      -1.086610141,      -1.117680491,      -1.253821986,       2.041254479,       71.11653136,     -0.2101216724,      0.5705948815,     0.06474826448,      0.2858325606,     -0.2333801066,       1.062432592,     -0.2101216724,     0.06474826448,      0.5705948815,      -2.715545117,    -0.01578334416,      0.0073114859,    -0.03460042897,    0.002096019089,    -0.03175864214,    -0.03419852563,    -0.03429026552,    -0.03452694121,    -0.03437102974,      0.1600665787,      0.3863396518,     0.02084922469,      0.3205925963,    -0.01816374993,   -0.008705519547,    -0.04437971391,     -0.1647686593,    -0.08123552743,     0.02709883599,     0.02050478324,    0.001140962227,    -0.01915538157,    -0.01289225861,     0.02539663586,    -0.05962813199,      0.1476543618,    -0.06537154249,   7.306031067e-05,      0.3903571098,   -0.001301876565,     -0.3238681919,    -0.01421790688,    -0.01477484804,     0.06928530966,      0.2964676855,     -0.1161877813,     -0.3055311094,      -2.576576204,     -0.1851295309,      -2.125381802,      0.1644443734,     0.07296721746,      0.6702136257,        2.72344083,       1.328172493,      0.3369347544,      0.1398326226,    0.006140165239,     -0.1352819626,    -0.08853741839,      0.4129864297,     -0.9870485785,       2.378047211,      -1.000640631,    -0.01578334416,      0.0073114859,    -0.03460042897,    0.002096019089,    -0.03175864214,    -0.03419852563,    -0.03429026552,    -0.03452694121,    -0.03437102974,     0.02709883599,     0.02050478324,    0.001140962227,    -0.01915538157,    -0.01289225861,     0.02539663586,    -0.05962813199,      0.1476543618,    -0.06537154249,      0.1600665787,      0.3863396518,     0.02084922469,      0.3205925963,    -0.01816374993,   -0.008705519547,    -0.04437971391,     -0.1647686593,    -0.08123552743,      -10.14148694,       52.84010078,     -0.6025712777,         152.95309,      0.5719309363,      0.2545583292,        1.29423652,       4.772176552,       2.363488323
          0,           0,        1170,      -4.556236737,      -1.976596373,      -1.954074826,      -2.293522396,      0.9608913983,       71.11653136,     -0.2101276735,      0.5713490648,     0.06516795278,       0.285347473,     -0.2427957517,       1.072675062,     -0.2101276735,     0.06516795278,      0.5713490648,      -2.719056729,    -0.01578790651,    0.007310715449,    -0.03460144424,    0.002103914051,    -0.03176691273,    -0.03417367273,    -0.03429912304,    -0.03452842278,    -0.03438482101,      0.1603190805,      0.3863783648,     0.02084911136,       0.320696323,    -0.01815983303,   -0.008712871405,    -0.04418000243,     -0.1647233102,    -0.08111779782,     0.02725086609,     0.02050283967,    0.001123733329,    -0.01915367613,    -0.01288235871,     0.02541852558,    -0.05942236032,      0.1475873994,    -0.06525701611,   7.314501186e-05,      0.3903865632,   -0.001286363254,     -0.3239632658,    -0.01421662012,    -0.01487271271,     0.06894794452,      0.2963493782,      -0.116070596,     -0.3080934345,      -2.576840246,     -0.1851299244,      -2.126081513,      0.1644268098,     0.07304012778,      0.6668681721,        2.72270251,       1.326311747,      0.3428154066,      0.1398201547,    0.006023465658,     -0.1352634794,    -0.08848377343,      0.4132420022,     -0.9836126392,       2.376952861,     -0.9988189364,    -0.01578790651,    0.007310715449,    -0.03460144424,    0.002103914051,    -0.03176691273,    -0.03417367273,    -0.03429912304,    -0.03452842278,    -0.03438482101,     0.02725086609,     0.02050283967,    0.001123733329,    -0.01915367613,    -0.01288235871,     0.02541852558,    -0.05942236032,      0.1475873994,    -0.06525701611,      0.1603190805,      0.3863783648,     0.02084911136,       0.320696323,    -0.01815983303,   -0.008712871405,    -0.04418000243,     -0.1647233102,    -0.08111779782,      -10.15454965,       52.85096478,     -0.6025503218,       152.4284335,      0.5716587314,      0.2549585897,       1.288079651,         4.7706584,       2.359116477
          0,           0,        1175,      -4.959643041,      -2.528527022,      -2.381335856,      -2.579741163,        0.44775445,       71.11653136,     -0.2101454079,      0.5708407714,     0.06534562199,      0.2850093711,     -0.2367585396,       1.074125185,     -0.2101454079,     0.06534562199,      0.5708407714,      -2.716408496,     -0.0158177574,    0.007308395648,    -0.03460621925,    0.002101944855,    -0.03177643149,    -0.03413612835,    -0.03430394898,    -0.03452352446,    -0.03439173847,      0.1595647333,      0.3863909241,     0.02085157758,      0.3207490294,    -0.01816116134,   -0.008497434063,    -0.04399064367,     -0.1647833824,     -0.0812828716,     0.02755064463,     0.02050288306,    0.001115712527,    -0.01916009158,    -0.01287186408,     0.02524563058,    -0.05922157792,      0.1476171488,    -0.06543286406,   7.311095595e-05,      0.3903882452,   -0.001285994472,     -0.3240070005,    -0.01419713855,    -0.01460499379,      0.0685830982,       0.296383306,     -0.1163232619,     -0.2986646123,      -2.576920941,      -0.185151243,      -2.126431215,      0.1644465082,      0.0694641221,      0.6637176641,       2.723708006,       1.329073171,       0.346313047,      0.1398231317,    0.005975546593,     -0.1353108277,    -0.08841228205,      0.4103017889,     -0.9802803918,       2.377471954,      -1.001756781,     -0.0158177574,    0.007308395648,    -0.03460621925,    0.002101944855,    -0.03177643149,    -0.03413612835,    -0.03430394898,    -0.03452352446,    -0.03439173847,     0.02755064463,     0.02050288306,    0.001115712527,    -0.01916009158,    -0.01287186408,     0.02524563058,    -0.05922157792,      0.1476171488,    -0.06543286406,      0.1595647333,      0.3863909241,     0.02085157758,      0.3207490294,    -0.01816116134,   -0.008497434063,    -0.04399064367,     -0.1647833824,     -0.0812828716,      -10.08769633,       52.86945901,     -0.6025384463,       152.5963104,      0.5715292902,        0.24892788,       1.282378413,       4.773075314,        2.36344178
          0,           0,        1180,       -4.99105944,      -2.486982605,      -2.512313396,       -2.68815666,      0.4990858568,       71.11653136,     -0.2100915077,      0.5698589943,     0.06549065913,      0.2855951018,     -0.2236425327,       1.068440307,     -0.2100915077,     0.06549065913,      0.5698589943,      -2.712432313,    -0.01582799032,    0.007305880275,    -0.03461218019,    0.002097641289,     -0.0317756418,    -0.03408860791,    -0.03429942488,    -0.03450899702,    -0.03438218716,      0.1586266433,      0.3863653853,     0.02085543662,      0.3206916764,    -0.01816391909,   -0.007899047507,    -0.04383085686,     -0.1650436149,    -0.08174270892,     0.02830943304,     0.02050485314,    0.001110833858,    -0.01916694228,    -0.01287333305,     0.02468931727,    -0.05904611209,      0.1478673895,    -0.06590478026,   7.303819273e-05,      0.3903555299,   -0.001291282471,     -0.3239392458,    -0.01418324789,    -0.01352975505,     0.06823744061,      0.2968799609,     -0.1170073366,     -0.2854788117,       -2.57673814,     -0.1851833992,      -2.126024454,       0.164466258,     0.05958473264,      0.6610648982,       2.728023156,       1.336643227,      0.3506451687,      0.1398398309,    0.005951284585,     -0.1353631411,    -0.08841626028,       0.401036652,     -0.9773673974,       2.381657525,      -1.009543355,    -0.01582799032,    0.007305880275,    -0.03461218019,    0.002097641289,     -0.0317756418,    -0.03408860791,    -0.03429942488,    -0.03450899702,    -0.03438218716,     0.02830943304,     0.02050485314,    0.001110833858,    -0.01916694228,    -0.01287333305,     0.02468931727,    -0.05904611209,      0.1478673895,    -0.06590478026,      0.1586266433,      0.3863653853,     0.02085543662,      0.3206916764,    -0.01816391909,   -0.007899047507,    -0.04383085686,     -0.1650436149,    -0.08174270892,      -10.02190677,         52.884166,     -0.6025461705,       152.8820385,      0.5716302823,       0.231721035,       1.277888974,       4.782625667,        2.37747263
          0,           0,        1185,      -4.039252486,      -1.716193519,      -1.609660771,      -2.034603459,       1.453322742,       71.11653136,     -0.2099181171,      0.5684476162,     0.06486786527,      0.2864915636,     -0.2035472421,       1.056284811,     -0.2099181171,     0.06486786527,      0.5684476162,       -2.70794929,    -0.01580111662,    0.007314172624,    -0.03461179917,    0.002104655373,     -0.0317524288,    -0.03405569835,     -0.0342755544,    -0.03449305489,    -0.03434729288,      0.1579533882,      0.3863147173,     0.02085508325,      0.3205928069,    -0.01815825802,   -0.007377068706,    -0.04381485029,     -0.1655319701,    -0.08238623231,     0.02833162589,     0.02050127366,    0.001123342405,     -0.0191623717,    -0.01290562624,     0.02416066758,    -0.05902133377,      0.1483792483,    -0.06653896086,   7.306607678e-05,      0.3903063593,   -0.001302524047,     -0.3238456565,    -0.01421715612,    -0.01268159802,      0.0682076066,      0.2978570536,     -0.1179055873,     -0.2761757366,      -2.576386911,     -0.1851810635,      -2.125343242,      0.1644034131,     0.05108437405,      0.6608109432,       2.736097965,       1.347143017,      0.3487413107,      0.1398058316,    0.006036571933,      -0.135322275,    -0.08863835556,       0.392379362,     -0.9769395378,       2.390144134,      -1.019922231,    -0.01580111662,    0.007314172624,    -0.03461179917,    0.002104655373,     -0.0317524288,    -0.03405569835,     -0.0342755544,    -0.03449305489,    -0.03434729288,     0.02833162589,     0.02050127366,    0.001123342405,     -0.0191623717,    -0.01290562624,     0.02416066758,    -0.05902133377,      0.1483792483,    -0.06653896086,      0.1579533882,      0.3863147173,     0.02085508325,      0.3205928069,    -0.01815825802,   -0.007377068706,    -0.04381485029,     -0.1655319701,    -0.08238623231,      -9.996343423,       52.81728189,     -0.6025425938,       152.3255593,      0.5718698918,      0.2166177487,       1.278311936,       4.798994192,       2.398623746
          0,           0,        1190,      -3.937762336,      -1.598332682,      -1.539888942,       -1.89166205,       1.557102741,       71.11653136,     -0.2097666723,      0.5675186868,     0.06369255684,      0.2857748441,     -0.1930318484,       1.043685236,     -0.2097666723,     0.06369255684,      0.5675186868,      -2.705475949,    -0.01578284063,    0.007323586261,    -0.03460434193,    0.002101278387,    -0.03173612808,    -0.03407358117,    -0.03422547666,    -0.03448686918,    -0.03428229931,      0.1578136609,      0.3862703017,     0.02084977857,      0.3205414395,     -0.0181565728,   -0.007635187607,    -0.04386480412,     -0.1656943522,    -0.08260557717,     0.02704993174,     0.02049581019,     0.00113560689,    -0.01916156059,    -0.01295864122,     0.02439718784,     -0.0590706454,      0.1485553779,    -0.06675051049,   7.304491374e-05,      0.3902749402,   -0.001306147883,     -0.3238216491,    -0.01427298316,    -0.01342037415,     0.06837169516,       0.297976933,     -0.1181006148,     -0.2776087308,      -2.576094434,     -0.1851374663,      -2.125016209,      0.1643746286,     0.05556708534,      0.6616992532,       2.738714299,       1.350469725,      0.3335072167,      0.1397577831,     0.00611739791,     -0.1353182838,    -0.08899568671,      0.3965852944,     -0.9777327857,       2.392967538,      -1.023203238,    -0.01578284063,    0.007323586261,    -0.03460434193,    0.002101278387,    -0.03173612808,    -0.03407358117,    -0.03422547666,    -0.03448686918,    -0.03428229931,     0.02704993174,     0.02049581019,     0.00113560689,    -0.01916156059,    -0.01295864122,     0.02439718784,     -0.0590706454,      0.1485553779,    -0.06675051049,      0.1578136609,      0.3862703017,     0.02084977857,      0.3205414395,     -0.0181565728,   -0.007635187607,    -0.04386480412,     -0.1656943522,    -0.08260557717,       -9.99906573,       52.74332656,     -0.6025191467,       152.5459175,      0.5721105218,      0.2240793995,       1.281641876,       4.804563479,       2.409569335
          0,           0,        1195,      -3.666744948,      -1.316064286,      -1.348348004,      -1.399516586,       1.826885546,       71.11653136,     -0.2097600384,       0.569480595,     0.06451022824,      0.2857422186,     -0.2263962698,       1.061971222,     -0.2097600384,     0.06451022824,       0.569480595,       -2.71491462,    -0.01579452479,     0.00731750496,    -0.03459411734,    0.002097232723,    -0.03174776084,    -0.03412993183,    -0.03418627058,    -0.03447647221,    -0.03424569852,      0.1585865014,      0.3862733481,     0.02084743952,      0.3205365591,    -0.01816688998,   -0.008092630465,    -0.04371626097,     -0.1651847878,    -0.08160268396,     0.02680397356,     0.02049913055,    0.001099674798,    -0.01916432217,    -0.01293765287,     0.02484142392,    -0.05894256665,      0.1480545394,    -0.06574397229,   7.291815631e-05,      0.3902852108,   -0.001274491774,     -0.3238291712,    -0.01423354254,     -0.0140042469,      0.0682219544,      0.2971575467,     -0.1166539591,     -0.2910225543,      -2.576127388,     -0.1851098259,      -2.125004277,      0.1644569103,     0.06309575846,      0.6593392761,       2.730209751,       1.333766079,      0.3340069232,       0.139785587,    0.005875367088,     -0.1353403761,    -0.08883407349,      0.4040118828,      -0.975637807,       2.384614405,      -1.006510687,    -0.01579452479,     0.00731750496,    -0.03459411734,    0.002097232723,    -0.03174776084,    -0.03412993183,    -0.03418627058,    -0.03447647221,    -0.03424569852,     0.02680397356,     0.02049913055,    0.001099674798,    -0.01916432217,    -0.01293765287,     0.02484142392,    -0.05894256665,      0.1480545394,    -0.06574397229,      0.1585865014,      0.3862733481,     0.02084743952,      0.3205365591,    -0.01816688998,   -0.008092630465,    -0.04371626097,     -0.1651847878,    -0.08160268396,      -10.04059974,       52.78757584,     -0.6026296122,        152.837859,      0.5722258674,      0.2371124122,       1.278766599,       4.791232316,       2.382859381
          0,           0,        1199,      -3.997845383,      -1.642390392,      -1.594572207,      -1.968342106,       1.497143718,       71.11653136,     -0.2098330107,      0.5701746291,     0.06612776931,      0.2860137709,     -0.2352179321,       1.086290088,     -0.2098330107,     0.06612776931,      0.5701746291,      -2.717278027,    -0.01578957479,    0.007313573037,    -0.03459154691,    0.002096793192,    -0.03176011847,    -0.03415197792,     -0.0341980181,    -0.03447460101,    -0.03427753969,      0.1587943362,      0.3862940035,     0.02084908064,       0.320559836,    -0.01817163725,   -0.008273267957,    -0.04364886153,     -0.1650733562,    -0.08115550435,     0.02783480223,     0.02050170177,     0.00108811876,    -0.01916543009,    -0.01291540296,     0.02501509976,     -0.0588995192,      0.1479448673,    -0.06527646829,   7.306860563e-05,      0.3903026092,   -0.001264766104,     -0.3238417393,     -0.0142141858,    -0.01419587753,     0.06814821388,      0.2970799515,     -0.1160735036,     -0.2923107936,      -2.576266443,     -0.1851179299,      -2.125161091,      0.1645011824,     0.06600861412,      0.6582512294,       2.728364026,       1.326513274,      0.3489276012,      0.1398065351,    0.005798834572,     -0.1353484906,    -0.08868023251,      0.4068251109,     -0.9749707994,       2.382808159,     -0.9988766307,    -0.01578957479,    0.007313573037,    -0.03459154691,    0.002096793192,    -0.03176011847,    -0.03415197792,     -0.0341980181,    -0.03447460101,    -0.03427753969,     0.02783480223,     0.02050170177,     0.00108811876,    -0.01916543009,    -0.01291540296,     0.02501509976,     -0.0588995192,      0.1479448673,    -0.06527646829,      0.1587943362,      0.3862940035,     0.02084908064,       0.320559836,    -0.01817163725,   -0.008273267957,    -0.04364886153,     -0.1650733562,    -0.08115550435,      -10.05691023,       52.81877976,     -0.6027218354,       152.8809981,      0.5721526911,      0.2422485742,       1.276356466,       4.788260092,        2.36760004
