"Time_Iter","Outer_Iter","Inner_Iter",    "rms[Rho]"    ,    "rms[RhoU]"   ,    "rms[RhoV]"   ,    "rms[RhoW]"   ,    "rms[RhoE]"   ,    "RefForce"    ,       "CD"       ,       "CL"       ,       "CSF"      ,       "CMx"      ,       "CMy"      ,       "CMz"      ,       "CFx"      ,       "CFy"      ,       "CFz"      ,      "CEff"      ,    "CD(BODY)"    ,   "CD(CANARD0)"  ,   "CD(CANARD1)"  ,   "CD(CANARD2)"  ,   "CD(CANARD3)"  ,    "CD(FIN0)"    ,    "CD(FIN1)"    ,    "CD(FIN2)"    ,    "CD(FIN3)"    ,    "CL(BODY)"    ,   "CL(CANARD0)"  ,   "CL(CANARD1)"  ,   "CL(CANARD2)"  ,   "CL(CANARD3)"  ,    "CL(FIN0)"    ,    "CL(FIN1)"    ,    "CL(FIN2)"    ,    "CL(FIN3)"    ,    "CSF(BODY)"   ,  "CSF(CANARD0)"  ,  "CSF(CANARD1)"  ,  "CSF(CANARD2)"  ,  "CSF(CANARD3)"  ,    "CSF(FIN0)"   ,    "CSF(FIN1)"   ,    "CSF(FIN2)"   ,    "CSF(FIN3)"   ,    "CMx(BODY)"   ,  "CMx(CANARD0)"  ,  "CMx(CANARD1)"  ,  "CMx(CANARD2)"  ,  "CMx(CANARD3)"  ,    "CMx(FIN0)"   ,    "CMx(FIN1)"   ,    "CMx(FIN2)"   ,    "CMx(FIN3)"   ,    "CMy(BODY)"   ,  "CMy(CANARD0)"  ,  "CMy(CANARD1)"  ,  "CMy(CANARD2)"  ,  "CMy(CANARD3)"  ,    "CMy(FIN0)"   ,    "CMy(FIN1)"   ,    "CMy(FIN2)"   ,    "CMy(FIN3)"   ,    "CMz(BODY)"   ,  "CMz(CANARD0)"  ,  "CMz(CANARD1)"  ,  "CMz(CANARD2)"  ,  "CMz(CANARD3)"  ,    "CMz(FIN0)"   ,    "CMz(FIN1)"   ,    "CMz(FIN2)"   ,    "CMz(FIN3)"   ,    "CFx(BODY)"   ,  "CFx(CANARD0)"  ,  "CFx(CANARD1)"  ,  "CFx(CANARD2)"  ,  "CFx(CANARD3)"  ,    "CFx(FIN0)"   ,    "CFx(FIN1)"   ,    "CFx(FIN2)"   ,    "CFx(FIN3)"   ,    "CFy(BODY)"   ,  "CFy(CANARD0)"  ,  "CFy(CANARD1)"  ,  "CFy(CANARD2)"  ,  "CFy(CANARD3)"  ,    "CFy(FIN0)"   ,    "CFy(FIN1)"   ,    "CFy(FIN2)"   ,    "CFy(FIN3)"   ,    "CFz(BODY)"   ,  "CFz(CANARD0)"  ,  "CFz(CANARD1)"  ,  "CFz(CANARD2)"  ,  "CFz(CANARD3)"  ,    "CFz(FIN0)"   ,    "CFz(FIN1)"   ,    "CFz(FIN2)"   ,    "CFz(FIN3)"   ,   "CEff(BODY)"   ,  "CEff(CANARD0)" ,  "CEff(CANARD1)" ,  "CEff(CANARD2)" ,  "CEff(CANARD3)" ,   "CEff(FIN0)"   ,   "CEff(FIN1)"   ,   "CEff(FIN2)"   ,   "CEff(FIN3)"   
          0,           0,           0,      -3.865027103,      -1.683470686,      -2.961596182,      -2.978436843,       1.613871305,       71.11653136,       1.401557169,       7.907239153,   0.0005161471416,     0.00380745982,      -87.99031969,     0.02610468809,      0.9858034618,   0.0005161471416,       7.969754391,       5.641752848,      0.6422258749,      0.1280438427,      0.1012013132,      0.1283655899,      0.1154838776,     0.07046696811,     0.07028666586,     0.07274868779,     0.07273434922,       4.965802708,        0.35997888,    -0.06500974638,      0.3636921235,     0.06071295155,       0.545497497,      0.5431470358,      0.5659682007,      0.5674495022,   -0.001577717731,    -0.06378081478,   0.0005620278275,     0.06355071495,    0.003451191503,     -0.5661521864,      0.5633804256,     -0.5458993865,      0.5469818927,   -9.74714924e-05,      0.3641176231,   -0.002263007708,     -0.3689408194,    0.003124693285,       1.019437204,      -1.012870033,      -1.016346266,       1.017645538,      -46.10105619,      -2.480786457,      0.5513882804,      -2.507182892,     -0.6107697752,       -9.00306221,      -8.962263117,      -9.425159434,       -9.45142789,     0.02812921133,     -0.5864312174,    0.005084651557,      0.5846436801,     0.02313543679,      -9.377581959,        9.32946527,      -8.958894527,       8.978554142,      0.3814556934,      0.1090285242,      0.1044649676,      0.1091554943,      0.1121481406,     0.04182126245,     0.04176422093,     0.04302850126,     0.04293665701,   -0.001577717731,    -0.06378081478,   0.0005620278275,     0.06355071495,    0.003451191503,     -0.5661521864,      0.5633804256,     -0.5458993865,      0.5469818927,       4.992608754,      0.3661868384,    -0.05962418528,       0.369911832,     0.06667370573,      0.5484378678,      0.5460811915,      0.5689999331,      0.5704784541,       7.732174773,       2.811372045,     -0.6423804623,       2.833252461,      0.5257266451,       7.741180182,       7.727597107,        7.77977195,       7.801671539
          0,           0,           5,      -2.854212807,      -0.598485356,       -0.46355993,     -0.4015553605,       2.622767369,       71.11653136,    -0.02185107485,       5.654350423,     0.04567154544,     0.02802949397,      -73.33246527,      0.6637570975,      -0.317746965,     0.04567154544,       5.645457735,      -258.7676104,      0.1370547949,    -0.02164079099,    -0.03876653163,    -0.02248892356,    -0.04474413796,   -0.005647617099,    -0.00831316924,   -0.006425383941,     -0.0108793153,        2.51608459,      0.3529563011,     0.02499529702,      0.3654212375,    -0.01799646234,        0.60657344,      0.6133897657,      0.5810429488,      0.6118833053,    0.006303690494,     0.02087894113,   -0.000417639441,     -0.0213685341,    0.001241187239,     -0.5901474132,      0.5961161771,     -0.5922309218,       0.625296058,  -6.275059563e-05,      0.3229785873,    0.004807342585,     -0.3413637385,    0.001412544106,       1.030718787,       -1.04946225,       -0.98373932,       1.042740293,      -28.99822764,      -2.355024368,     -0.2123969397,       -2.43798275,      0.2002897956,      -9.980837603,      -10.10111908,      -9.459135209,      -9.988031486,    -0.02235020049,      0.1991178047,   -0.005209874152,     -0.2039877158,     0.01202659976,      -9.652276242,       9.753228794,      -9.739533744,       10.32274168,    0.005185273044,    -0.04008343857,    -0.04002155622,    -0.04158277317,    -0.04374095561,    -0.03738547825,    -0.04040411627,    -0.03682601652,    -0.04288790347,    0.006303690494,     0.02087894113,   -0.000417639441,     -0.0213685341,    0.001241187239,     -0.5901474132,      0.5961161771,     -0.5922309218,       0.625296058,       2.519809277,      0.3513399953,     0.02293215833,      0.3637434611,    -0.02031352606,      0.6054465788,      0.6121140587,       0.579910371,      0.6104753612,       18.35823834,      -16.30976896,     -0.6447648518,      -16.24894302,      0.4022082705,      -107.4034286,      -73.78530954,      -90.42929639,      -56.24281386
          0,           0,          10,      -2.472719747,     -0.1507208883,     -0.2176315897,      -0.196279742,       3.016007284,       71.11653136,     -0.2099828145,       2.349601368,     0.08159783758,      0.1997370637,      -30.15220479,       1.191850035,     -0.3326636747,     0.08159783758,       2.335391669,      -11.18949364,     0.02877656083,    -0.02879814575,    -0.03905851427,     -0.0293879181,     -0.0404140575,    -0.02305291284,    -0.02655092112,    -0.02574127963,    -0.02575562612,      0.6249386601,      0.2004193514,     0.02714546579,      0.2088792522,    -0.01963711887,      0.3510200271,       0.327810703,      0.2752161257,      0.3538089013,     0.01380402759,     0.02366859261,    0.003219415372,    -0.02372658805,     0.00754175828,     -0.3265968754,      0.3031145447,     -0.2877860096,      0.3683589721,   8.893025787e-06,      0.2043774361,    0.003312972208,     -0.2210987069,    0.009139832851,      0.6329563349,     -0.5829135991,     -0.4792333367,      0.6331872372,      -6.469869252,      -1.318576411,     -0.2199601523,       -1.37767965,      0.1978203011,       -5.68367968,      -5.306873483,      -4.325366573,      -5.648019895,      0.1382595146,      0.2094605063,     0.01849759285,     -0.2112469316,     0.05535852979,      -5.229740618,       4.845832036,      -4.641613207,       6.007042612,   -0.003969638815,     -0.0392478173,    -0.04042566984,    -0.04027953838,    -0.03933094405,     -0.0413922884,    -0.04367082061,    -0.04010970122,    -0.04423725611,     0.01380402759,     0.02366859261,    0.003219415372,    -0.02372658805,     0.00754175828,     -0.3265968754,      0.3031145447,     -0.2877860096,      0.3683589721,      0.6255882522,      0.1986375051,     0.02506409918,      0.2070549456,    -0.02172531523,      0.3493324701,       0.325971882,      0.2734917571,      0.3519760732,       21.71693358,      -6.959453331,     -0.6949948377,      -7.107657353,      0.4858982266,      -15.22671038,      -12.34649079,      -10.69162565,      -13.73715008
          0,           0,          15,       -1.97100951,      0.2851295561,       0.339504442,       0.296516139,       3.517914699,       71.11653136,     -0.1956594135,       2.241983372,     0.08514242608,      0.1569745446,      -28.18851536,       1.245641658,     -0.3127276127,     0.08514242608,       2.228670789,      -11.45860213,    0.008036924015,    -0.02189906995,    -0.03350676202,    -0.02226302483,    -0.03570677014,    -0.02104236586,    -0.02337788599,     -0.0227729051,     -0.0231275536,      0.5347278165,      0.2262881428,      0.0223220359,      0.2387074664,    -0.01765681396,      0.3321076468,      0.3180553783,      0.2590660409,      0.3283656584,     0.01796179608,     0.01986362104,    0.003218540803,    -0.02002176866,    0.007142049621,     -0.3120613846,      0.2976861584,     -0.2736059986,      0.3449594121,    9.84742084e-06,      0.2274048769,    0.002457222585,     -0.2480646214,    0.008363763219,      0.6053836137,     -0.5742824614,     -0.4604920426,      0.5961943462,      -5.162426646,      -1.499850312,     -0.1830314662,      -1.585490005,      0.1768324191,      -5.396899001,      -5.171876975,      -4.102959125,      -5.262814251,       0.207169124,      0.1770664379,     0.01882051083,     -0.1795915011,     0.05141413012,      -5.020162675,       4.787677622,      -4.437872049,       5.641120058,    -0.01995958192,    -0.03371206437,    -0.03462908727,    -0.03472549764,    -0.03473374901,     -0.0383946993,    -0.03999157977,     -0.0363001646,    -0.04028118882,     0.01796179608,     0.01986362104,    0.003218540803,    -0.02002176866,    0.007142049621,     -0.3120613846,      0.2976861584,     -0.2736059986,      0.3449594121,      0.5344156107,       0.224831914,     0.02053783589,      0.2372151694,    -0.01950136387,      0.3305512324,      0.3163959904,      0.2575191581,       0.326705242,       66.53388977,      -10.33323074,     -0.6661949573,      -10.72214886,      0.4944948504,      -15.78280926,      -13.60496746,      -11.37606466,      -14.19802821
          0,           0,          20,      -1.945345133,      0.3198264647,      0.4154796264,        0.34299813,        3.54173992,       71.11653136,     -0.1678235855,       2.337676723,      0.1341333618,      0.1411656871,      -29.98535276,       1.858454968,     -0.2899381358,      0.1341333618,        2.32568981,      -13.92936944,     0.01133144533,    -0.02031708339,    -0.03213332891,     -0.0207568475,    -0.03377566574,    -0.01746025126,    -0.01892374673,    -0.01806434787,    -0.01772375941,       0.550082828,      0.2212357345,     0.02182000293,      0.2317097383,    -0.01686804156,      0.3479901835,      0.3473155174,       0.279924074,      0.3544666855,     0.04326156219,     0.01906424814,    0.005624500224,    -0.01919670429,    0.007966925786,     -0.3278071873,       0.327974248,     -0.2917598194,      0.3690055885,   6.253521808e-06,      0.2215279268,  -0.0002624132323,     -0.2396750079,    0.009203826412,      0.6336650309,     -0.6288313092,     -0.4947396617,      0.6402710415,      -5.508153649,      -1.465920613,      -0.178503324,      -1.538355603,      0.1686597812,      -5.658279891,      -5.653591639,      -4.454073376,       -5.69713445,      0.4665498964,      0.1694354978,     0.03497664634,     -0.1717594112,     0.05659229019,       -5.28188638,       5.288917511,      -4.734355376,       6.029984292,    -0.01747319483,    -0.03186782326,    -0.03323126202,    -0.03285515169,    -0.03284657228,    -0.03564872161,    -0.03707490211,     -0.0326896854,    -0.03625082256,     0.04326156219,     0.01906424814,    0.005624500224,    -0.01919670429,    0.007966925786,     -0.3278071873,       0.327974248,     -0.2917598194,      0.3690055885,      0.5499220006,      0.2198692246,     0.02010837088,      0.2303058587,    -0.01861260626,      0.3465994761,      0.3458491412,      0.2785950329,      0.3530533114,        48.5448071,      -10.88914832,     -0.6790458278,      -11.16305057,      0.4994140363,      -19.93042243,      -18.35342242,      -15.49594129,      -19.99952027
          0,           0,          25,      -1.932710133,      0.3512460673,      0.4323515919,        0.36002548,       3.551379636,       71.11653136,     -0.1719050068,       2.141920299,      0.0104110449,      0.1297029875,      -26.38691344,     0.05971215447,      -0.283768864,      0.0104110449,       2.129988059,      -12.45990643,     0.01375299712,    -0.02009601877,    -0.03185143053,    -0.02046800297,    -0.03368893272,    -0.01958495245,    -0.02259357095,    -0.01805791049,      -0.019317185,      0.5581697908,      0.2226342961,     0.02219040998,       0.233608528,    -0.01701659131,      0.2844362087,      0.2565260472,      0.2703506682,      0.3110209418,    -0.01726793391,     0.01939531622,    0.005251928981,    -0.01949537682,    0.009128810119,     -0.2656832858,      0.2372753255,       -0.28304485,      0.3248511107,   -6.02924226e-08,      0.2227558556,  -2.112919861e-05,     -0.2414344642,     0.01054841573,      0.5426072652,     -0.4885110799,     -0.4913878815,      0.5751460659,      -5.224861693,      -1.475265159,     -0.1807597384,      -1.551268756,       0.169483261,      -4.636810706,      -4.186639875,      -4.305136611,      -4.995654163,     -0.2928921715,      0.1714892731,     0.03251847279,     -0.1735233007,     0.06449690279,      -4.285937171,       3.825828264,      -4.598502082,       5.316233967,    -0.01547820064,    -0.03172025665,    -0.03296913558,    -0.03266607798,    -0.03275218363,    -0.03444435293,    -0.03598814323,     -0.0321822235,    -0.03556828987,    -0.01726793391,     0.01939531622,    0.005251928981,    -0.01949537682,    0.009128810119,     -0.2656832858,      0.2372753255,       -0.28304485,      0.3248511107,      0.5581246148,      0.2212774391,     0.02049302372,      0.2322171631,    -0.01875641318,      0.2830214015,      0.2549920311,       0.269035084,       0.309583715,       40.58532014,      -11.07852747,     -0.6966848775,      -11.41335226,      0.5051092433,      -14.52320139,      -11.35393992,      -14.97131511,      -16.10073837
          0,           0,          30,      -1.923847994,      0.3396912719,      0.4551874583,      0.3502561098,       3.560356622,       71.11653136,     -0.1776920865,       2.054936029,      0.1176027384,      0.1206464067,      -25.37861552,       1.572977168,     -0.2849956078,      0.1176027384,       2.042820125,      -11.56458945,    0.009086343295,    -0.02013999635,    -0.03189781899,    -0.02057139808,     -0.0335761453,    -0.02102472347,    -0.02238793078,    -0.01823020438,    -0.01895021248,      0.4926294551,      0.2212612347,     0.02164271989,      0.2306230222,    -0.01664447315,      0.2605149611,      0.2543809808,      0.2662066373,      0.3243214911,     0.04671040852,     0.01885811676,    0.006260849073,    -0.01898057652,    0.008959604063,     -0.2409691374,      0.2359100759,     -0.2781183657,      0.3389717636,  -1.683363588e-07,      0.2215290171,  -0.0009363523688,     -0.2384726867,     0.01017484842,      0.5119632842,     -0.4987152957,     -0.4902264957,      0.6053302558,       -4.50979609,      -1.466170924,     -0.1771472418,      -1.531175899,       0.166890687,      -4.249544413,      -4.157281859,      -4.239641577,      -5.214748208,      0.5204482903,      0.1678601664,     0.03916725832,     -0.1700628664,      0.0630856489,      -3.885746857,       3.809173856,      -4.520137973,       5.549189645,    -0.01670834283,    -0.03169231348,    -0.03298679658,    -0.03261308209,    -0.03265902594,    -0.03463020942,    -0.03567052078,    -0.03213739944,    -0.03589791724,     0.04671040852,     0.01885811676,    0.006260849073,    -0.01898057652,    0.008959604063,     -0.2409691374,      0.2359100759,     -0.2781183657,      0.3389717636,       0.492429866,      0.2199039579,     0.01994365643,      0.2292303376,    -0.01837890215,      0.2590575854,      0.2528606667,      0.2648877152,      0.3228852423,        54.2164696,      -10.98616062,     -0.6785015582,      -11.21085797,      0.4957231689,      -12.39088645,       -11.3624159,      -14.60250427,      -17.11439866
          0,           0,          35,      -1.915073147,      0.3462043206,      0.4517535715,      0.3621788983,       3.567621982,       71.11653136,      -0.174658688,       2.106453565,     0.01886618831,      0.1291164726,      -25.82847945,      0.1535269921,     -0.2846625859,     0.01886618831,       2.094425814,      -12.06039957,     0.01312619719,    -0.02006595884,    -0.03178969948,    -0.02043702583,    -0.03364368493,     -0.0205518318,    -0.02336161295,    -0.01832727777,    -0.01960779355,      0.5432992826,      0.2223315795,      0.0220694666,      0.2331325944,     -0.0169299564,      0.2740688733,      0.2470291865,      0.2691121457,      0.3123403932,    -0.01397447293,     0.01930502648,    0.006041093936,    -0.01938758777,    0.009736265199,     -0.2551275448,      0.2277782751,     -0.2818083112,      0.3263034444,   9.594294958e-06,      0.2224388198,  -0.0008461892457,     -0.2409150649,     0.01112409342,      0.5398829489,     -0.4883412225,     -0.4965630512,       0.582326544,      -4.982934094,      -1.473228119,     -0.1799111345,      -1.548086762,      0.1688583026,      -4.472370985,      -4.036754778,       -4.28616961,      -5.017882271,       -0.26981344,      0.1708456519,     0.03779611736,     -0.1727556453,     0.06853393403,      -4.118042958,        3.67556497,      -4.579923776,       5.341322138,    -0.01532587928,    -0.03167439495,    -0.03290115944,    -0.03261023486,    -0.03271153197,    -0.03486732279,    -0.03625810537,    -0.03238640236,     -0.0359275549,    -0.01397447293,     0.01930502648,    0.006041093936,    -0.01938758777,    0.009736265199,     -0.2551275448,      0.2277782751,     -0.2818083112,      0.3263034444,      0.5432416819,      0.2209767106,     0.02037547685,       0.231743503,    -0.01866752891,      0.2726176717,      0.2454679892,      0.2677841612,      0.3108861489,       41.39045563,      -11.08003765,     -0.6942332569,      -11.40736408,      0.5032134988,      -13.33549612,      -10.57414944,      -14.68369438,      -15.92940034
          0,           0,          40,      -1.905733359,      0.3527419395,      0.4618800101,      0.3755252009,       3.578125352,       71.11653136,     -0.1785110476,       2.049983032,      0.1287213601,      0.1195400086,      -25.35028925,       1.751053295,     -0.2855542267,      0.1287213601,       2.037831055,      -11.48378803,     0.00861997671,    -0.02014866409,    -0.03187791345,    -0.02056162399,    -0.03355600984,    -0.02125619458,    -0.02236461099,    -0.01841653565,    -0.01894947172,      0.4842300089,      0.2208311468,     0.02162254208,      0.2303458187,    -0.01665972609,      0.2612004273,      0.2584017925,       0.264226286,      0.3257847361,     0.05058632891,     0.01885300307,    0.006387339237,    -0.01897499741,    0.009095789156,     -0.2415439254,      0.2399170538,     -0.2761092654,      0.3405100341,   3.379698933e-06,      0.2210782907,   -0.001078743489,     -0.2381943375,     0.01030860098,      0.5154662721,     -0.5084738488,     -0.4857331812,      0.6061635761,      -4.418303962,      -1.463270611,      -0.176987878,      -1.529312648,       0.166959413,      -4.260847509,       -4.22306313,       -4.20701892,      -5.238444007,      0.5828173841,      0.1678031722,     0.04000975115,     -0.1699935498,     0.06396722241,      -3.895001062,       3.874486716,      -4.487166569,        5.57413023,    -0.01673447723,    -0.03167846029,    -0.03296586229,    -0.03258881369,     -0.0326381198,    -0.03489723783,    -0.03585766598,    -0.03221983177,    -0.03597375782,     0.05058632891,     0.01885300307,    0.006387339237,    -0.01897499741,    0.009095789156,     -0.2415439254,      0.2399170538,     -0.2761092654,      0.3405100341,      0.4840175232,      0.2194740058,     0.01992454805,      0.2289540255,    -0.01839308038,      0.2597299979,      0.2568771885,      0.2629003261,      0.3243465207,       56.17532683,      -10.96008876,     -0.6782922638,      -11.20270553,       0.496475182,      -12.28820269,      -11.55404816,      -14.34723072,      -17.19228594
          0,           0,          45,      -1.904144847,      0.3594536103,      0.4598093711,      0.3822123097,       3.579188767,       71.11653136,     -0.1742882917,       2.113273662,     0.02073032054,      0.1320190847,      -25.92947992,      0.1634815244,     -0.2846496335,     0.02073032054,       2.101255949,      -12.12516137,     0.01349516662,    -0.02006384695,     -0.0317769035,    -0.02045102777,    -0.03364079888,    -0.02056389327,    -0.02329221109,      -0.018386605,    -0.01960817181,       0.549389657,      0.2221753602,     0.02203704631,      0.2325637974,    -0.01690481614,      0.2753072747,      0.2482387128,      0.2679262443,      0.3125403853,    -0.01399797251,      0.0192797298,    0.006447316862,    -0.01934471895,    0.009800014521,     -0.2562505692,      0.2289197496,      -0.280579142,      0.3264559125,   1.216130714e-05,      0.2222877647,   -0.001258777413,      -0.240330094,     0.01117567889,      0.5417422058,     -0.4905684895,     -0.4935721882,       0.582530823,      -5.063967806,      -1.472210681,     -0.1796884888,      -1.544295989,      0.1686903447,      -4.493208676,      -4.056697756,      -4.267065877,      -5.021034989,      -0.285290959,      0.1706678419,     0.04052431789,     -0.1724533513,     0.06896013045,      -4.136867071,       3.694355641,      -4.560106177,       5.343691151,    -0.01527616108,    -0.03166411007,    -0.03288668425,    -0.03259444907,    -0.03270996562,    -0.03494418065,    -0.03625210034,      -0.032383583,    -0.03593839943,    -0.01399797251,      0.0192797298,    0.006447316862,    -0.01934471895,    0.009800014521,     -0.2562505692,      0.2289197496,      -0.280579142,      0.3264559125,        0.54934302,       0.220820816,     0.02034377067,      0.2311747527,    -0.01864227205,      0.2738537446,      0.2466794901,      0.2665967801,      0.3110858472,       40.71010551,      -11.07341781,     -0.6934925649,      -11.37174131,      0.5025093547,       -13.3878965,      -10.65758471,      -14.57181705,      -15.93929247
          0,           0,          50,      -1.907636247,      0.3494476553,      0.4644517362,       0.376720301,       3.576066904,       71.11653136,     -0.1790954831,       2.041115593,      0.1251550773,      0.1146592866,      -25.21614218,       1.743317198,     -0.2856737753,      0.1251550773,       2.028945181,      -11.39680107,    0.008413372655,    -0.02014278521,     -0.0318851201,    -0.02056405399,    -0.03355590221,    -0.02139945695,     -0.0224920872,    -0.01846893616,    -0.01900051391,      0.4799383188,      0.2209343235,     0.02163373285,      0.2305408898,    -0.01666662018,      0.2584631767,      0.2572911617,      0.2638200016,      0.3251606081,     0.04702117264,     0.01885264529,    0.005764540532,    -0.01900705987,    0.008496409727,     -0.2389738094,      0.2387801912,     -0.2757068604,      0.3399278476,   3.734516712e-06,      0.2211777126,   -0.000483380566,      -0.238377742,    0.009735370824,      0.5101991242,     -0.5063762475,     -0.4856504846,      0.6044311989,      -4.362544944,      -1.463950754,     -0.1770630228,      -1.530600637,      0.1670012804,      -4.215746162,      -4.204738938,      -4.200293136,      -5.228205865,      0.5628775944,       0.167797277,      0.0358600177,     -0.1702203028,     0.05997481011,      -3.852742624,       3.855705477,      -4.480573639,       5.564638588,    -0.01671618843,    -0.03167798931,    -0.03297364475,    -0.03260144959,    -0.03263765151,    -0.03489704724,    -0.03592684155,    -0.03225089718,    -0.03599206572,     0.04702117264,     0.01885264529,    0.005764540532,    -0.01900705987,    0.008496409727,     -0.2389738094,      0.2387801912,     -0.2757068604,      0.3399278476,      0.4797209019,      0.2195773487,     0.01993534632,      0.2291487021,    -0.01839995939,      0.2569890008,      0.2557614082,       0.262491856,      0.3237205767,       57.04469996,      -10.96840984,     -0.6784899283,      -11.21086776,      0.4966822253,      -12.07802503,      -11.43918568,      -14.28452616,      -17.11325334
          0,           0,          55,      -1.917023761,      0.3405672871,      0.4586450747,      0.3646191207,       3.565378473,       71.11653136,      -0.174384347,       2.118775966,     0.01427170096,      0.1335736868,      -25.98623957,      0.0828451503,     -0.2850335256,     0.01427170096,       2.106745686,      -12.15003527,     0.01323343718,    -0.02006328566,    -0.03177305287,    -0.02043409589,    -0.03363739635,    -0.02048975637,    -0.02331732922,    -0.01831513952,    -0.01958772831,      0.5535696289,      0.2222409298,     0.02202698489,      0.2327014299,    -0.01689957879,       0.276434111,      0.2473794982,      0.2691060661,      0.3122168962,    -0.01593105166,     0.01927764529,    0.005800116157,    -0.01932083282,    0.009409567495,     -0.2573866908,      0.2280697198,     -0.2817458958,      0.3260991233,   1.209032434e-05,      0.2223482046,   -0.000582708786,     -0.2404705894,     0.01077329322,      0.5435703911,     -0.4889216033,     -0.4954361986,      0.5822808075,      -5.101129371,      -1.472639809,     -0.1796155286,      -1.545213965,      0.1686505907,      -4.511459426,      -4.042734517,      -4.286155093,      -5.015942445,     -0.3024665731,      0.1706561763,     0.03620802154,     -0.1722750778,     0.06636696663,      -4.155254349,       3.680571975,      -4.578937483,       5.337975495,    -0.01575629466,     -0.0316669812,    -0.03288231232,    -0.03258474352,    -0.03270684186,     -0.0349291194,    -0.03623221622,    -0.03237396256,    -0.03590105383,    -0.01593105166,     0.01927764529,    0.005800116157,    -0.01932083282,    0.009409567495,     -0.2573866908,      0.2280697198,     -0.2817458958,      0.3260991233,      0.5535035656,      0.2208863251,     0.02033392457,      0.2313130827,    -0.01863686381,      0.2749829166,      0.2458201384,      0.2677787252,      0.3107638713,       41.83112984,      -11.07699574,     -0.6932599451,      -11.38789948,      0.5024044849,      -13.49133225,      -10.60925528,      -14.69309397,      -15.93941325
          0,           0,          60,      -1.916464712,       0.342396991,      0.4603498439,      0.3678953952,       3.567230657,       71.11653136,     -0.1788851838,       2.042157726,      0.1212467769,      0.1157911089,      -25.25027856,       1.670255008,     -0.2855183053,      0.1212467769,       2.029996893,      -11.41602498,    0.008459715966,    -0.02014561105,    -0.03188341023,    -0.02056274855,    -0.03355961325,     -0.0213493986,    -0.02257149315,    -0.01833584055,    -0.01893678438,       0.479099195,      0.2208224518,     0.02162775074,      0.2305700516,    -0.01666401246,      0.2588936869,      0.2558291256,      0.2659960431,       0.325983434,     0.04673697913,     0.01884639291,    0.005578152465,    -0.01900592254,    0.008377134957,     -0.2394167292,      0.2373333185,     -0.2779026232,      0.3407000739,   3.947006056e-06,      0.2210685706,  -0.0002750986519,     -0.2384226555,     0.00961152199,      0.5110810358,     -0.5037476213,     -0.4896929996,      0.6061644086,       -4.36466973,      -1.463207052,     -0.1770255217,      -1.530806063,      0.1669907779,      -4.222675736,      -4.180964227,      -4.235895974,      -5.242025031,      0.5454407546,      0.1677539891,     0.03461670399,     -0.1702170373,     0.05918981619,       -3.85988447,       3.832206266,      -4.516401999,       5.577550985,    -0.01662599229,    -0.03167495637,    -0.03297162415,    -0.03260167214,    -0.03264149394,    -0.03486958866,    -0.03592962163,    -0.03223186919,    -0.03597148691,     0.04673697913,     0.01884639291,    0.005578152465,    -0.01900592254,    0.008377134957,     -0.2394167292,      0.2373333185,     -0.2779026232,      0.3407000739,      0.4788853536,      0.2194654825,      0.0199294619,      0.2291778922,    -0.01839754946,      0.2574215409,        0.25429722,      0.2646718811,      0.3245456103,       56.63301191,      -10.96131814,     -0.6783386903,      -11.21299767,      0.4965495976,      -12.12650959,      -11.33416934,      -14.50689116,      -17.21429718
          0,           0,          65,      -1.905273297,      0.3624405009,      0.4586732648,      0.3808430316,       3.578384094,       71.11653136,     -0.1747578968,       2.113334532,     0.01295385019,      0.1315552933,      -25.90492509,     0.06275138397,     -0.2851217808,     0.01295385019,       2.101292159,      -12.09292725,     0.01310810058,    -0.02006491762,    -0.03177789962,    -0.02043514808,    -0.03363977262,    -0.02049802787,    -0.02336872797,    -0.01836527905,    -0.01971622461,      0.5509243272,      0.2222536119,     0.02203239364,      0.2327242264,    -0.01690516041,      0.2764541039,      0.2467077495,       0.268743729,      0.3103995513,    -0.01512122065,     0.01928105912,    0.005764199216,    -0.01932562177,     0.00940484457,     -0.2574153452,       0.227418009,     -0.2813378721,       0.324285798,   1.212780709e-05,        0.22236363,   -0.000551883745,     -0.2404943089,     0.01077488658,      0.5438014956,     -0.4876313658,     -0.4952595739,      0.5785402857,      -5.065653427,      -1.472717765,      -0.179654415,      -1.545358941,      0.1686902231,      -4.511917359,      -4.031941924,      -4.280259798,      -4.986111685,     -0.2881519287,      0.1706812104,     0.03596974888,      -0.172306622,      0.0663389132,      -4.155844256,       3.670104695,      -4.572374394,       5.308334018,     -0.0157430151,    -0.03166927466,     -0.0328874355,    -0.03258698735,    -0.03270892274,    -0.03493842592,    -0.03624838792,    -0.03240507011,    -0.03593426154,    -0.01512122065,     0.01928105912,    0.005764199216,    -0.01932562177,     0.00940484457,     -0.2574153452,       0.227418009,     -0.2813378721,       0.324285798,      0.5508553296,      0.2208989044,     0.02033907225,       0.231335793,    -0.01864256214,      0.2750024493,      0.2451466204,      0.2674142606,       0.308942292,        42.0293027,      -11.07672685,     -0.6933244142,      -11.38842868,      0.5025349189,       -13.4868635,      -10.55717495,      -14.63325051,      -15.74335642
          0,           0,          70,       -1.90563481,      0.3566970862,       0.461912208,      0.3818873974,       3.578652247,       71.11653136,     -0.1789603568,       2.039390782,       0.120067923,      0.1157202219,      -25.20411927,       1.653892481,     -0.2854485645,       0.120067923,       2.027229806,      -11.39576842,     0.00840664144,    -0.02014053731,    -0.03188144145,    -0.02055560148,    -0.03355647504,    -0.02136435047,    -0.02259852899,    -0.01833355438,    -0.01893650911,      0.4784797165,      0.2209087155,     0.02163386393,      0.2306555638,    -0.01666931727,      0.2582533928,      0.2551103982,      0.2655722832,      0.3254461649,     0.04571362997,     0.01885316991,     0.00562413522,    -0.01901552359,    0.008406680921,     -0.2387981701,      0.2366305059,     -0.2774930999,      0.3401465946,   3.851040631e-06,      0.2211536553,  -0.0003210687666,     -0.2385062083,    0.009641246866,      0.5098519643,     -0.5024820755,     -0.4888227404,      0.6052015973,       -4.35506543,      -1.463784545,      -0.177064169,      -1.531376667,      0.1670211451,      -4.212214513,       -4.16923983,      -4.229029755,      -5.233365509,      0.5322619699,      0.1677977234,     0.03492180028,     -0.1702793621,      0.0593821609,      -3.849812865,       3.820770168,      -4.509709831,       5.568560716,    -0.01664657308,    -0.03167440427,      -0.032969978,    -0.03259901024,    -0.03263808239,    -0.03485100963,    -0.03591900513,    -0.03220740827,    -0.03594309352,     0.04571362997,     0.01885316991,     0.00562413522,    -0.01901552359,    0.008406680921,     -0.2387981701,      0.2366305059,     -0.2774930999,      0.3401465946,      0.4782639463,      0.2195518935,     0.01993566974,      0.2292636614,    -0.01840268276,      0.2567813418,      0.2535780626,      0.2642488215,      0.3240090919,       56.91686983,      -10.96836257,     -0.6785723274,      -11.22105642,      0.4967541212,      -12.08805263,      -11.28880549,      -14.48558625,      -17.18617529
          0,           0,          75,      -1.909659336,      0.3546174682,      0.4547671437,      0.3773802945,       3.573562007,       71.11653136,     -0.1748210534,       2.111830807,     0.01293937344,      0.1325443188,      -25.87886115,     0.05396741027,     -0.2851061519,     0.01293937344,       2.099787189,        -12.079957,     0.01314313269,    -0.02006916339,    -0.03178024515,    -0.02044577504,    -0.03364364846,    -0.02049525837,    -0.02339842694,    -0.01838783685,    -0.01974383185,      0.5516588481,      0.2222174745,     0.02203085668,      0.2326326013,    -0.01690795579,      0.2763783493,      0.2461644672,      0.2680351168,      0.3096210491,    -0.01460448818,     0.01928178056,    0.005781689198,    -0.01931984371,    0.009405168579,     -0.2573529708,      0.2268935131,     -0.2806321231,      0.3234866478,   1.229648477e-05,      0.2223273382,  -0.0005637717137,     -0.2404055361,     0.01077079366,      0.5435420226,     -0.4867029316,     -0.4937633315,      0.5773274388,      -5.074655166,      -1.472475926,     -0.1796467655,      -1.544741607,      0.1687152646,      -4.510700908,      -4.023094652,      -4.268737079,      -4.973524311,     -0.2881100755,      0.1706897621,     0.03608823085,     -0.1722736764,     0.06634224724,      -4.154850471,       3.661570112,      -4.560882145,       5.295393427,    -0.01574647285,    -0.03167162332,    -0.03288969738,    -0.03259280446,    -0.03271264698,    -0.03493169553,    -0.03624961299,    -0.03239051111,     -0.0359210873,    -0.01460448818,     0.01928178056,    0.005781689198,    -0.01931984371,    0.009405168579,     -0.2573529708,      0.2268935131,     -0.2806321231,      0.3234866478,      0.5515906772,      0.2208625943,     0.02033741463,      0.2312437372,    -0.01864555653,      0.2749269435,      0.2446025283,       0.266705439,      0.3081634119,       41.97316279,      -11.07258286,     -0.6932248815,      -11.37802802,      0.5025601133,      -13.48498976,      -10.52055627,      -14.57676175,      -15.68191278
          0,           0,          80,      -1.917076475,      0.3408725632,      0.4525604946,      0.3764459156,       3.566587149,       71.11653136,     -0.1791544446,       2.037128872,       0.116806964,        0.11390108,      -25.17358689,       1.617088562,     -0.2855240071,       0.116806964,       2.024960839,      -11.37079729,    0.008309843206,    -0.02013624987,    -0.03188096003,    -0.02054421175,    -0.03355556301,    -0.02134049719,    -0.02259036953,    -0.01837796403,    -0.01903847237,       0.476046736,      0.2209809396,     0.02163977932,      0.2308035492,     -0.0166712748,      0.2589664386,      0.2553485563,      0.2656653194,      0.3243488285,     0.04421502247,     0.01885603758,    0.005531577396,    -0.01903023809,    0.008354202192,     -0.2394524157,      0.2368124309,     -0.2775965391,      0.3391168863,   3.712817521e-06,      0.2212294913,  -0.0002330419981,     -0.2386560242,    0.009594478622,      0.5113141851,     -0.5027704632,     -0.4893157687,      0.6027345103,      -4.324048525,      -1.464265914,     -0.1771022593,      -1.532370355,      0.1670314169,      -4.223873335,      -4.173305941,      -4.230371523,      -5.215280453,      0.5224942385,      0.1678149118,     0.03430206208,     -0.1703743887,     0.05903416567,      -3.860485454,       3.823916484,       -4.51133788,       5.551724423,    -0.01661590629,    -0.03167390262,    -0.03296980682,    -0.03259538108,    -0.03263706917,    -0.03486450698,    -0.03592332108,    -0.03225662621,     -0.0359874869,     0.04421502247,     0.01885603758,    0.005531577396,    -0.01903023809,    0.008354202192,     -0.2394524157,      0.2368124309,     -0.2775965391,      0.3391168863,      0.4758292341,       0.219624243,     0.01994160222,        0.22941204,    -0.01840458987,      0.2574946588,      0.2538163214,       0.264339406,       0.322907923,       57.28709004,      -10.97428474,     -0.6787681205,      -11.23448064,      0.4968259598,      -12.13497681,      -11.30342538,      -14.45564476,      -17.03649443
          0,           0,          85,       -1.92971895,      0.3299876025,      0.4390201455,      0.3713873553,       3.552673656,       71.11653136,     -0.1744879886,       2.116302764,     0.00771756014,      0.1341467199,      -25.94435219,    -0.03768475016,     -0.2850075877,     0.00771756014,       2.104270449,      -12.12864439,     0.01324618474,    -0.02007379506,    -0.03178163219,    -0.02045276982,    -0.03363921458,    -0.02043121604,    -0.02343451407,    -0.01824178478,    -0.01967924682,      0.5546248612,      0.2221387248,     0.02202688603,      0.2325215343,    -0.01690649433,      0.2772293838,      0.2448216061,      0.2698885628,      0.3099576992,    -0.01598143929,     0.01927734221,    0.005815517027,     -0.0193122337,    0.009390398983,       -0.25819948,      0.2254735825,     -0.2825814788,      0.3238353512,    1.26029874e-05,      0.2222437076,  -0.0005935473921,     -0.2402923009,     0.01074592831,      0.5449478455,       -0.48416329,     -0.4970853833,       0.578331157,      -5.113980162,      -1.471949067,     -0.1796224196,      -1.543993679,      0.1687013543,      -4.524404645,      -4.001029933,      -4.298963506,      -4.979110137,     -0.3170358794,      0.1706615829,      0.0363142393,     -0.1722259366,     0.06623066504,      -4.168470651,       3.638298742,      -4.592514815,       5.301057301,    -0.01579879117,     -0.0316721272,    -0.03289087471,    -0.03259397685,    -0.03270829565,    -0.03491228067,    -0.03621537075,    -0.03234166106,    -0.03587420969,    -0.01598143929,     0.01927734221,    0.005815517027,     -0.0193122337,    0.009390398983,       -0.25819948,      0.2254735825,     -0.2825814788,      0.3238353512,      0.5545580188,      0.2207837101,     0.02033337684,      0.2311324563,    -0.01864386503,      0.2757801633,      0.2432596189,      0.2685639886,      0.3085029808,       41.87053648,      -11.06610505,      -0.693069692,      -11.36870636,      0.5025829095,      -13.56891255,      -10.44705281,      -14.79507439,      -15.75048588
          0,           0,          90,      -1.926333557,      0.3298520626,      0.4444841556,      0.3763837257,       3.557254217,       71.11653136,     -0.1789053374,       2.043042647,      0.1145842684,      0.1159479025,      -25.26783761,       1.589429667,     -0.2855847444,      0.1145842684,       2.030879546,      -11.41968527,    0.008418013017,    -0.02013802901,    -0.03187989274,     -0.0205479201,    -0.03356038494,    -0.02130833035,    -0.02261222121,    -0.01830620891,    -0.01897036314,       0.478106411,      0.2209347859,     0.02163797481,      0.2307579974,    -0.01666895204,      0.2599123762,      0.2552468752,      0.2673228267,      0.3257923517,      0.0434030643,     0.01885320763,    0.005459041743,    -0.01903106626,    0.008290437692,     -0.2403878248,      0.2366854697,     -0.2792103133,      0.3405222517,   3.812653056e-06,       0.221182239,  -0.0001641664171,     -0.2386133064,    0.009537843171,      0.5129544486,     -0.5025902509,     -0.4920392458,      0.6056765285,      -4.354339198,      -1.463959615,     -0.1770890815,      -1.532073303,      0.1670220101,      -4.239244303,       -4.17173335,      -4.257332344,      -5.239088423,      0.5160187434,      0.1677954639,      0.0338172869,     -0.1703806533,     0.05861625645,      -3.875647683,        3.82190846,      -4.537590094,       5.574891886,    -0.01661567978,    -0.03167326383,    -0.03296864656,    -0.03259670035,    -0.03264200605,    -0.03488189077,    -0.03593982124,    -0.03227171665,    -0.03599501918,      0.0434030643,     0.01885320763,    0.005459041743,    -0.01903106626,    0.008290437692,     -0.2403878248,      0.2366854697,     -0.2792103133,      0.3405222517,      0.4778917475,      0.2195780595,     0.01993985604,      0.2293663565,    -0.01840252265,      0.2584409834,       0.253713636,      0.2659983971,      0.3243530325,       56.79563693,      -10.97102332,     -0.6787342412,      -11.23023626,      0.4966853648,       -12.1976885,       -11.2880054,      -14.60285021,       -17.1737541
          0,           0,          95,      -1.904128155,      0.3585060523,      0.4557228625,      0.3901355428,       3.579025102,       71.11653136,      -0.174621919,       2.114886285,    0.009198433084,       0.131586714,      -25.92584961,   -0.004593499093,     -0.2850672018,    0.009198433084,       2.102848901,      -12.11123035,     0.01313438452,    -0.02006586105,    -0.03177876656,    -0.02044190654,    -0.03364092525,    -0.02044170209,    -0.02339608664,    -0.01826829442,    -0.01972276094,      0.5523113398,      0.2222590217,     0.02203204602,       0.232656093,    -0.01690698176,      0.2771700743,      0.2457729881,      0.2697703923,      0.3098213112,    -0.01553108661,     0.01928267499,    0.005764645895,    -0.01932168395,    0.009378611595,     -0.2581323041,      0.2264433196,     -0.2823829467,      0.3236972024,   1.242049935e-05,      0.2223682252,  -0.0005470194786,     -0.2404231563,     0.01074260312,      0.5450103334,     -0.4859125837,     -0.4971771454,      0.5775130366,       -5.08315419,      -1.472755506,     -0.1796533234,      -1.544896907,      0.1687044246,      -4.523570784,      -4.016729903,      -4.297088311,       -4.97670511,     -0.3012510663,      0.1706940641,     0.03597547583,      -0.172283696,     0.06616244297,      -4.167509628,       3.654270984,      -4.589366021,       5.298713946,    -0.01578935781,    -0.03167049992,    -0.03288828306,    -0.03259017072,    -0.03270997847,    -0.03491964833,    -0.03622678747,    -0.03236194981,    -0.03591052617,    -0.01553108661,     0.01928267499,    0.005764645895,    -0.01932168395,    0.009378611595,     -0.2581323041,      0.2264433196,     -0.2823829467,      0.3236972024,      0.5522418169,      0.2209042574,     0.02033867973,      0.2312673992,    -0.01864444132,      0.2757203863,      0.2442117082,      0.2684445927,      0.3083645023,        42.0507972,      -11.07647567,     -0.6932945613,      -11.38133043,      0.5025718419,      -13.55905066,      -10.50487596,      -14.76713622,      -15.70882049
          0,           0,         100,      -1.904785328,      0.3594874828,      0.4582035563,      0.3922876671,       3.579662448,       71.11653136,     -0.1789662325,        2.04210688,      0.1159982679,      0.1160156279,      -25.25193649,       1.601810419,     -0.2855965818,      0.1159982679,       2.029941874,      -11.41057087,    0.008403638233,    -0.02014101681,    -0.03188213989,    -0.02055635706,    -0.03355965256,    -0.02132609309,    -0.02261658033,    -0.01834145417,    -0.01894657681,       0.478840376,      0.2209057435,     0.02163896844,      0.2306969718,    -0.01667574341,      0.2593643544,       0.255197899,      0.2665570648,       0.325581245,     0.04379657521,     0.01885634728,    0.005503103605,    -0.01902760832,     0.00828124892,      -0.239860066,      0.2366522135,     -0.2784950412,      0.3402914949,   3.920330132e-06,      0.2211511798,  -0.0002051784681,     -0.2385520542,    0.009520902767,      0.5118362192,     -0.5025142301,     -0.4906497695,      0.6054246381,      -4.364685451,      -1.463764561,     -0.1770982349,      -1.531659873,       0.167067817,      -4.230329838,      -4.170855763,      -4.244925263,      -5.235685323,      0.5124228687,      0.1678188514,     0.03411535609,     -0.1703637605,     0.05854930557,       -3.86708348,       3.821289712,      -4.526021824,       5.571083389,    -0.01666844763,    -0.03167472757,    -0.03297094263,     -0.0326019319,    -0.03264091925,    -0.03487094792,    -0.03594161117,    -0.03226683673,    -0.03596021698,     0.04379657521,     0.01885634728,    0.005503103605,    -0.01902760832,     0.00828124892,      -0.239860066,      0.2366522135,     -0.2784950412,      0.3402914949,      0.4786239543,      0.2195489005,     0.01994073071,       0.229304973,    -0.01840926639,      0.2578927831,      0.2536644988,      0.2652318401,        0.32414346,       56.98012726,      -10.96795389,     -0.6787175677,      -11.22265833,      0.4968985713,      -12.16183167,      -11.28366425,      -14.53303878,      -17.18417254
          0,           0,         105,      -2.481692811,     -0.1953625042,     -0.1700913751,     -0.3022986857,       3.001774462,       71.11653136,     -0.1782013665,        2.03203889,      0.1244542972,      0.1198185733,      -24.97382837,       1.858482718,     -0.2843058462,      0.1244542972,       2.019927713,      -11.40304887,    0.009905388812,    -0.02032580996,    -0.03202579109,    -0.02071798736,     -0.0336341226,    -0.02144699966,    -0.02258994366,    -0.01867129571,    -0.01869480527,       0.477344639,       0.219819441,     0.02164849859,      0.2300568118,    -0.01664584184,      0.2548613531,      0.2568938527,       0.260373722,      0.3276864137,     0.03817412152,     0.01886634622,    0.005251870006,    -0.01904130383,    0.008324980335,     -0.2355342628,      0.2383871399,     -0.2723875055,      0.3424129113,   6.859332452e-06,      0.2201097621,  -1.456402459e-05,     -0.2379581869,    0.009603373275,      0.5059891052,     -0.5056337287,     -0.4816819716,      0.6093979244,      -4.209577805,       -1.45638916,     -0.1772908008,      -1.527322362,      0.1670267875,      -4.157410034,      -4.198852381,      -4.143428991,      -5.270583628,      0.5371704018,      0.1681003546,     0.03245804864,      -0.170614845,     0.05893417347,      -3.797236441,       3.849780478,      -4.425951966,       5.605842513,    -0.01509047432,    -0.03180241479,    -0.03311489573,    -0.03272983731,    -0.03271685216,    -0.03475601991,    -0.03600377036,    -0.03227261508,     -0.0358189665,     0.03817412152,     0.01886634622,    0.005251870006,    -0.01904130383,    0.008324980335,     -0.2355342628,      0.2383871399,     -0.2723875055,      0.3424129113,      0.4772088627,      0.2184544154,     0.01994272967,      0.2286572313,    -0.01838330326,      0.2533896253,      0.2553595223,      0.2590397088,      0.3262589204,       48.19039899,      -10.81479367,     -0.6759707678,      -11.10420659,      0.4949093525,      -11.88331036,      -11.37204486,      -13.94513407,      -17.52820684
          0,           0,         110,      -2.064791345,      0.2026646873,      0.2222831942,      0.2104650089,       3.424316497,       71.11653136,     -0.1841385676,        1.94058283,     0.07381094171,      0.1363348071,      -23.62850782,      0.9884950322,     -0.2854484702,     0.07381094171,       1.928286261,      -10.53870927,    0.006479239335,    -0.02033724066,    -0.03198792397,    -0.02073719004,    -0.03370215692,    -0.02156528618,    -0.02356256342,    -0.01901072074,    -0.01971472499,      0.4437502209,      0.2181714496,     0.02171635922,      0.2293855888,    -0.01681609977,      0.2539298399,      0.2398722608,      0.2454462238,      0.3051269869,     0.01355775097,      0.0190361864,    0.004959392175,    -0.01913936303,    0.008450741305,     -0.2353041063,      0.2209260208,     -0.2588705495,      0.3201948688,   1.323209714e-05,      0.2180439846,   0.0002764487711,     -0.2370972603,    0.009779386271,      0.5041529181,     -0.4748777538,     -0.4541273993,      0.5701712507,      -3.792707013,       -1.44511364,     -0.1777186218,      -1.522791318,      0.1682169789,      -4.143526366,      -3.917768428,      -3.899707098,      -4.897392316,     0.09938475192,       0.169116516,     0.03056987048,     -0.1712348803,     0.05989791672,      -3.794717847,       3.561576783,      -4.204553466,       5.238455388,    -0.01675373238,    -0.03172758062,    -0.03308063206,    -0.03271388458,    -0.03277588263,     -0.0348253927,    -0.03608421589,    -0.03183033003,    -0.03565681928,     0.01355775097,      0.0190361864,    0.004959392175,    -0.01913936303,    0.008450741305,     -0.2353041063,      0.2209260208,     -0.2588705495,      0.3201948688,      0.4434811738,      0.2168080843,     0.02001247912,      0.2279859232,     -0.0185568885,       0.252453198,      0.2383103549,       0.244114904,      0.3036770319,       68.48801193,      -10.72768195,     -0.6788924234,        -11.061556,      0.4989621231,      -11.77493485,       -10.1802277,      -12.91093732,      -15.47711099
          0,           0,         115,      -1.963657237,      0.3484135333,      0.3644565089,      0.3077591424,       3.529732157,       71.11653136,     -0.1816846218,       2.014788966,     0.06678122883,      0.1289105325,      -24.68120259,      0.9706341278,     -0.2868815365,     0.06678122883,       2.002519129,      -11.08948542,    0.009136445756,    -0.02022539518,    -0.03178788732,    -0.02052879211,    -0.03359797897,    -0.02156970135,    -0.02356346963,    -0.01946267337,    -0.02008516967,      0.5009856436,      0.2190508208,     0.02163411564,      0.2297966306,    -0.01680597205,      0.2563848932,      0.2424675882,       0.252810183,      0.3084650628,     0.01128863338,     0.01894440084,    0.003854767023,    -0.01907220856,    0.007443161199,     -0.2367819633,      0.2233841196,     -0.2653748037,      0.3230951224,   8.308288239e-06,      0.2192356996,    0.001483470105,     -0.2377204094,    0.008714294928,      0.5063881309,     -0.4791668046,     -0.4647108316,      0.5746786741,      -4.565888786,      -1.451387769,     -0.1769708419,      -1.525786603,      0.1679806003,      -4.184677737,      -3.965717527,       -4.02098423,      -4.957769695,       0.129897479,      0.1684071098,      0.0231382054,     -0.1705485312,     0.05303950818,      -3.819937534,       3.607465979,      -4.313570636,       5.292742548,    -0.01709563815,    -0.03166191115,    -0.03287656526,    -0.03252728452,    -0.03267237749,    -0.03495828938,     -0.0362209498,    -0.03266706313,    -0.03620145767,     0.01128863338,     0.01894440084,    0.003854767023,    -0.01907220856,    0.007443161199,     -0.2367819633,      0.2233841196,     -0.2653748037,      0.3230951224,      0.5007772248,      0.2176921039,     0.01994081736,      0.2284073083,    -0.01854132241,      0.2549046557,      0.2409020781,      0.2514451178,      0.3069911456,       54.83375669,      -10.83048409,      -0.680577335,      -11.19387002,      0.5002078271,      -11.88634414,      -10.28997817,      -12.98948907,      -15.35785198
          0,           0,         120,      -1.888957168,       0.411982858,      0.4321982455,      0.3954672373,       3.597908396,       71.11653136,     -0.1783539006,       2.033543281,     0.01697088306,      0.1223459483,      -24.76779985,     0.06172650812,     -0.2845369049,     0.01697088306,       2.021422058,      -11.40173147,     0.01193584188,    -0.02006555881,    -0.03183537518,    -0.02041765291,    -0.03355893909,    -0.02144939522,    -0.02429649447,    -0.01845515452,    -0.02021117222,      0.5137012749,      0.2222505347,     0.02198365613,      0.2336375461,    -0.01679718933,      0.2600501759,      0.2275449141,      0.2684216162,      0.3027507521,   -0.000599503976,      0.0191862491,    0.005146668645,     -0.0193029895,    0.009362652137,     -0.2410400452,      0.2084800047,     -0.2809655461,      0.3167033933,   7.541223294e-06,      0.2222873799,    2.41565042e-05,     -0.2412589169,     0.01071557516,      0.5136150439,     -0.4500899683,     -0.4968381314,      0.5638832682,      -4.627405829,      -1.472613886,     -0.1793652456,       -1.55129698,      0.1678524295,      -4.244245361,      -3.719364728,      -4.277691698,      -4.863668548,     -0.1249181168,      0.1700387566,      0.0318643207,     -0.1722063838,      0.0660086237,       -3.88890762,       3.361730318,      -4.569197201,       5.187313811,    -0.01496556322,    -0.03166975392,    -0.03294228157,    -0.03261731562,    -0.03263385077,    -0.03502997419,    -0.03617197764,    -0.03247796433,    -0.03602822363,   -0.000599503976,      0.0191862491,    0.005146668645,     -0.0193029895,    0.009362652137,     -0.2410400452,      0.2084800047,     -0.2809655461,      0.3167033933,      0.5136219388,      0.2208957979,     0.02028739349,      0.2322487765,    -0.01853050853,      0.2585712115,      0.2259614914,      0.2670878855,      0.3012780717,        43.0385456,      -11.07621955,      -0.690541764,      -11.44291888,      0.5005280197,      -12.12389316,      -9.365339281,      -14.54453366,       -14.9793762
          0,           0,         125,      -1.891870782,       0.409141037,      0.4363362907,      0.4115610859,       3.594643833,       71.11653136,     -0.1798835858,       2.035263351,      0.0779593823,      0.1319494136,      -25.07376641,       1.070650021,     -0.2861545153,      0.0779593823,       2.023059714,      -11.31433611,    0.008784004611,    -0.02017300711,     -0.0318210867,    -0.02062364575,    -0.03364582542,    -0.02084360844,    -0.02291391825,    -0.01894590457,    -0.01970059421,      0.4976491734,      0.2202956051,     0.02163262093,      0.2287911172,     -0.0168499215,      0.2670706753,      0.2515227369,      0.2549469951,      0.3102043484,      0.0217216607,      0.0189074326,    0.005959211707,    -0.01903799966,    0.007805065227,     -0.2474957781,       0.232452267,     -0.2671119025,      0.3247594254,   1.020712201e-05,      0.2205973068,  -0.0005980383401,     -0.2367651396,    0.009004107207,      0.5251967204,     -0.4962040305,     -0.4678086621,      0.5785169426,      -4.578325226,      -1.459688781,     -0.1770090321,      -1.518939866,       0.168361492,      -4.357311035,      -4.112671475,      -4.053735854,      -4.984446629,      0.2400395004,      0.1681595296,      0.0371173234,     -0.1703603374,     0.05531272808,      -3.992788908,       3.754382039,      -4.338773373,       5.317561518,    -0.01727297893,    -0.03167474186,    -0.03290964091,    -0.03256938366,    -0.03271785823,    -0.03479244217,    -0.03604619847,    -0.03226283464,    -0.03590843643,      0.0217216607,      0.0189074326,    0.005959211707,    -0.01903799966,    0.007805065227,     -0.2474957781,       0.232452267,     -0.2671119025,      0.3247594254,      0.4974268818,       0.218937924,     0.01993758717,      0.2273982087,    -0.01858771571,       0.265613794,       0.249978812,      0.2536060471,      0.3087481747,       56.65402006,      -10.92031564,     -0.6798203069,      -11.09363107,       0.500802738,      -12.81307294,      -10.97685408,      -13.45657549,      -15.74593868
          0,           0,         130,      -1.893395365,       0.395690116,      0.4287759385,      0.4089890291,       3.590905776,       71.11653136,     -0.1751208803,       2.097752622,     0.01627184415,      0.1261024748,      -25.71571778,   -0.002810827036,     -0.2846687726,     0.01627184415,       2.085712606,      -11.97888349,     0.01274857862,    -0.02004200394,    -0.03185169892,    -0.02037670679,    -0.03358349803,    -0.02085552073,    -0.02381939229,     -0.0178215073,    -0.01951913089,      0.5309880879,      0.2226800021,     0.02205188114,      0.2348336414,    -0.01677884914,      0.2712936689,      0.2366652596,      0.2808800002,      0.3151389301,    -0.00122239071,     0.01924543568,    0.005807555884,    -0.01933785465,     0.01081514633,     -0.2523118571,      0.2176827417,     -0.2934240132,      0.3290170802,   9.413727815e-06,      0.2227509633,  -0.0006344396974,     -0.2424996881,     0.01224399216,      0.5349260836,     -0.4683494949,     -0.5190601353,        0.58671578,      -4.828277922,      -1.475541428,     -0.1798431428,      -1.559444493,      0.1677519449,       -4.42691609,      -3.867311398,      -4.480674305,      -5.065460946,     -0.1674806481,       0.170432221,     0.03623492891,     -0.1724735672,     0.07582875063,      -4.071811397,       3.510896438,      -4.771959725,       5.387522172,    -0.01505866219,    -0.03166870792,    -0.03296215356,     -0.0326390244,     -0.0326593359,    -0.03502535255,    -0.03617285131,    -0.03249720694,    -0.03598547786,    -0.00122239071,     0.01924543568,    0.005807555884,    -0.01933785465,     0.01081514633,     -0.2523118571,      0.2176827417,     -0.2934240132,      0.3290170802,      0.5309275962,      0.2213259094,     0.02035467069,      0.2334453756,    -0.01851347879,      0.2698303768,      0.2350943074,      0.2795623583,      0.3136854907,       41.65076779,      -11.11066552,     -0.6923298251,      -11.52461209,      0.4996158864,      -13.00824239,       -9.93582274,      -15.76073199,      -16.14513124
          0,           0,         135,      -1.870636119,      0.4101775436,      0.4509084305,      0.4296901283,       3.615019774,       71.11653136,     -0.1798075629,       2.032050527,     0.09343865866,      0.1236606515,      -25.06286986,       1.315424027,     -0.2859104503,     0.09343865866,       2.019855271,      -11.30125171,    0.008390081975,    -0.02016344357,     -0.0318139717,    -0.02063560098,    -0.03361295913,    -0.02091709879,    -0.02261297809,    -0.01887789842,    -0.01956369418,      0.4896868334,      0.2206214114,     0.02163816428,      0.2285462799,    -0.01684311022,      0.2657347735,      0.2568216779,       0.253842744,      0.3120017525,     0.02664404803,     0.01891705805,    0.006499702764,    -0.01904099355,    0.007820989747,     -0.2462625169,      0.2382453273,     -0.2658899812,      0.3265050245,   7.489242379e-06,      0.2208877697,   -0.001177006262,     -0.2364736733,    0.008984560889,      0.5222394686,     -0.5068492462,     -0.4658045299,      0.5818458188,      -4.493065884,      -1.461862602,      -0.177037184,      -1.517217828,      0.1682766726,      -4.334943832,      -4.198935816,      -4.035211411,      -5.012871975,      0.3178842973,      0.1682374179,     0.04078839642,     -0.1703864819,     0.05534836442,       -3.97213615,       3.848715006,      -4.317995222,       5.344968399,    -0.01724964503,     -0.0316822428,    -0.03290282578,    -0.03256850871,    -0.03268539345,    -0.03479591611,    -0.03602299589,    -0.03213712966,    -0.03586579289,     0.02664404803,     0.01891705805,    0.006499702764,    -0.01904099355,    0.007820989747,     -0.2462625169,      0.2382453273,     -0.2658899812,      0.3265050245,      0.4894548376,      0.2192637843,     0.01994349529,      0.2271530812,    -0.01857919368,      0.2642758769,      0.2552862409,      0.2525068684,      0.3105502803,       58.36496412,      -10.94165343,     -0.6801465872,      -11.07533917,      0.5010897779,      -12.70418887,      -11.35726913,      -13.44655736,      -15.94799784
          0,           0,         140,      -1.862249373,      0.4054597343,      0.4527129164,      0.4394133325,       3.621859617,       71.11653136,      -0.174503372,       2.113701997,     0.02063320865,      0.1299683152,      -25.91988445,     0.07401812749,     -0.2848868365,     0.02063320865,       2.101672441,      -12.11267136,     0.01299866089,    -0.02002587476,    -0.03187451403,    -0.02035729631,    -0.03361277121,    -0.02083603124,    -0.02372477776,    -0.01777896962,    -0.01929179797,      0.5391687806,      0.2231878397,     0.02209895794,      0.2353521175,    -0.01679573352,       0.271302221,      0.2384014514,      0.2817068468,       0.319279516,   -0.001644938738,     0.01926468359,    0.005789478552,    -0.01935715545,     0.01074084405,     -0.2522970847,      0.2191319026,     -0.2942115111,      0.3332169898,   1.028554024e-05,       0.223270666,  -0.0006213230404,     -0.2430152972,     0.01217465672,      0.5356852267,     -0.4715529703,     -0.5202466601,      0.5942637309,       -4.91556107,      -1.478928496,      -0.180178887,       -1.56294477,      0.1679052948,      -4.427301765,      -3.895315884,      -4.494478174,      -5.133080703,     -0.1685489016,       0.170566068,     0.03609028613,     -0.1726082442,      0.0753509124,      -4.071818569,       3.534103043,      -4.785124462,       5.456007995,    -0.01523706703,    -0.03167917901,    -0.03298740121,    -0.03264677546,     -0.0326876853,    -0.03500633735,    -0.03616923171,    -0.03249800137,      -0.035975158,   -0.001644938738,     0.01926468359,    0.005789478552,    -0.01935715545,     0.01074084405,     -0.2522970847,      0.2191319026,     -0.2942115111,      0.3332169898,      0.5391101658,      0.2218338952,     0.02040048891,       0.233964157,    -0.01853187207,      0.2698399372,      0.2368330716,      0.2803902979,      0.3178322998,       41.47879426,      -11.14497331,     -0.6933112116,       -11.5610695,       0.499683094,      -13.02082042,      -10.04862738,      -15.84494786,      -16.55001346
          0,           0,         145,      -1.862903002,      0.3993994461,      0.4563082031,      0.4445774448,       3.622431282,       71.11653136,     -0.1793944595,       2.037913594,       0.089115238,      0.1239842637,      -25.14606832,       1.247877038,     -0.2858047623,       0.089115238,       2.025731924,      -11.35995838,    0.008587849618,     -0.0201617619,    -0.03180946203,     -0.0206313899,    -0.03360603839,    -0.02080571666,    -0.02253496816,    -0.01885353814,    -0.01957943397,      0.4924416727,      0.2207534788,      0.0216380946,      0.2286663815,    -0.01684190824,      0.2673465527,      0.2577740676,      0.2542403691,       0.311894885,     0.02369725314,     0.01892585925,    0.006395671286,    -0.01904435702,    0.007756152589,     -0.2479599296,      0.2392733543,     -0.2661864258,      0.3262576598,   7.449751385e-06,       0.221021149,   -0.001053828306,     -0.2365857496,    0.008902311694,      0.5251118074,     -0.5087885303,     -0.4662004908,       0.581570145,      -4.528410967,      -1.462744284,     -0.1770320058,      -1.518004514,      0.1682580582,      -4.361357075,      -4.214383674,      -4.041579969,      -5.010813889,      0.2715631909,      0.1683028634,     0.04009030783,      -0.170411907,     0.05490402729,      -3.999935721,       3.865395214,      -4.322690511,       5.340659573,    -0.01719632557,    -0.03168747531,    -0.03289831864,    -0.03257058904,    -0.03267854511,    -0.03476904063,    -0.03599493709,    -0.03213361285,     -0.0358759181,     0.02369725314,     0.01892585925,    0.006395671286,    -0.01904435702,    0.007756152589,     -0.2479599296,      0.2392733543,     -0.2661864258,      0.3262576598,      0.4922162518,      0.2193957588,     0.01994366173,      0.2272732387,    -0.01857763115,      0.2658912765,      0.2562414081,      0.2529052236,      0.3104427355,       57.34167395,      -10.94911645,      -0.680240822,      -11.08342107,      0.5011572042,      -12.84966806,      -11.43884765,       -13.4850216,      -15.92971919
          0,           0,         150,      -1.864739204,      0.3869637081,      0.4468942458,      0.4435930605,       3.618161736,       71.11653136,     -0.1745386951,       2.112257343,     0.02793777018,      0.1293622513,      -25.91649688,      0.2037635123,     -0.2848465038,     0.02793777018,       2.100227918,      -12.10194302,     0.01276717235,    -0.02001560848,    -0.03188405158,    -0.02036605358,    -0.03361828619,    -0.02086216587,    -0.02361521954,    -0.01774797478,    -0.01919650747,       0.535101793,      0.2233096452,     0.02210021912,      0.2352773984,    -0.01679353624,      0.2711021921,      0.2396874641,      0.2818090112,      0.3206631557,    0.003286840054,     0.01925196571,    0.005597457554,    -0.01936569265,     0.01036262016,      -0.252096298,          0.220541,     -0.2942485112,      0.3346083885,   1.055155738e-05,      0.2234010727,  -0.0004404409443,     -0.2429555818,     0.01181275152,      0.5353503855,     -0.4737810382,      -0.520634945,       0.596599496,      -4.869810302,      -1.479734112,     -0.1801958214,      -1.562445307,      0.1678982291,      -4.423877984,      -3.916288556,       -4.49619883,      -5.155844195,    -0.08349292495,      0.1704747097,     0.03481106053,     -0.1726688872,     0.07284380769,      -4.068372364,       3.557094306,      -4.785720324,       5.478794127,    -0.01525538864,    -0.03167530161,     -0.0329969917,    -0.03265161024,    -0.03269330772,    -0.03502196746,    -0.03612712834,    -0.03247239588,    -0.03595241221,    0.003286840054,     0.01925196571,    0.005597457554,    -0.01936569265,     0.01036262016,      -0.252096298,          0.220541,     -0.2942485112,      0.3346083885,      0.5350366368,      0.2219560711,     0.02040124921,       0.233889082,    -0.01852996644,      0.2696388145,      0.2381230557,      0.2804939445,      0.3192190304,       41.91231842,      -11.15677524,     -0.6931433749,      -11.55242951,      0.4995357629,      -12.99492075,      -10.14970298,      -15.87837568,      -16.70424457
          0,           0,         155,      -1.865658146,      0.3882572559,      0.4482420979,      0.4441881638,       3.618262977,       71.11653136,     -0.1794476595,       2.037814243,     0.08159666962,      0.1230515757,      -25.13414857,       1.130559971,     -0.2858526897,     0.08159666962,       2.025629925,       -11.3560369,    0.008613289462,    -0.02016389159,    -0.03180613882,    -0.02062876092,    -0.03359940693,    -0.02076333933,    -0.02262120569,    -0.01882671277,    -0.01965149287,      0.4936278398,      0.2207829899,     0.02162606663,        0.22868587,    -0.01683560656,      0.2678196803,      0.2564874544,      0.2550757397,       0.310544209,     0.02065102599,     0.01891480646,    0.006207350559,    -0.01903408895,    0.007540561603,     -0.2484782189,      0.2379534799,     -0.2670029658,      0.3248447187,   7.264809415e-06,      0.2210509629,  -0.0008582874844,     -0.2365829493,    0.008658996337,       0.526225986,     -0.5065599972,     -0.4677483893,      0.5788579889,      -4.537896585,      -1.462938258,     -0.1769486421,      -1.518125238,      0.1682091147,      -4.369114379,      -4.193488217,      -4.055131079,      -4.988715286,      0.2232320022,      0.1682335228,      0.0388292342,     -0.1703432599,     0.05344780335,      -4.008426961,       3.843960358,      -4.335954966,       5.317582237,    -0.01723299977,    -0.03169114657,    -0.03289437049,    -0.03256898361,    -0.03267225254,    -0.03475148297,     -0.0360137203,    -0.03215054416,    -0.03587718932,     0.02065102599,     0.01891480646,    0.006207350559,    -0.01903408895,    0.007540561603,     -0.2484782189,      0.2379534799,     -0.2670029658,      0.3248447187,      0.4934021247,      0.2194251179,     0.01993182417,       0.227292838,    -0.01857099103,      0.2663659735,      0.2549520448,      0.2537408532,      0.3090901392,       57.31002562,      -10.94942357,     -0.6799337308,      -11.08577829,      0.5010685633,      -12.89868051,      -11.33836357,      -13.54860739,      -15.80257597
          0,           0,         160,      -1.976059964,      0.2673809003,      0.2918086091,      0.2933701624,       3.509778467,       71.11653136,     -0.1772198629,        2.07507908,     0.05075006592,      0.1261704253,      -25.51416828,      0.6121847605,     -0.2855782371,     0.05075006592,       2.062960285,      -11.70906605,     0.01055678079,    -0.02008051735,    -0.03182478281,     -0.0204881767,    -0.03360454366,    -0.02085290734,    -0.02319575416,    -0.01830588843,    -0.01942407321,      0.5154546857,      0.2217505704,     0.02185205989,      0.2318304999,    -0.01681489432,      0.2694605702,      0.2475125202,      0.2686724843,      0.3153605832,    0.009055588717,      0.0190878459,    0.005798251924,    -0.01918897866,    0.009006934797,     -0.2502141852,      0.2285683556,     -0.2809688965,      0.3296051493,   9.187953136e-06,      0.2219216693,  -0.0005573035868,     -0.2395973119,     0.01028007931,       0.530435874,     -0.4896548128,     -0.4938680022,      0.5872010453,      -4.705604016,      -1.469331548,     -0.1784786895,      -1.539291296,      0.1680450793,      -4.396268287,      -4.045819582,      -4.278979565,      -5.068440373,     0.03150786803,      0.1693572759,     0.03613627569,     -0.1714080098,     0.06356141875,       -4.03698533,       3.689757907,      -4.566042059,       5.396299414,    -0.01643450079,    -0.03165852585,     -0.0329248165,    -0.03259316927,    -0.03267846623,    -0.03492680577,    -0.03611776961,    -0.03234203223,    -0.03590215087,    0.009055588717,      0.0190878459,    0.005798251924,    -0.01918897866,    0.009006934797,     -0.2502141852,      0.2285683556,     -0.2809688965,      0.3296051493,      0.5153007722,      0.2203957359,     0.02015653196,      0.2304405159,    -0.01855057601,       0.267999927,      0.2459593409,      0.2673462219,       0.313911815,       48.82688162,      -11.04307058,     -0.6866365756,      -11.31533095,      0.5003756184,      -12.92196651,      -10.67059594,      -14.67683393,      -16.23555368
          0,           0,         165,      -2.412939174,     -0.1482174897,       -0.23879176,     -0.1076616727,       3.074884192,       71.11653136,      -0.178386012,       2.069910414,      0.0538490236,      0.1262251749,      -25.41439294,      0.6728658771,     -0.2864722811,      0.0538490236,       2.057737672,      -11.60354666,    0.009536742289,    -0.02009864215,    -0.03185866062,    -0.02051001529,    -0.03360016953,    -0.02085016272,    -0.02315651186,     -0.0183984279,    -0.01945016427,      0.5127044883,       0.221740574,     0.02188588159,      0.2319232317,    -0.01683184078,       0.268869316,      0.2482220021,      0.2666962023,      0.3147005592,    0.009484377616,      0.0191314348,    0.005796163235,     -0.0192301197,    0.008968102076,     -0.2495870962,      0.2292775429,     -0.2790841945,      0.3290928134,   9.101844052e-06,      0.2218939592,  -0.0005591217387,     -0.2396766777,     0.01021120232,      0.5294355916,     -0.4907435341,     -0.4906431032,      0.5862977566,      -4.646930244,      -1.469255557,     -0.1787250496,       -1.53988109,      0.1681440505,      -4.386414098,      -4.057515368,      -4.246295345,      -5.057520239,     0.04779514825,      0.1696708639,     0.03613256334,     -0.1717138945,     0.06326049892,      -4.026604311,       3.701425797,      -4.534896679,        5.38779589,    -0.01730920715,    -0.03167610264,    -0.03296041798,    -0.03261983113,    -0.03267321118,    -0.03489312105,     -0.0361157125,    -0.03233101427,    -0.03589366319,    0.009484377616,      0.0191314348,    0.005796163235,     -0.0192301197,    0.008968102076,     -0.2495870962,      0.2292775429,     -0.2790841945,      0.3290928134,      0.5125009592,      0.2203848046,     0.02018853429,      0.2305319777,    -0.01856727033,      0.2674096267,      0.2466699043,      0.2653678051,      0.3132513301,       53.76096708,      -11.03261466,     -0.6869680384,      -11.30780394,      0.5009451149,       -12.8953102,      -10.71931747,      -14.49559733,      -16.17984069
          0,           0,         170,      -2.433572688,     -0.1579426511,     -0.2665461373,     -0.1423057234,       3.053546345,       71.11653136,     -0.1792203785,       2.051867495,     0.05442045209,      0.1291688431,       -25.1944751,      0.7028338838,     -0.2863612107,     0.05442045209,       2.039675812,      -11.44885147,    0.008748440039,    -0.02008942586,    -0.03185489942,     -0.0205100878,    -0.03360531699,    -0.02081040371,     -0.0231422619,      -0.018477233,    -0.01947918989,       0.499438167,      0.2217619209,      0.0218827172,      0.2319360293,    -0.01687448144,      0.2683307597,        0.24780017,      0.2641723619,      0.3134198504,    0.008686533371,      0.0191666365,      0.0058250422,    -0.01928031679,    0.008825334763,     -0.2490391905,      0.2288916846,     -0.2769068743,      0.3282516023,   8.898822241e-06,      0.2218318808,  -0.0005885490451,     -0.2396364041,     0.01008080557,      0.5286909987,      -0.489156889,     -0.4868626071,      0.5848007083,      -4.505741735,      -1.469370506,     -0.1786917651,      -1.539914901,      0.1684339789,      -4.377487634,       -4.05031017,      -4.204858932,      -5.036533436,     0.05420570364,      0.1698916383,     0.03633834341,     -0.1720477511,     0.06227677801,      -4.017581595,       3.694846512,      -4.499135597,       5.374039852,    -0.01740212345,    -0.03166801619,    -0.03295649632,    -0.03262057332,    -0.03267611995,    -0.03482523067,    -0.03607940509,    -0.03227762377,    -0.03585562192,    0.008686533371,      0.0191666365,      0.0058250422,    -0.01928031679,    0.008825334763,     -0.2490391905,      0.2288916846,     -0.2769068743,      0.3282516023,      0.4992115623,      0.2204066046,     0.02018557108,       0.230544754,    -0.01861012195,      0.2668738894,      0.2462493961,      0.2628432992,      0.3119708574,       57.08882553,      -11.03873861,      -0.686949813,      -11.30838793,      0.5021372494,      -12.89406796,      -10.70769016,      -14.29718193,      -16.08998383
          0,           0,         175,      -2.464109158,     -0.1785016412,     -0.2661675316,     -0.1898748672,       3.023349458,       71.11653136,     -0.1800906684,       2.007453031,     0.05076882996,      0.1333006272,      -24.61181546,      0.6746016129,     -0.2849058344,     0.05076882996,       1.995276669,      -11.14690199,    0.007955066765,    -0.02006684905,    -0.03183779588,    -0.02046899262,    -0.03354779025,     -0.0208385073,    -0.02326597821,    -0.01856676574,    -0.01945305613,      0.4696586224,      0.2213481704,     0.02179827516,       0.231497745,    -0.01688290394,      0.2649642845,      0.2442395437,      0.2599259184,      0.3109033753,    0.003662994239,     0.01912142402,    0.005736530195,    -0.01925281374,    0.008702564467,     -0.2458276685,      0.2254758302,     -0.2731680366,      0.3263180056,   1.057350641e-05,      0.2213550559,  -0.0005087305456,     -0.2391550366,     0.01000691243,      0.5221724103,     -0.4822817904,      -0.479113423,      0.5808146556,      -4.154992549,      -1.466523002,      -0.178125619,      -1.536891396,      0.1684054645,      -4.321749919,      -3.991419981,      -4.135065838,      -4.995452622,   0.0009912049663,      0.1695417624,     0.03575345327,     -0.1717929056,     0.06147176615,      -3.964573849,       3.638443109,      -4.437411907,       5.342178979,    -0.01663586849,    -0.03162381629,    -0.03293499686,    -0.03255659643,    -0.03261823125,    -0.03467710805,    -0.03601660306,    -0.03214479213,    -0.03569782184,    0.003662994239,     0.01912142402,    0.005736530195,    -0.01925281374,    0.008702564467,     -0.2458276685,      0.2254758302,     -0.2731680366,      0.3263180056,      0.4694313076,      0.2199946027,     0.02010213989,      0.2301092211,    -0.01861552219,       0.263510557,      0.2426871747,      0.2585979895,      0.3094591988,       59.03892906,      -11.03053947,     -0.6846665907,      -11.30967944,      0.5032493588,      -12.71512785,      -10.49771222,      -13.99952593,      -15.98223812
          0,           0,         180,      -2.236394694,     0.02947654924,    -0.03148169616,     0.06822401072,       3.251033876,       71.11653136,     -0.1850779236,       1.907798276,     0.04132187694,      0.1290475508,       -23.2353495,      0.5670510382,     -0.2846707278,     0.04132187694,       1.895497475,      -10.30808126,    0.004079625926,    -0.02016180929,    -0.03194684138,    -0.02052256151,    -0.03350769172,    -0.02122164387,    -0.02361288382,    -0.01867382484,    -0.01951029307,       0.399899151,      0.2205435348,     0.02174471827,      0.2308379396,    -0.01687152189,      0.2557700554,      0.2363965386,      0.2543922889,      0.3050855717,   -0.006387362246,     0.01906844546,    0.005406066054,    -0.01920661115,    0.008630547482,     -0.2367920317,      0.2177867654,     -0.2677480417,      0.3205640992,   1.285395985e-05,      0.2205700948,  -0.0001841249152,     -0.2385316842,    0.009977669587,      0.5058380247,     -0.4694406404,     -0.4696180085,      0.5704233658,       -3.25438338,       -1.46102662,      -0.177862113,      -1.532394566,      0.1682688953,      -4.170211259,      -3.862612587,      -4.044688169,      -4.900439698,     -0.1208868172,       0.169255341,     0.03352362329,     -0.1715087744,     0.06103738698,      -3.815761682,       3.512254912,      -4.348394178,       5.247531227,    -0.01685506953,    -0.03167653501,    -0.03304108997,    -0.03257556036,    -0.03257878337,    -0.03457853077,    -0.03595256208,    -0.03196209671,    -0.03545050002,   -0.006387362246,     0.01906844546,    0.005406066054,    -0.01920661115,    0.008630547482,     -0.2367920317,      0.2177867654,     -0.2677480417,      0.3205640992,      0.3995646143,         0.2191861,     0.02004294939,      0.2294475164,    -0.01860205714,      0.2543088764,      0.2348367625,      0.2530663406,      0.3036463727,       98.02348507,      -10.93867776,     -0.6806531515,      -11.24800818,      0.5035119109,      -12.05232059,      -10.01133705,       -13.6229343,      -15.63715986
          0,           0,         185,      -2.407569292,     -0.1167378557,      -0.223594247,     -0.1108332935,       3.081479881,       71.11653136,     -0.1904717072,       1.809384175,     0.03726374518,      0.1255784342,      -21.89575792,      0.5391861523,     -0.2849065234,     0.03726374518,       1.796935958,      -9.499490507,   0.0004546883834,    -0.02031407383,     -0.0320778344,     -0.0206472171,    -0.03354695435,    -0.02174337797,    -0.02394585266,    -0.01888840966,    -0.01976267566,        0.33090495,      0.2196415964,     0.02173302703,       0.230331831,    -0.01689297428,       0.246951424,      0.2292630046,      0.2484389321,       0.299012384,    -0.01155510561,     0.01905692653,    0.004989675181,    -0.01920751699,    0.008550320609,      -0.227917976,      0.2106518281,     -0.2616435527,      0.3143391461,   1.209341443e-05,      0.2197027639,   0.0002259483738,     -0.2380975775,    0.009892918825,      0.4923707391,     -0.4593502469,      -0.460512551,       0.561334346,      -2.380970119,       -1.45490613,     -0.1778800838,      -1.528986901,      0.1684692634,      -4.025945812,      -3.746212758,      -3.947867175,      -4.801458207,      -0.172136587,      0.1692998125,     0.03072461452,     -0.1716301107,     0.06051864886,      -3.670579262,       3.395902427,      -4.248943972,       5.146030581,    -0.01686416173,    -0.03178138707,    -0.03317129159,    -0.03267355743,    -0.03261686945,    -0.03463801835,    -0.03591173428,    -0.03186481284,    -0.03538469064,    -0.01155510561,     0.01905692653,    0.004989675181,    -0.01920751699,    0.008550320609,      -0.227917976,      0.2106518281,     -0.2616435527,      0.3143391461,      0.3304752528,      0.2182774288,     0.02002441853,      0.2289355774,    -0.01862553498,      0.2454750251,      0.2276955786,      0.2471099122,      0.2975682994,       727.7620499,        -10.812287,     -0.6775091722,      -11.15558721,       0.503562085,      -11.35754639,      -9.574225979,      -13.15298305,      -15.13015693
          0,           0,         190,      -2.508279976,     -0.2094557045,     -0.3087274586,     -0.2365225513,       2.980102719,       71.11653136,     -0.1921442168,       1.780680852,      0.0461552116,      0.1277515309,      -21.46272692,       0.682317742,      -0.285074525,      0.0461552116,       1.768184439,      -9.267418409,   0.0004931547044,    -0.02043706291,    -0.03214558778,    -0.02074262643,    -0.03358743511,    -0.02216203486,    -0.02416252428,    -0.01924622354,    -0.02015387659,      0.3254450398,      0.2185825976,     0.02169208863,      0.2297975899,    -0.01690250439,      0.2414951592,      0.2242294934,      0.2421809575,      0.2941604303,   -0.004074927525,     0.01902870891,    0.004574932048,    -0.01919329263,    0.008385815885,     -0.2223190631,      0.2055947024,      -0.255225631,      0.3093839667,   1.044021682e-05,      0.2186964207,   0.0006310855743,      -0.237638165,       0.009697704,      0.4849388033,     -0.4522727138,     -0.4510719443,      0.5547599003,      -2.309267106,      -1.447780765,     -0.1776512867,      -1.525425347,      0.1685958611,      -3.937931095,      -3.664669875,      -3.846132107,      -4.722465201,    -0.05749923299,      0.1691867113,     0.02795603578,     -0.1716123056,     0.05940335857,      -3.580311972,       3.314193352,      -4.144902616,       5.065904411,    -0.01653999851,    -0.03184878388,    -0.03323680957,    -0.03274087599,    -0.03265679597,    -0.03477054265,    -0.03586467533,    -0.03189461925,    -0.03552142381,   -0.004074927525,     0.01902870891,    0.004574932048,    -0.01919329263,    0.008385815885,     -0.2223190631,      0.2055947024,      -0.255225631,      0.3093839667,      0.3250248385,      0.2172134445,     0.01997999031,      0.2283970751,    -0.01863717063,      0.2400043272,      0.2226576258,      0.2408417874,      0.2927025212,        659.924841,      -10.69540171,     -0.6748076527,      -11.07851943,      0.5032389147,      -10.89679539,      -9.280052482,      -12.58329755,       -14.5957245
          0,           0,         195,      -2.350606813,    -0.05274566931,     -0.1404015294,    -0.09040655464,       3.138741785,       71.11653136,      -0.189314866,       1.856424807,     0.06569254221,      0.1298533579,      -22.42611171,       0.948140768,     -0.2862131841,     0.06569254221,       1.843972667,      -9.806017065,    0.004639139696,    -0.02053839503,    -0.03217520941,     -0.0208312505,    -0.03366703548,     -0.0223096059,    -0.02419660937,    -0.01962895882,    -0.02060694123,      0.4092735945,       0.217581933,      0.0216483095,      0.2290954223,    -0.01689695716,       0.240606184,      0.2230547393,      0.2394622113,      0.2925993703,     0.01516741251,     0.01898721009,    0.004226414169,    -0.01915873676,     0.00806334165,     -0.2212496879,       0.204306345,     -0.2523692933,      0.3077195367,   9.902373437e-06,      0.2177637691,   0.0009787713919,      -0.236997055,    0.009353332692,      0.4826740848,     -0.4487205292,     -0.4463325163,       0.551123598,      -3.384124747,      -1.441125781,     -0.1773757042,      -1.520740556,      0.1686787772,      -3.925362372,      -3.646541418,      -3.802461337,      -4.697058576,       0.198244856,      0.1689575948,     0.02564871673,      -0.171435555,     0.05721481097,      -3.564986166,       3.294446499,      -4.099750079,       5.039800091,    -0.01678694302,     -0.0318976064,    -0.03326409938,    -0.03279262999,    -0.03273657757,    -0.03487138608,    -0.03583723183,    -0.03213454183,    -0.03589216798,     0.01516741251,     0.01898721009,    0.004226414169,    -0.01915873676,     0.00806334165,     -0.2212496879,       0.204306345,     -0.2523692933,      0.3077195367,      0.4089554931,       0.216208848,      0.0199347209,      0.2276912316,    -0.01863579697,      0.2391088471,      0.2214826978,      0.2381067364,      0.2911198891,       88.22187331,      -10.59391119,     -0.6728257532,      -10.99767977,      0.5018843186,      -10.78486931,      -9.218429569,      -12.19943521,      -14.19906851
          0,           0,         200,      -2.394182316,      -0.117978334,     -0.1549720456,     -0.1056271443,       3.092126135,       71.11653136,     -0.1845348561,       1.963511902,     0.07839560243,      0.1286177114,      -23.92358883,       1.102114091,     -0.2870442305,     0.07839560243,       1.951163169,      -10.64033074,    0.009511119792,    -0.02056601319,    -0.03210999897,    -0.02087964429,    -0.03377465477,    -0.02210018795,     -0.0240093269,    -0.01978193014,    -0.02082421966,      0.4981677927,      0.2170996024,     0.02158414852,      0.2284296289,    -0.01688025253,      0.2451583236,      0.2281662369,      0.2443838227,      0.2974025992,     0.02813586316,      0.0189431821,     0.00395930982,    -0.01911315424,    0.007675675221,     -0.2256372607,      0.2092130289,     -0.2572485538,      0.3124675119,    8.23159207e-06,      0.2172911627,    0.001275053906,     -0.2363692416,    0.008987454221,      0.4873285107,     -0.4537905327,     -0.4521228532,      0.5560099256,      -4.567614314,      -1.438020407,     -0.1768957535,      -1.516344886,      0.1687333208,      -4.001761669,       -3.73163125,       -3.88397866,      -4.776075207,      0.3512675091,      0.1686716951,     0.02387079182,     -0.1711511983,     0.05461846041,      -3.638719277,       3.376109276,      -4.181464037,       5.118910871,    -0.01657400267,    -0.03189994348,    -0.03319562038,    -0.03280611253,    -0.03284492363,    -0.03490049571,    -0.03591772115,    -0.03254488075,    -0.03636053021,     0.02813586316,      0.0189431821,     0.00395930982,    -0.01911315424,    0.007675675221,     -0.2256372607,      0.2092130289,     -0.2572485538,      0.3124675119,      0.4979828446,      0.2157257329,     0.01987406069,      0.2270238178,    -0.01862474758,      0.2436657082,      0.2265969919,      0.2430135969,      0.2959051638,       52.37740704,       -10.5562318,     -0.6721939959,       -10.9403027,      0.4997905276,      -11.09304248,      -9.503233381,      -12.35389171,      -14.28157233
          0,           0,         205,      -2.470051337,     -0.1961562699,     -0.2419249798,     -0.1924752958,        3.01691393,       71.11653136,      -0.181831041,       2.024758531,     0.07827031597,      0.1273380085,      -24.83358853,       1.084226335,     -0.2875495217,     0.07827031597,       2.012467368,      -11.13538437,     0.01131049999,    -0.02050499246,    -0.03199736957,    -0.02084758948,    -0.03381509733,    -0.02180394994,    -0.02376280876,    -0.01971105643,    -0.02069867699,      0.5300517735,      0.2169941934,     0.02151841139,      0.2281183463,    -0.01682966541,      0.2519905009,      0.2360212379,      0.2518621154,      0.3050316174,     0.02744737108,     0.01888384175,    0.003733841878,     -0.0190528917,    0.007392817393,     -0.2323799213,      0.2169165523,     -0.2647398613,      0.3200685659,   6.914728789e-06,      0.2171282587,    0.001531609799,     -0.2360545513,    0.008724210589,      0.4969370069,     -0.4656276768,     -0.4626000325,      0.5672922685,      -4.987977983,      -1.437425773,     -0.1763838298,      -1.514374731,      0.1684696064,      -4.114996564,      -3.861710656,      -4.007324004,      -4.901864598,      0.3193596678,      0.1682183652,     0.02235803494,     -0.1707044013,     0.05275122046,      -3.750277405,       3.503393385,      -4.305554745,       5.244682212,    -0.01644576709,    -0.03183348969,    -0.03307970493,    -0.03275781038,    -0.03288795828,    -0.03496223221,    -0.03608263984,    -0.03286548776,    -0.03663443156,     0.02744737108,     0.01888384175,    0.003733841878,     -0.0190528917,    0.007392817393,     -0.2323799213,      0.2169165523,     -0.2647398613,      0.3200685659,      0.5299173018,       0.215623662,     0.01981430822,      0.2267146395,    -0.01857634639,      0.2505040261,      0.2344541297,      0.2504853501,      0.3035302972,       46.86369074,       -10.5825054,     -0.6725056366,      -10.94219293,      0.4976967905,      -11.55710326,      -9.932379637,      -12.77770759,      -14.73676881
          0,           0,         210,      -2.567334971,     -0.2817756908,     -0.3905096532,     -0.2694278704,        2.92107945,       71.11653136,      -0.181145264,       2.039592603,     0.07344651358,       0.127009365,      -25.07943743,       1.012109229,     -0.2876410399,     0.07344651358,       2.027317001,      -11.25943101,     0.01120133029,     -0.0204448853,    -0.03192518861,    -0.02080129686,    -0.03380807489,    -0.02165581043,    -0.02364953686,    -0.01958041137,    -0.02048138999,      0.5265796164,      0.2170450541,     0.02149060015,       0.228180286,    -0.01677836076,       0.256363474,       0.240864587,      0.2561428319,      0.3097045138,     0.02210156327,     0.01884320168,    0.003619466856,    -0.01901302427,    0.007285528754,     -0.2367075533,      0.2216497254,     -0.2690288376,      0.3246964428,   7.500407864e-06,       0.217110318,    0.001655698256,      -0.236076576,    0.008611077391,      0.5041182712,     -0.4743643121,     -0.4696166206,      0.5755640085,      -4.933155153,      -1.437812331,     -0.1761519657,      -1.514877674,      0.1681265491,      -4.187077036,      -3.941690077,      -4.077834983,       -4.97896476,      0.2363772672,      0.1678919943,     0.02159724108,     -0.1703959283,     0.05205878382,      -3.821391289,       3.581287091,      -4.376291164,       5.320975233,    -0.01637306851,    -0.03177612675,    -0.03300616736,    -0.03271482287,    -0.03288363054,    -0.03504315945,    -0.03622300448,    -0.03295905714,    -0.03666200284,     0.02210156327,     0.01884320168,    0.003619466856,    -0.01901302427,    0.007285528754,     -0.2367075533,      0.2216497254,     -0.2690288376,      0.3246964428,      0.5264441897,      0.2156775987,     0.01979031276,      0.2267789171,    -0.01852474453,      0.2548787592,      0.2392967693,      0.2547670375,      0.3082081614,       47.01045349,      -10.61610525,     -0.6731549941,      -10.96952212,      0.4962826431,      -11.83809189,      -10.18474858,      -13.08158583,      -15.12126442
          0,           0,         215,      -2.322432428,    -0.07352558226,     -0.1125874041,    -0.01100405645,       3.163617236,       71.11653136,     -0.1819897995,       2.016056465,     0.06518663851,       0.127317462,      -24.75216783,      0.8926205887,     -0.2872526318,     0.06518663851,        2.00376892,       -11.0778542,    0.009732150083,    -0.02038593461,    -0.03187207531,    -0.02074458925,    -0.03375638376,    -0.02169259172,    -0.02376376522,      -0.019333396,    -0.02017321374,      0.4989016764,      0.2171774629,     0.02149997878,      0.2285535655,    -0.01671237848,      0.2575761221,      0.2414098225,      0.2571608026,      0.3104894131,     0.01496136717,     0.01882653661,    0.003561056556,    -0.01898889656,    0.007295393557,     -0.2379064153,      0.2220977236,      -0.270026129,      0.3253660019,   9.220432463e-06,      0.2171465052,    0.001719203802,      -0.236337077,     0.00858336214,      0.5071002339,     -0.4767650691,      -0.472597339,      0.5784584217,      -4.545829679,      -1.438708142,     -0.1761715125,      -1.517433394,      0.1676168153,      -4.206119027,      -3.949810675,      -4.094130179,      -4.991582033,      0.1348385389,      0.1677257937,      0.0212242287,     -0.1701978326,      0.0521504109,      -3.840005668,       3.587620308,      -4.391755659,       5.331020468,    -0.01639168379,    -0.03172418659,    -0.03295361769,    -0.03267772891,     -0.0328354635,    -0.03514335543,    -0.03636561171,    -0.03276565676,    -0.03639532739,     0.01496136717,     0.01882653661,    0.003561056556,    -0.01898889656,    0.007295393557,     -0.2379064153,      0.2220977236,      -0.270026129,      0.3253660019,      0.4987272903,      0.2158129114,     0.01980245827,      0.2271546528,    -0.01845614737,      0.2560878204,      0.2398352793,      0.2557965409,      0.3090081137,       51.26325345,       -10.6532993,     -0.6745710335,      -11.01750257,      0.4950879394,      -11.87392108,      -10.15873622,      -13.30137771,      -15.39117252
          0,           0,         220,      -2.360325881,     -0.0966255934,      -0.143563222,     -0.0571605676,       3.126693829,       71.11653136,     -0.1835180565,       1.968096841,     0.05713768051,      0.1275827821,      -24.02771279,      0.7692812246,     -0.2862687816,     0.05713768051,        1.95579504,      -10.72426811,    0.008247257121,    -0.02034725163,    -0.03185572729,    -0.02070028683,    -0.03368344261,    -0.02190913708,    -0.02410453641,    -0.01911967965,    -0.02004525214,      0.4696112881,      0.2172818887,     0.02153494807,      0.2288522258,    -0.01668328032,      0.2537358677,      0.2352889805,      0.2536295615,      0.3048453613,     0.01130542907,     0.01883993034,    0.003568462706,     -0.0189881434,    0.007425696128,     -0.2341618479,      0.2160128805,     -0.2664998665,      0.3196351396,   9.443952567e-06,       0.217212235,    0.001713926178,     -0.2365438464,    0.008686207018,      0.5013580277,     -0.4665812812,     -0.4674319169,      0.5691599867,      -4.138051254,      -1.439392785,     -0.1763823834,      -1.519395176,       0.167317749,      -4.141362106,      -3.847379258,      -4.035233916,      -4.897833656,     0.08540440036,      0.1677720082,     0.02128819931,     -0.1701596916,     0.05302976657,      -3.776861019,       3.485911902,       -4.33204753,       5.234943189,    -0.01634160128,    -0.03169102185,    -0.03293912223,    -0.03264911788,    -0.03276414519,    -0.03515862064,    -0.03638557577,    -0.03236742243,    -0.03597215431,     0.01130542907,     0.01883993034,    0.003568462706,     -0.0189881434,    0.007425696128,     -0.2341618479,      0.2160128805,     -0.2664998665,      0.3196351396,      0.4693993302,      0.2159192185,     0.01983823522,      0.2274552225,    -0.01842327164,      0.2522414959,      0.2337049911,      0.2522813243,      0.3033784939,       56.94151173,       -10.6786849,     -0.6760149555,      -11.05550989,       0.495296176,      -11.58128076,      -9.761190859,      -13.26536669,      -15.20785866
          0,           0,         225,       -2.42038843,     -0.1427388059,     -0.2035080059,     -0.1180507449,       3.067471396,       71.11653136,     -0.1849405946,       1.926823575,     0.04848471268,      0.1280515543,      -23.38444159,      0.6348930015,     -0.2855292943,     0.04848471268,       1.914503887,      -10.41860809,    0.007240883144,    -0.02033023571,    -0.03185849399,     -0.0206751643,    -0.03362945984,    -0.02210754597,     -0.0244064891,    -0.01906411756,    -0.02010997132,      0.4512606369,      0.2173494723,     0.02156606134,       0.228902839,    -0.01668983977,      0.2490648566,      0.2282801387,      0.2490567353,      0.2980326745,    0.007174082911,      0.0188654681,    0.003583606337,    -0.01899810759,    0.007516493199,     -0.2296447218,      0.2091324851,     -0.2619443244,      0.3127997308,   9.308946363e-06,      0.2172831182,     0.00169893785,     -0.2365699359,    0.008771314589,      0.4935513838,     -0.4542187662,     -0.4595990499,       0.557125243,       -3.87568926,      -1.439827997,     -0.1765817229,      -1.519673988,      0.1672788139,      -4.063600525,      -3.731173146,      -3.959720234,      -4.785453534,     0.02640809912,      0.1679200192,     0.02139206885,     -0.1701934349,     0.05363055463,      -3.701775787,       3.372050175,      -4.256149276,       5.121610583,    -0.01638619718,     -0.0316775663,    -0.03294351347,    -0.03262667867,    -0.03270989311,    -0.03511229579,     -0.0363203002,    -0.03207261324,    -0.03568023632,    0.007174082911,      0.0188654681,    0.003583606337,    -0.01899810759,    0.007516493199,     -0.2296447218,      0.2091324851,     -0.2619443244,      0.3127997308,      0.4510211585,      0.2159876001,     0.01986916105,      0.2275070811,    -0.01842699686,      0.2475665023,      0.2266899518,      0.2477176729,      0.2965717565,       62.32121523,      -10.69094699,     -0.6769328565,      -11.07139153,      0.4962862874,      -11.26605625,      -9.353255923,      -13.06416279,      -14.82014418
          0,           0,         230,        -2.4697242,     -0.1839577395,     -0.2499658056,     -0.1808770964,       3.018300467,       71.11653136,     -0.1864936229,        1.88900013,     0.03859741607,      0.1287763742,      -22.80499178,      0.4864014953,      -0.285100668,     0.03859741607,       1.876650999,      -10.12903337,    0.006388761167,    -0.02031337857,    -0.03185515457,    -0.02065724392,    -0.03359419073,    -0.02227700985,    -0.02463874439,    -0.01920072278,    -0.02034593925,      0.4360428375,      0.2174051414,     0.02158789242,      0.2287861881,    -0.01672240607,      0.2444465413,      0.2218135334,      0.2441110783,      0.2915293241,   0.0006213719369,     0.01889493225,    0.003638513504,    -0.01901741224,    0.007512653638,     -0.2252159979,      0.2028645133,     -0.2570501658,      0.3063490074,   9.705233309e-06,      0.2173494884,    0.001643516162,     -0.2364668403,    0.008767702907,      0.4856421691,     -0.4433606335,     -0.4509705052,      0.5461617714,      -3.666161421,      -1.440181956,     -0.1767202296,      -1.518844224,      0.1674369078,      -3.987587329,      -3.625163423,      -3.878659159,      -4.679110948,    -0.06755265831,      0.1680944488,     0.02176040206,     -0.1702871088,     0.05358457777,      -3.629033437,       3.269532326,      -4.175703169,       5.016006114,    -0.01644071327,    -0.03166364576,    -0.03294132118,    -0.03260267781,    -0.03267296795,    -0.03503982347,    -0.03621380123,    -0.03195019557,     -0.0355755218,   0.0006213719369,     0.01889493225,    0.003638513504,    -0.01901741224,    0.007512653638,     -0.2252159979,      0.2028645133,     -0.2570501658,      0.3063490074,      0.4357796179,      0.2160440751,     0.01989113698,       0.227391528,    -0.01845767269,      0.2429456472,      0.2202200535,      0.2427716443,      0.2900649691,       68.25154769,      -10.70255943,     -0.6776891434,      -11.07534911,      0.4977767199,      -10.97304095,      -9.002631381,      -12.71364005,      -14.32862452
          0,           0,         235,      -2.484207051,     -0.1897917183,     -0.2566180456,     -0.1990164144,       3.004842289,       71.11653136,     -0.1877832293,        1.86315406,     0.03221466665,      0.1289458055,      -22.41838841,      0.3994708599,     -0.2850358283,     0.03221466665,       1.850772858,      -9.921834166,    0.005862450346,      -0.020285239,    -0.03182467356,    -0.02062969747,    -0.03356019897,    -0.02239993691,    -0.02477425713,    -0.01948785354,    -0.02068382308,      0.4268207109,      0.2173866917,     0.02158589326,      0.2285926398,    -0.01676218061,      0.2408821822,      0.2173704466,      0.2402715439,      0.2870061328,   -0.004305255944,     0.01891412674,    0.003749561492,    -0.01903597403,    0.007441633698,     -0.2217961517,      0.1986091073,     -0.2532692977,      0.3019069167,   1.023797946e-05,      0.2173444881,    0.001531114445,     -0.2363051344,    0.008699398067,      0.4797574647,     -0.4366378599,     -0.4445501356,      0.5390962321,      -3.546357717,       -1.44004086,     -0.1766820793,      -1.517532576,      0.1676444868,      -3.929785339,      -3.553532443,      -3.816174253,      -4.605927633,     -0.1313911115,       0.168186868,     0.02250715641,      -0.170363216,     0.05308878322,      -3.573694634,       3.201116271,      -4.114496496,       4.944517239,    -0.01648365399,    -0.03163457917,    -0.03291077732,    -0.03256503958,    -0.03263694113,    -0.03497603792,    -0.03611659505,    -0.03203598712,    -0.03567621703,   -0.004305255944,     0.01891412674,    0.003749561492,    -0.01903597403,    0.007441633698,     -0.2217961517,      0.1986091073,     -0.2532692977,      0.3019069167,      0.4265425849,      0.2160271234,     0.01989073582,      0.2271996866,    -0.01849561373,      0.2393797394,      0.2157759635,      0.2389223446,      0.2855302932,       72.80585518,      -10.71649645,     -0.6782754024,      -11.08075579,      0.4994660676,      -10.75369914,       -8.77404499,       -12.3292975,      -13.87587447
          0,           0,         240,      -2.206492029,     0.04230364352,     0.03808160226,       0.100129762,       3.280101644,       71.11653136,     -0.1883620639,       1.859290515,     0.03566449355,       0.128285637,      -22.36194358,      0.4726916968,     -0.2854116673,     0.03566449355,       1.846884313,      -9.870833205,    0.005970797173,    -0.02025596432,    -0.03178838784,    -0.02058958515,    -0.03351839657,    -0.02246828903,    -0.02480017097,    -0.01987319003,    -0.02103887717,      0.4304715647,      0.2172824638,     0.02157786364,      0.2284386508,    -0.01680234086,      0.2385736298,      0.2157193761,      0.2384651422,       0.285564165,     -0.0020760899,     0.01892637701,    0.003859857407,    -0.01905730506,    0.007405388943,     -0.2195173218,      0.1970687237,     -0.2514251563,      0.3004800196,   1.004368338e-05,      0.2172758446,    0.001410953136,     -0.2361876633,    0.008673473326,      0.4763338836,     -0.4342315445,      -0.441817038,      0.5368176844,      -3.604774654,      -1.439338223,     -0.1765991645,      -1.516518575,      0.1678416386,      -3.893344552,      -3.528416169,      -3.787252956,      -4.583540923,    -0.07858002171,      0.1682271796,     0.02324400862,     -0.1704465823,     0.05284455478,      -3.537769248,       3.177812521,      -4.085809149,       4.923168434,    -0.01656652657,    -0.03159988974,    -0.03287412109,    -0.03251692308,     -0.0325930942,    -0.03492347607,    -0.03605606302,    -0.03232625576,    -0.03595531776,     -0.0020760899,     0.01892637701,    0.003859857407,    -0.01905730506,    0.007405388943,     -0.2195173218,      0.1970687237,     -0.2514251563,      0.3004800196,      0.4301941058,      0.2159245704,     0.01988461625,       0.227048008,    -0.01853353117,      0.2370707735,      0.2141257995,      0.2370982516,      0.2840717195,       72.09616274,      -10.72683879,     -0.6787970422,      -11.09486418,      0.5012871311,      -10.61823753,      -8.698301974,       -11.9993389,      -13.57316566
          0,           0,         245,      -2.437514706,     -0.1556182237,     -0.2198345343,     -0.1364714489,       3.050580771,       71.11653136,      -0.188008177,       1.872489003,      0.0438701714,      0.1284523187,      -22.56387979,      0.6121687652,     -0.2857490209,      0.0438701714,       1.860083234,      -9.959614698,    0.006510850945,    -0.02024987114,     -0.0317775973,    -0.02057136232,    -0.03350354223,    -0.02244490151,    -0.02472787274,    -0.02008562689,    -0.02115825383,      0.4407477113,      0.2172270772,     0.02158467402,      0.2284433048,    -0.01682485544,      0.2384888631,      0.2170383798,      0.2386745594,      0.2871092889,    0.003318217463,     0.01893345099,    0.003799152897,    -0.01907546198,    0.007430105087,     -0.2193917673,      0.1984063372,     -0.2515129868,      0.3019631238,   9.445556703e-06,       0.217251649,    0.001462036379,     -0.2362061787,     0.00870813098,      0.4762509963,     -0.4358887522,     -0.4419814155,       0.538846407,      -3.755260581,      -1.438979573,     -0.1766354046,      -1.516570202,      0.1679649481,      -3.892824881,      -3.551104105,      -3.790961752,      -4.609508243,     0.01396835377,      0.1682618502,     0.02282524865,     -0.1705449493,     0.05302092257,      -3.536575403,       3.200725423,      -4.088155104,       4.948642423,    -0.01656502488,    -0.03159090621,    -0.03286370177,    -0.03249896878,    -0.03257708189,    -0.03489568426,    -0.03605289519,    -0.03254936154,    -0.03615539636,    0.003318217463,     0.01893345099,    0.003799152897,    -0.01907546198,    0.007430105087,     -0.2193917673,      0.1984063372,     -0.2515129868,      0.3019631238,      0.4404844335,      0.2158695787,     0.01989198203,      0.2270536093,    -0.01855523748,       0.236987347,      0.2154467793,      0.2372962637,      0.2856084782,       67.69433289,      -10.72733133,     -0.6792418512,      -11.10491864,       0.502181391,      -10.62552504,       -8.77707444,      -11.88285338,      -13.56961171
          0,           0,         250,      -2.429992543,     -0.1404734358,     -0.1887137682,     -0.1658881691,       3.059001415,       71.11653136,      -0.187015763,       1.898777145,     0.05616904336,      0.1289427784,      -22.95683235,      0.8035877788,      -0.286133782,     0.05616904336,       1.886387288,      -10.15303264,    0.007373112373,    -0.02026852996,    -0.03177871728,    -0.02056821786,    -0.03351262636,    -0.02235985672,    -0.02455633863,    -0.02020514384,    -0.02113944474,      0.4578761547,      0.2172006359,      0.0216012913,       0.228514972,    -0.01684244271,      0.2397910514,      0.2206561899,      0.2395204054,      0.2904588872,     0.01085456637,     0.01895067793,    0.003606902896,     -0.0190963457,     0.00744427148,     -0.2206542724,      0.2020310751,     -0.2521352645,      0.3051674322,   9.350983607e-06,       0.217244926,    0.001647236244,      -0.236288575,    0.008730875677,      0.4778329222,      -0.441018427,     -0.4426656874,      0.5434501568,      -3.996386171,      -1.438812041,      -0.176743107,      -1.517070462,      0.1680915406,      -3.914812328,      -3.611169037,       -3.80503635,      -4.664894399,      0.1253666129,      0.1683946418,     0.02151660476,     -0.1706842446,     0.05312240495,        -3.5578856,        3.26077038,      -4.099023508,       5.002010488,    -0.01660037862,    -0.03160815562,    -0.03286568988,    -0.03249957941,    -0.03258523312,    -0.03487890729,    -0.03607093772,    -0.03271298285,    -0.03631191747,     0.01085456637,     0.01895067793,    0.003606902896,     -0.0190963457,     0.00744427148,     -0.2206542724,      0.2020310751,     -0.2521352645,      0.3051674322,      0.4576345302,      0.2158421971,     0.01990851793,      0.2271253428,    -0.01857327608,      0.2382922016,      0.2190686088,      0.2381346955,      0.2889544704,       62.10079699,      -10.71615141,     -0.6797408189,      -11.11010072,      0.5025700622,      -10.72417657,      -8.985712129,      -11.85442714,      -13.74013797
          0,           0,         255,      -2.288181599,    -0.02285516176,    -0.06203900191,     0.01697334092,        3.19958449,       71.11653136,     -0.1857376004,       1.926605604,     0.06647870293,      0.1282060062,      -23.35246968,      0.9582116327,     -0.2863138001,     0.06647870293,       1.914244503,      -10.37272797,    0.008262018071,    -0.02029971896,    -0.03179042268,    -0.02059097108,     -0.0335591817,    -0.02229335326,    -0.02437150425,     -0.0201097784,    -0.02098468815,      0.4756988938,       0.217179688,     0.02162168404,      0.2286809098,    -0.01685436059,      0.2415649038,      0.2245930612,        0.24060454,      0.2935162834,     0.01724704629,      0.0189627157,    0.003392161885,    -0.01911611346,    0.007409667113,     -0.2224198868,      0.2059683266,     -0.2530099764,       0.308044762,   9.732698552e-06,       0.217228115,    0.001842110771,     -0.2364660881,    0.008704963611,      0.4799541582,     -0.4468722583,     -0.4438899442,      0.5476952165,      -4.228727357,      -1.438678991,     -0.1768864034,      -1.518199856,      0.1682376787,      -3.944134714,      -3.675779248,      -3.823222287,      -4.715078505,      0.2137898899,      0.1685058656,     0.02008923212,     -0.1708474382,     0.05289248661,      -3.587004648,       3.325262599,      -4.113673353,       5.049196998,    -0.01664546123,    -0.03163820555,    -0.03287844652,    -0.03253098596,    -0.03263110093,    -0.03490533123,    -0.03609239658,    -0.03267448733,    -0.03631738473,     0.01724704629,      0.0189627157,    0.003392161885,    -0.01911611346,    0.007409667113,     -0.2224198868,      0.2059683266,     -0.2530099764,       0.308044762,      0.4754793657,      0.2158196456,     0.01992827011,      0.2272898624,    -0.01858761414,      0.2400671036,      0.2230097583,      0.2392223354,      0.2920157758,       57.57659808,      -10.69865491,      -0.680132009,      -11.10588271,      0.5022279966,       -10.8357366,      -9.215395937,      -11.96455452,      -13.98716442
          0,           0,         260,      -2.496752793,     -0.2029090367,     -0.2735133317,     -0.2094008965,       2.992017112,       71.11653136,     -0.1852385765,       1.934556955,     0.06900910168,      0.1276550213,      -23.45195907,      0.9894405839,     -0.2862316016,     0.06900910168,       1.922211074,      -10.44359653,    0.008539803659,    -0.02031813708,    -0.03180213618,    -0.02061084353,     -0.0336000971,     -0.0223084509,    -0.02432845207,    -0.01995065943,    -0.02085960389,      0.4809737352,      0.2172344106,     0.02163185646,      0.2288408757,    -0.01685609605,      0.2420972433,      0.2255789299,      0.2409698072,      0.2940861924,     0.01932115656,     0.01896510178,    0.003277723457,    -0.01912368637,    0.007357701972,     -0.2229539602,      0.2069439283,     -0.2532991252,      0.3085202614,    9.63747071e-06,      0.2172850635,    0.001949339079,     -0.2366261919,    0.008662177388,      0.4805842419,     -0.4482689723,     -0.4442585116,      0.5483182376,      -4.286668057,      -1.439059619,     -0.1769646662,      -1.519279954,      0.1683097101,      -3.952868009,      -3.691581921,      -3.829582265,      -4.724264287,      0.2366082432,      0.1685453889,     0.01933724018,     -0.1709287735,     0.05254929462,      -3.595717085,       3.340875983,      -4.118392201,       5.056562493,    -0.01664412021,    -0.03165946239,    -0.03289067635,    -0.03255920314,    -0.03267186943,    -0.03494826868,    -0.03610099977,    -0.03253470303,    -0.03622229863,     0.01932115656,     0.01896510178,    0.003277723457,    -0.01912368637,    0.007357701972,     -0.2229539602,      0.2069439283,     -0.2532991252,      0.3085202614,      0.4807615162,      0.2158733293,     0.01993781555,       0.227448569,    -0.01859148857,      0.2405979233,       0.223996529,      0.2395954296,      0.2925914502,       56.32140438,      -10.69165001,     -0.6802013658,      -11.10293595,      0.5016680757,        -10.852266,      -9.272226992,      -12.07828784,      -14.09835939
          0,           0,         265,      -2.554318586,     -0.2577826157,     -0.3537312612,     -0.2632100694,       2.934728188,       71.11653136,      -0.185250861,        1.93125505,     0.06749096674,      0.1275847882,      -23.38433668,      0.9482682165,     -0.2860710609,     0.06749096674,       1.918913051,      -10.42508002,    0.008420052887,    -0.02032667061,    -0.03181463497,    -0.02062709379,    -0.03363644971,    -0.02235766894,    -0.02436200771,    -0.01978312819,       -0.02076326,      0.4789476149,      0.2173949309,     0.02163600142,      0.2290223792,    -0.01684903298,      0.2420832677,      0.2250232326,      0.2407519496,      0.2932447067,     0.01916919479,     0.01896198841,    0.003207575376,     -0.0191231086,    0.007309427943,     -0.2229345645,      0.2063454711,     -0.2530815037,      0.3076364859,   9.414980616e-06,      0.2174416676,    0.002022346546,     -0.2367975607,    0.008619878947,       0.480532518,     -0.4473161169,     -0.4437519278,      0.5468245676,      -4.243941175,       -1.44015638,      -0.177003733,      -1.520496375,      0.1683176361,      -3.952540091,      -3.681938369,      -3.826319627,      -4.710258561,       0.217414085,      0.1685440932,     0.01888071556,     -0.1709546667,     0.05223282415,      -3.595263888,       3.330556257,      -4.114641868,       5.041500664,    -0.01665766792,     -0.0316763852,    -0.03290337494,    -0.03258493029,    -0.03270854187,    -0.03499668783,    -0.03610542648,     -0.0323559996,    -0.03608204682,     0.01916919479,     0.01896198841,    0.003207575376,     -0.0191231086,    0.007309427943,     -0.2229345645,      0.2063454711,     -0.2530815037,      0.3076364859,      0.4787319054,      0.2160331829,     0.01994130069,      0.2276289733,    -0.01858633772,       0.240581391,      0.2234398372,      0.2393866385,        0.29175616,       56.88178226,      -10.69505848,     -0.6800644245,      -11.10298821,      0.5009159148,       -10.8277508,      -9.236645655,       -12.1695592,      -14.12324975
          0,           0,         270,      -2.608690037,     -0.3103260711,     -0.4384967001,     -0.3083930893,       2.880519022,       71.11653136,     -0.1856268695,        1.92068076,     0.06253976632,      0.1279677979,      -23.21591006,      0.8580091993,     -0.2858931385,     0.06253976632,       1.908333574,      -10.34699753,    0.008085529657,    -0.02032901914,    -0.03182942919,    -0.02064075716,    -0.03366169195,     -0.0224081706,    -0.02444352547,    -0.01966949745,    -0.02073030818,      0.4725079807,       0.217600139,     0.02163654955,        0.22917423,    -0.01683650237,      0.2417518202,      0.2234291411,      0.2400058393,      0.2914115621,     0.01668376373,     0.01895820092,    0.003206552979,    -0.01911802162,    0.007279017936,     -0.2225888393,      0.2047055128,     -0.2524032174,      0.3058167963,   9.501657218e-06,      0.2176280793,    0.002033647105,     -0.2369340183,    0.008588337286,      0.4799507694,      -0.444697761,     -0.4425089402,      0.5438981826,      -4.147623356,      -1.441539564,     -0.1770193904,      -1.521502848,      0.1682732083,      -3.946929634,      -3.655274534,      -3.814255646,      -4.680038293,       0.167806857,      0.1685354143,     0.01888298992,     -0.1709469407,     0.05203372632,      -3.589408243,       3.303203239,      -4.103293359,       5.011195515,    -0.01665470829,    -0.03168947028,    -0.03291817758,     -0.0326065222,    -0.03273440532,    -0.03502977366,    -0.03610340421,    -0.03220347619,    -0.03595320077,     0.01668376373,     0.01895820092,    0.003206552979,    -0.01911802162,    0.007279017936,     -0.2225888393,      0.2047055128,     -0.2524032174,      0.3058167963,      0.4722835889,      0.2162379869,     0.01994107379,      0.2277799009,    -0.01857514536,      0.2402477547,      0.2218436639,      0.2386474977,      0.2899272522,       58.43871716,      -10.70391727,     -0.6797655533,      -11.10299531,      0.5001680365,      -10.78855675,      -9.140626681,      -12.20193042,       -14.0572711
          0,           0,         275,      -2.576504981,     -0.2840726448,     -0.4136054838,     -0.2681072815,       2.912143886,       71.11653136,     -0.1862954645,       1.903704698,     0.05400520589,      0.1281301736,      -22.95564724,      0.7187567518,     -0.2856723589,     0.05400520589,       1.891345786,      -10.21873884,    0.007638858641,    -0.02032522309,    -0.03184650173,    -0.02065514009,    -0.03367887909,    -0.02245525953,    -0.02458569955,    -0.01960939318,    -0.02077822691,      0.4629482595,      0.2178204176,     0.02163114219,      0.2293204631,    -0.01681806485,      0.2410650246,      0.2206610715,      0.2387887817,       0.288287603,     0.01221609738,     0.01894781584,    0.003273000637,    -0.01910767692,    0.007264447158,      -0.221881519,      0.2018711963,     -0.2513526493,      0.3027744938,   9.975059342e-06,      0.2178138671,    0.001979296249,      -0.237063867,    0.008566513586,      0.4786508672,     -0.4400879527,     -0.4406628864,      0.5389243605,      -4.013610682,      -1.443002743,     -0.1769984486,      -1.522461071,      0.1681797244,      -3.935390127,       -3.60934994,      -3.794362995,      -4.628650958,     0.09610953305,      0.1684775157,      0.0193396067,     -0.1709053505,     0.05193775105,      -3.577555006,       3.256280487,      -4.085843373,       4.960915588,       -0.01660045,    -0.03169720792,    -0.03293494372,    -0.03262853866,    -0.03275253386,    -0.03504085396,    -0.03610051388,    -0.03207975842,    -0.03583755845,     0.01221609738,     0.01894781584,    0.003273000637,    -0.01910767692,    0.007264447158,      -0.221881519,      0.2018711963,     -0.2513526493,      0.3027744938,       0.462713592,      0.2164581623,     0.01993478034,      0.2279251809,    -0.01855763262,      0.2395594359,      0.2190719471,      0.2374352536,      0.2868050665,       60.60437576,      -10.71675409,     -0.6792313445,      -11.10234364,      0.4993653383,      -10.73534796,      -8.975179702,      -12.17726522,      -13.87450451
          0,           0,         280,      -2.587868355,     -0.2927067297,     -0.4106419422,     -0.2878183196,       2.901196976,       71.11653136,     -0.1870769365,       1.886491137,     0.04535369074,      0.1277493067,       -22.6951702,      0.5849920242,     -0.2855518717,     0.04535369074,       1.874114916,      -10.08403907,    0.007221954583,    -0.02032554454,    -0.03186245865,    -0.02066632269,    -0.03368150889,    -0.02248738063,     -0.0247490008,    -0.01962905617,    -0.02089761869,      0.4540983122,      0.2179489205,     0.02161983619,      0.2294174472,    -0.01679888716,      0.2400983622,      0.2175902778,       0.237615634,      0.2849012346,    0.007948024899,     0.01893459401,    0.003339640126,    -0.01909403358,    0.007262563962,     -0.2208884154,      0.1987166216,     -0.2503742369,      0.2995089319,   1.026727738e-05,      0.2179195073,    0.001923526602,     -0.2371537791,    0.008559129327,      0.4768425718,     -0.4348865699,      -0.438905616,      0.5334402694,      -3.893280023,      -1.443834613,     -0.1769370667,       -1.52308987,      0.1680598382,      -3.919286238,      -3.558689962,      -3.775088532,      -4.573023735,     0.03494641664,      0.1684001362,     0.01978915642,     -0.1708350322,     0.05192687711,       -3.56106726,       3.204319031,      -4.069685856,       4.907198554,    -0.01655361225,    -0.03170425425,    -0.03295028706,    -0.03264478169,    -0.03275616373,    -0.03502233983,    -0.03610287841,    -0.03203799666,    -0.03577955778,    0.007948024899,     0.01893459401,    0.003339640126,    -0.01909403358,    0.007262563962,     -0.2208884154,      0.1987166216,     -0.2503742369,      0.2995089319,      0.4538539541,      0.2165864722,     0.01992265471,      0.2280214468,    -0.01853861884,      0.2385924171,      0.2159968152,      0.2362626846,      0.2834170905,       62.87748101,      -10.72290683,     -0.6785363434,      -11.10102898,      0.4987569651,      -10.67702664,       -8.79188132,      -12.10530104,      -13.63319136
          0,           0,         285,      -2.620635269,     -0.3240988385,     -0.4544604754,     -0.3202213298,       2.868050984,       71.11653136,     -0.1879401293,       1.869774612,     0.03786809714,      0.1272532779,      -22.44824552,      0.4718282665,     -0.2855390061,     0.03786809714,       1.857376125,      -9.948777942,    0.006823070684,    -0.02033531741,    -0.03188316384,    -0.02067663672,    -0.03367657501,    -0.02251165391,    -0.02490547101,    -0.01972009389,    -0.02105428815,      0.4455490994,      0.2180046094,     0.02160768279,      0.2294642232,      -0.016781635,       0.238869163,      0.2146813796,      0.2365309386,      0.2818491512,    0.004163388764,     0.01892302184,    0.003366542557,    -0.01907882099,    0.007267263612,     -0.2196206855,      0.1957155579,     -0.2494629575,      0.2965947864,   1.016906083e-05,        0.21797467,    0.001908306308,     -0.2372021198,    0.008561135929,       0.474649484,     -0.4299448994,     -0.4371910675,      0.5284875993,      -3.781564047,      -1.444178095,      -0.176873514,      -1.523385293,      0.1679406396,      -3.898968333,      -3.510980984,      -3.757200512,      -4.523035383,    -0.01744987312,      0.1683393128,     0.01995946516,     -0.1707502291,     0.05196051429,      -3.540182604,       3.155158042,      -4.054737747,       4.859531386,    -0.01650451827,    -0.03171692826,    -0.03297032782,    -0.03265752965,    -0.03275213951,    -0.03498224854,    -0.03610689422,    -0.03207214104,    -0.03577627882,    0.004163388764,     0.01892302184,    0.003366542557,    -0.01907882099,    0.007267263612,     -0.2196206855,      0.1957155579,     -0.2494629575,      0.2965947864,      0.4452955818,      0.2166415733,     0.01990943434,      0.2280676189,    -0.01852113211,      0.2373636322,      0.2130837146,      0.2351747112,      0.2803609905,       65.30037868,      -10.72049209,     -0.6777145108,      -11.09775378,      0.4983177474,      -10.61091131,      -8.619848205,       -11.9944124,      -13.38678132
          0,           0,         290,      -2.510138335,     -0.2269597426,     -0.3383094774,     -0.1965323988,       2.978157808,       71.11653136,     -0.1889824687,       1.852508414,     0.03170691015,      0.1270735213,      -22.20334421,      0.3835906077,     -0.2856762741,     0.03170691015,       1.840079037,      -9.802541083,    0.006361196041,    -0.02035347286,    -0.03190985723,    -0.02068742052,    -0.03366976487,    -0.02253795012,     -0.0250407777,    -0.01990359988,    -0.02124082158,      0.4361456023,      0.2180169443,     0.02159422331,      0.2294698582,    -0.01676740925,       0.237326364,      0.2121851236,      0.2351934979,      0.2793442093,   0.0001392554009,     0.01891357488,    0.003354227255,    -0.01906172488,    0.007282423715,     -0.2180197279,      0.1931302019,     -0.2482798197,      0.2942484995,   9.794421782e-06,      0.2180023488,    0.001930326217,     -0.2372156729,    0.008572543583,      0.4719876972,     -0.4257762597,     -0.4349480544,       0.524510798,      -3.665231884,      -1.444235901,     -0.1768061327,      -1.523407459,       0.167838472,      -3.873640417,       -3.47044054,      -3.735099507,      -4.482320845,    -0.07136004681,      0.1682988977,     0.01985813519,     -0.1706514302,     0.05206314522,      -3.513983408,       3.113214858,      -4.035455405,       4.821605862,    -0.01647361891,    -0.03173570439,    -0.03299628021,    -0.03266859359,    -0.03274608323,    -0.03492776485,    -0.03611137153,     -0.0321853993,    -0.03583145809,   0.0001392554009,     0.01891357488,    0.003354227255,    -0.01906172488,    0.007282423715,     -0.2180197279,      0.1931302019,     -0.2482798197,      0.2942484995,      0.4358807992,      0.2166529412,     0.01989459629,      0.2280726818,    -0.01850656944,      0.2358215713,      0.2105837983,      0.2338294994,      0.2778497191,       68.56345874,      -10.71153536,     -0.6767257891,       -11.0922412,      0.4979960304,      -10.53007761,      -8.473583617,      -11.81663113,      -13.15129023
          0,           0,         295,      -2.603118187,     -0.3092800365,     -0.4284911643,     -0.3061594259,       2.885253119,       71.11653136,     -0.1897353643,       1.842285009,     0.02912962864,      0.1271297856,      -22.06425541,      0.3574926204,     -0.2858930862,     0.02912962864,        1.82983024,      -9.709760837,    0.006118513573,    -0.02036910111,    -0.03192992824,    -0.02069576149,    -0.03366643173,    -0.02256552211,     -0.0251141212,    -0.02011556547,    -0.02139744649,      0.4310290569,      0.2179703121,     0.02158052768,      0.2294373458,    -0.01676145018,      0.2360712349,      0.2109768673,      0.2338958101,      0.2780853049,   -0.002562115057,     0.01890558688,    0.003332833288,    -0.01904814208,    0.007305148062,     -0.2166973596,      0.1918596378,     -0.2470818614,      0.2931159008,   9.622229568e-06,      0.2179693622,    0.001949702763,     -0.2371935162,    0.008591044567,      0.4698160186,     -0.4237631565,      -0.432819474,      0.5225701819,      -3.607846842,      -1.443906103,      -0.176732036,       -1.52318012,      0.1677962752,      -3.853191567,      -3.451287002,      -3.713678907,      -4.462229111,     -0.1004727948,      0.1682615074,     0.01970464139,      -0.170569668,     0.05221414912,      -3.492501959,       3.093075174,      -4.016045026,       4.803826596,     -0.0164481895,    -0.03174887068,    -0.03301560694,    -0.03267522156,    -0.03274306653,    -0.03488961066,    -0.03612137926,    -0.03232915867,    -0.03592198239,   -0.002562115057,     0.01890558688,    0.003332833288,    -0.01904814208,    0.007305148062,     -0.2166973596,      0.1918596378,     -0.2470818614,      0.2931159008,      0.4307585648,      0.2166055549,     0.01987986899,      0.2280397774,    -0.01850044409,      0.2345667193,      0.2093733593,      0.2325224966,      0.2765843429,       70.44669456,      -10.70102754,     -0.6758714743,      -11.08619975,      0.4978683311,      -10.46158976,       -8.40072665,      -11.62760303,      -12.99619116
          0,           0,         300,       -2.62575463,     -0.3292891392,     -0.4578822167,     -0.3259543357,       2.862929199,       71.11653136,     -0.1900382256,       1.841059341,      0.0308128984,      0.1270665883,      -22.05077522,       0.393586972,     -0.2861313859,      0.0308128984,       1.828590401,      -9.687836939,    0.006233346393,    -0.02037953392,    -0.03194112457,    -0.02070068501,     -0.0336636886,    -0.02259947653,    -0.02515194225,    -0.02031295357,    -0.02152216751,      0.4325143182,      0.2178535708,     0.02156588609,      0.2293693141,    -0.01675927214,      0.2351999553,      0.2107045443,      0.2329059732,      0.2777050516,   -0.002152428894,     0.01889524718,    0.003313368636,     -0.0190372001,    0.007323953631,     -0.2157509379,      0.1915358154,     -0.2461343321,      0.2928194126,   9.739047287e-06,      0.2178635705,    0.001958494118,     -0.2371371616,    0.008608072738,      0.4682679707,     -0.4231840384,     -0.4312740805,      0.5219540218,      -3.635425838,      -1.443109092,     -0.1766443669,      -1.522718787,      0.1677796938,      -3.839160989,      -3.447543829,      -3.697400582,      -4.456551434,    -0.08616379369,      0.1681980603,     0.01957475538,     -0.1704985484,      0.0523375626,      -3.477288547,       3.088493516,      -4.000840069,       4.799774036,    -0.01641124662,    -0.03175317942,    -0.03302602164,    -0.03267657783,    -0.03274044115,     -0.0348779193,     -0.0361448962,     -0.0324744722,    -0.03602663155,   -0.002152428894,     0.01889524718,    0.003313368636,     -0.0190372001,    0.007323953631,     -0.2157509379,      0.1915358154,     -0.2461343321,      0.2928194126,      0.4322478005,      0.2164884277,      0.0198646615,      0.2279715813,    -0.01849812547,      0.2336948567,      0.2090994301,      0.2315236858,      0.2761980832,        69.3871784,      -10.68982106,      -0.675176168,      -11.08027652,      0.4978442005,      -10.40731872,       -8.37726734,      -11.46588419,      -12.90321021
          0,           0,         305,      -2.616472999,     -0.3221471115,     -0.4485004781,     -0.3181283764,       2.871846688,       71.11653136,     -0.1899838777,       1.847713307,      0.0364023155,      0.1268116647,       -22.1475583,      0.4835528296,     -0.2864253542,      0.0364023155,       1.835238092,      -9.725632137,    0.006620993335,    -0.02038776307,    -0.03194342995,    -0.02070108834,    -0.03366031939,    -0.02264796913,    -0.02516585333,    -0.02048053585,      -0.021617912,      0.4397169761,      0.2176943721,     0.02154998795,      0.2292619605,    -0.01675807973,      0.2346811055,      0.2111579761,      0.2323686495,      0.2780403585,    0.001489523435,     0.01888497498,    0.003301101237,    -0.01902807542,    0.007332305266,     -0.2151508928,      0.1919584929,     -0.2455792928,      0.2931941787,   9.681645579e-06,      0.2177199365,    0.001959668285,     -0.2370417841,    0.008617845398,      0.4672924368,     -0.4236734706,     -0.4303820372,      0.5223093879,      -3.736994034,      -1.442035124,     -0.1765399336,      -1.521997187,      0.1677678692,      -3.830992206,      -3.455637032,      -3.688634089,      -4.462496569,    -0.02878029276,      0.1681303373,     0.01949695772,     -0.1704321608,     0.05238970025,       -3.46780811,       3.096068222,      -3.992131961,       4.806620137,    -0.01640108893,    -0.03175306549,    -0.03302749181,    -0.03267136215,    -0.03273713897,    -0.03489919094,      -0.036182519,    -0.03261370346,    -0.03613979344,    0.001489523435,     0.01888497498,    0.003301101237,    -0.01902807542,    0.007332305266,     -0.2151508928,      0.1919584929,     -0.2455792928,      0.2931941787,      0.4394608753,      0.2163290165,     0.01984866449,      0.2278643537,    -0.01849675836,      0.2331741801,      0.2095515125,      0.2309783279,      0.2765279198,        66.4125387,      -10.67769776,     -0.6746297434,      -11.07487475,      0.4978586071,      -10.36212581,      -8.390654327,       -11.3458286,      -12.86157324
          0,           0,         310,      -2.630381171,      -0.333931365,     -0.4637503184,     -0.3308934369,       2.858234038,       71.11653136,     -0.1897190856,       1.858065976,     0.04333686204,      0.1266462813,      -22.29846474,      0.5928249119,     -0.2867027418,     0.04333686204,       1.845590431,      -9.793774675,    0.007088925039,    -0.02038906772,    -0.03193648856,    -0.02069778786,    -0.03365761009,    -0.02270522247,    -0.02515296703,    -0.02059847181,    -0.02167039509,      0.4483297335,      0.2175626553,      0.0215362112,      0.2291367252,    -0.01675818965,      0.2346229469,      0.2123485003,      0.2322358677,      0.2790515254,     0.00590051648,     0.01887701403,    0.003312886842,    -0.01902228359,    0.007338823819,     -0.2150208064,      0.1931400614,     -0.2453917368,      0.2942023862,   9.219901734e-06,      0.2176065388,    0.001941142511,     -0.2369257586,     0.00862688653,      0.4670584944,     -0.4252398497,     -0.4300066153,      0.5235762228,      -3.855650223,      -1.441162856,     -0.1764421997,      -1.521160714,       0.167765044,      -3.830352499,      -3.475606854,      -3.686537079,      -4.479317365,      0.0390313985,      0.1680722826,     0.01958197947,     -0.1703826404,     0.05243061008,      -3.465966388,       3.115843246,      -3.989400938,       4.823615362,     -0.0163845554,    -0.03174747482,    -0.03301983892,    -0.03266151189,    -0.03273442762,    -0.03495332204,    -0.03623195758,    -0.03272452853,    -0.03624512499,     0.00590051648,     0.01887701403,    0.003312886842,    -0.01902228359,    0.007338823819,     -0.2150208064,      0.1931400614,     -0.2453917368,      0.2942023862,      0.4480863188,      0.2161974119,      0.0198352699,      0.2277394628,    -0.01849672634,      0.2331131048,      0.2107410795,      0.2308395558,      0.2775349541,       63.24368378,      -10.67055435,     -0.6743449943,      -11.07059009,      0.4979019487,      -10.33343528,      -8.442284366,      -11.27442219,      -12.87708527
          0,           0,         315,       -2.63377741,     -0.3373399371,     -0.4682401148,     -0.3349807493,       2.854620141,       71.11653136,     -0.1893915642,       1.869133887,     0.05027790186,      0.1267697801,       -22.4623438,      0.7002036178,      -0.286954919,     0.05027790186,       1.856660316,      -9.869150694,    0.007488852505,    -0.02037906774,    -0.03191953096,    -0.02069030335,    -0.03365240745,    -0.02276701577,    -0.02512063041,    -0.02066908272,    -0.02168237831,       0.455733629,      0.2174727884,     0.02152469932,      0.2290089234,    -0.01675764341,      0.2350424133,      0.2142166647,      0.2322966183,      0.2805957944,     0.00977969553,     0.01886926331,    0.003345168452,    -0.01901855775,    0.007344328484,     -0.2153853976,      0.1950106445,     -0.2453769813,      0.2957097381,   8.803181389e-06,       0.217528569,     0.00190589629,     -0.2368026692,    0.008634705513,      0.4675765037,     -0.4278253523,     -0.4299083945,      0.5256517185,      -3.956520154,      -1.440583399,     -0.1763526356,      -1.520312982,      0.1677538896,      -3.837480674,      -3.506500904,      -3.687624007,      -4.504722934,     0.09653894118,      0.1680048235,     0.01980493273,     -0.1703422027,     0.05246708443,      -3.472130271,        3.14668116,       -3.98942121,        4.84860036,    -0.01637266597,    -0.03173278528,    -0.03300230208,    -0.03264734901,     -0.0327292607,    -0.03503698382,    -0.03629743745,    -0.03279822211,    -0.03633791258,     0.00977969553,     0.01886926331,    0.003345168452,    -0.01901855775,    0.007344328484,     -0.2153853976,      0.1950106445,     -0.2453769813,      0.2957097381,      0.4555009982,      0.2161081915,      0.0198246613,      0.2276122278,    -0.01849590857,      0.2335287623,       0.212608376,      0.2308965277,      0.2790764796,       60.85493455,      -10.67138061,     -0.6743425945,      -11.06841787,      0.4979626921,        -10.323813,       -8.52751946,      -11.23884507,      -12.94119078
          0,           0,         320,      -2.359976702,     -0.1023857669,      -0.154431375,    -0.04421328085,       3.126802345,       71.11653136,     -0.1889371581,       1.882486499,     0.05848110309,      0.1270000526,      -22.66220391,      0.8239506781,     -0.2871999573,     0.05848110309,        1.87001841,      -9.963558879,    0.007884276438,     -0.0203488934,     -0.0318735145,    -0.02066706933,    -0.03363514746,     -0.0228858548,    -0.02507777603,    -0.02066852596,    -0.02166465304,      0.4625138875,      0.2173865261,     0.02151335816,      0.2288295221,    -0.01675485214,      0.2362486967,      0.2173270733,      0.2325398496,      0.2828824376,     0.01389212596,     0.01886216019,    0.003400036279,    -0.01901492065,    0.007323489206,     -0.2165720178,      0.1981757702,     -0.2454547533,       0.297869213,   8.893602795e-06,      0.2174349484,    0.001853435651,     -0.2366186158,    0.008614371232,      0.4693395122,     -0.4325671768,     -0.4300746687,      0.5290093529,      -4.045656768,       -1.44004178,     -0.1762415291,      -1.519135144,      0.1677098479,       -3.85749011,      -3.557493482,      -3.691821895,      -4.542033047,      0.1539862779,      0.1679188765,     0.02017365679,     -0.1702823179,     0.05232242582,      -3.491640376,       3.198381156,      -3.990943512,        4.88403449,    -0.01633263527,    -0.03169813767,    -0.03295575513,    -0.03261475768,    -0.03271217046,    -0.03521879199,    -0.03641742801,    -0.03281039586,    -0.03643988527,     0.01389212596,     0.01886216019,    0.003400036279,    -0.01901492065,    0.007323489206,     -0.2165720178,      0.1981757702,     -0.2454547533,       0.297869213,      0.4622926594,      0.2160236267,     0.01981574399,      0.2274342883,     -0.0184922178,       0.234727173,      0.2157167647,      0.2311394548,      0.2813609168,       58.66281975,       -10.6829655,     -0.6749603394,       -11.0721805,      0.4981352366,      -10.32291338,      -8.666122268,      -11.25091601,      -13.05732601
          0,           0,         325,      -2.020940622,      0.2327339015,      0.2607127178,      0.2566178897,       3.465187893,       71.11653136,     -0.1882021724,        1.88503055,      0.0538398009,      0.1282215362,      -22.65298169,      0.7139049272,     -0.2865991242,      0.0538398009,        1.87259744,       -10.0159872,    0.008112205641,    -0.02027819465,    -0.03178222408,    -0.02060457787,    -0.03359119387,    -0.02294188209,    -0.02515394984,    -0.02036863979,    -0.02159371584,      0.4678183505,      0.2173972271,     0.02155166989,      0.2288371824,    -0.01676834433,      0.2368565745,      0.2153620994,       0.232832392,      0.2811433983,     0.01388422156,     0.01888323802,    0.003494286041,    -0.01902465742,    0.007356266599,     -0.2175130953,      0.1964380048,     -0.2452963878,      0.2956179245,   9.101895679e-06,      0.2174213706,    0.001761024067,     -0.2366084424,    0.008633084544,      0.4703398379,     -0.4294160452,     -0.4301034577,      0.5261850625,      -4.083824732,      -1.440169304,     -0.1764230084,      -1.519252997,      0.1677306093,      -3.867157148,      -3.523912991,       -3.69718217,       -4.51278995,      0.1231074141,      0.1679727862,     0.02080143414,     -0.1702719874,     0.05253452861,      -3.506590978,       3.168511165,      -3.988287251,       4.846127816,    -0.01638263258,    -0.03162809585,     -0.0328665949,    -0.03255275277,    -0.03266757097,    -0.03530655636,    -0.03639065863,    -0.03252623116,    -0.03627803099,     0.01388422156,     0.01888323802,    0.003494286041,    -0.01902465742,    0.007356266599,     -0.2175130953,      0.1964380048,     -0.2452963878,      0.2956179245,      0.4676017817,      0.2160380131,     0.01985878098,      0.2274452087,    -0.01850339115,      0.2353312855,      0.2137504971,      0.2314472911,      0.2796279732,       57.66845309,      -10.72073875,     -0.6781045226,      -11.10613301,      0.4991886981,       -10.3241998,      -8.561760709,      -11.43092491,      -13.01968593
          0,           0,         330,      -1.944989362,       0.343720975,      0.3810961818,       0.358130687,       3.542607733,       71.11653136,     -0.1840028606,       1.936309069,     0.03540304809,      0.1273360223,      -23.38899156,      0.4428244267,     -0.2850892777,     0.03540304809,       1.924025459,      -10.52325525,     0.01039823491,    -0.02019936014,     -0.0317534321,    -0.02055805848,    -0.03359221461,    -0.02228639739,    -0.02482546295,     -0.0199038859,     -0.0212822839,      0.4946643291,      0.2187499374,     0.02167912517,      0.2295213589,    -0.01675406091,       0.244306679,      0.2177643262,      0.2417473775,      0.2846299965,    0.004672574113,     0.01899595489,     0.00446979189,    -0.01910963498,    0.007910000187,     -0.2248930527,      0.1986591655,     -0.2542261042,      0.2989243534,   9.397777192e-06,      0.2188577813,   0.0008112485678,      -0.237314703,    0.009188907172,      0.4829266044,       -0.43236435,      -0.446692223,      0.5319133592,      -4.441452925,      -1.449341831,     -0.1772552564,      -1.523929408,      0.1676264708,      -3.988501038,      -3.562748925,      -3.843187765,      -4.570200878,     0.01793304368,       0.168733032,     0.02726565888,      -0.170832228,     0.05622765828,      -3.626817149,       3.204501898,      -4.134394241,       4.900206753,    -0.01550474619,    -0.03162016478,    -0.03284451287,    -0.03254210418,    -0.03266933785,    -0.03504187832,    -0.03618834476,    -0.03252868849,    -0.03614950031,    0.004672574113,     0.01899595489,     0.00446979189,    -0.01910963498,    0.007910000187,     -0.2248930527,      0.1986591655,     -0.2542261042,      0.2989243534,      0.4945306104,      0.2173929954,     0.01998756845,      0.2281308823,    -0.01848918073,      0.2428054853,      0.2161666234,      0.2403743823,      0.2831260923,        47.5719517,      -10.82954786,       -0.68273329,      -11.16454451,      0.4987483292,      -10.96214317,      -8.771813303,      -12.14573771,      -13.37403438
          0,           0,         335,      -1.958492235,      0.3749812265,      0.3962679731,      0.3610173582,       3.536189935,       71.11653136,      -0.180690421,       2.023949511,    -0.00118246396,       0.131328403,      -24.70409069,     -0.2386139563,     -0.2863681241,    -0.00118246396,       2.011719153,      -11.20119982,    0.009437907252,    -0.02013029916,     -0.0318748516,    -0.02061694578,    -0.03363948562,    -0.02036029818,    -0.02370451563,    -0.01894672705,     -0.0208552052,      0.5109184795,      0.2216462898,     0.02190525904,      0.2301965548,    -0.01691578526,      0.2778173295,      0.2373498004,      0.2550416844,       0.285989899,   -0.007913387182,     0.01904590777,    0.006813359021,    -0.01922106488,    0.008296746998,      -0.258988616,      0.2184321116,     -0.2672536306,      0.2996061094,   1.187395702e-05,      0.2217318907,   -0.001728973223,     -0.2379401369,    0.009609201207,      0.5452967923,     -0.4698479456,     -0.4691383684,      0.5333340689,      -4.633366268,      -1.468652027,     -0.1788661541,      -1.528235116,       0.168758482,      -4.534374998,      -3.882393249,      -4.056770988,      -4.590190367,     -0.2486774361,      0.1690699154,     0.04309483874,     -0.1716528003,     0.05873809925,      -4.181697521,       3.526918034,      -4.342590371,       4.908183285,    -0.01731443426,    -0.03170278181,    -0.03297760091,    -0.03263624779,    -0.03270808008,     -0.0348722307,    -0.03609395819,    -0.03226861165,    -0.03579417871,   -0.007913387182,     0.01904590777,    0.006813359021,    -0.01922106488,    0.008296746998,      -0.258988616,      0.2184321116,     -0.2672536306,      0.2996061094,      0.5107122254,      0.2202889928,     0.02020703781,      0.2288020709,    -0.01865315741,      0.2763710148,      0.2357839223,      0.2537005636,      0.2845064827,       54.13472138,      -11.01058102,     -0.6872270126,      -11.16540526,      0.5028550511,       -13.6450521,      -10.01285173,        -13.460989,      -13.71311844
          0,           0,         340,      -1.960664764,      0.3582441055,      0.3875716108,      0.3485784103,       3.529468832,       71.11653136,     -0.1785480322,       2.050636313,     0.08021171374,      0.1179693559,      -25.15405713,       1.071088957,     -0.2856253507,     0.08021171374,       2.038481505,      -11.48506812,     0.01062911108,    -0.02018962733,    -0.03181041608,    -0.02041351683,    -0.03359597181,    -0.02169027082,    -0.02380679084,    -0.01820683859,      -0.019463711,      0.5077582509,      0.2197502934,     0.02167881103,      0.2329996198,    -0.01663064758,      0.2552870796,      0.2364975382,      0.2735086195,      0.3197867481,     0.03687352019,     0.01904083009,    0.003021397749,    -0.01906316801,    0.009485647395,     -0.2355285085,      0.2177777151,     -0.2859271508,      0.3345314305,   6.944892171e-06,      0.2199112602,    0.002444412358,     -0.2408306827,     0.01077005121,      0.5037265835,     -0.4672054829,      -0.506526395,      0.5956726644,      -4.609644544,      -1.455962438,     -0.1773010652,      -1.547212947,       0.166807514,       -4.16376587,      -3.865735105,      -4.359245491,      -5.141997185,      0.4409542962,      0.1691058612,     0.01744027675,     -0.1705697902,      0.0668549166,      -3.796317521,       3.513619097,      -4.648644935,       5.478646756,    -0.01595946935,    -0.03166279989,    -0.03290140231,    -0.03257979872,    -0.03267954886,    -0.03502123848,    -0.03615148927,     -0.0324962219,    -0.03617338192,     0.03687352019,     0.01904083009,    0.003021397749,    -0.01906316801,    0.009485647395,     -0.2355285085,      0.2177777151,     -0.2859271508,      0.3345314305,      0.5076186705,      0.2183924898,     0.01998427243,       0.231611941,    -0.01836613317,      0.2538020364,      0.2349274754,      0.2721809131,      0.3183298395,       47.77052824,      -10.88431647,     -0.6815003923,       -11.4139872,      0.4950190955,      -11.76965847,      -9.934036879,      -15.02230154,      -16.42989603
          0,           0,         345,      -1.948084419,      0.3580930557,      0.3971575478,      0.3772022901,       3.543337219,       71.11653136,     -0.1769139546,        2.08742348,    -0.01005151958,      0.1341122816,      -25.69017408,     -0.2323450121,     -0.2859188041,    -0.01005151958,       2.075303778,      -11.79908891,     0.01017615353,    -0.02010540484,     -0.0318720356,    -0.02052298653,    -0.03364212133,    -0.01997813366,    -0.02308072804,    -0.01810015851,    -0.01978853965,      0.5233296103,      0.2220381638,     0.02196114171,      0.2322439828,    -0.01695549854,      0.2832373615,       0.247355435,      0.2690354309,      0.3051778529,    -0.02213784211,      0.0190328696,     0.00408567126,    -0.01934492525,    0.006971269796,     -0.2643861516,      0.2281097994,     -0.2813248609,      0.3189426502,   1.052407417e-05,       0.222160983,    0.001011302015,     -0.2400744906,    0.008314748928,      0.5567581399,     -0.4890584167,     -0.4931472786,      0.5681367697,      -4.813966328,      -1.471243308,     -0.1792507429,      -1.542010166,      0.1690395362,      -4.622834832,      -4.043515374,      -4.284741955,      -4.901650907,     -0.3665445359,       0.168984743,     0.02482539633,     -0.1725023817,     0.04989027737,      -4.269781387,       3.682538747,      -4.571221847,       5.221465975,    -0.01722674812,    -0.03169843071,    -0.03297771344,    -0.03264957141,    -0.03270863374,    -0.03477425247,    -0.03599467992,    -0.03215557941,     -0.0357331949,    -0.02213784211,      0.0190328696,     0.00408567126,    -0.01934492525,    0.006971269796,     -0.2643861516,      0.2281097994,     -0.2813248609,      0.3189426502,       0.523144984,      0.2206816326,     0.02026299127,      0.2308516103,    -0.01869295421,      0.2818036198,       0.245808491,       0.267719438,      0.3037239651,       51.42705528,      -11.04370519,     -0.6890410761,      -11.31628589,      0.5039961176,      -14.17736844,      -10.71696849,      -14.86370579,      -15.42194918
          0,           0,         350,      -1.996717796,      0.3183693241,      0.2940749003,      0.3080540825,       3.495821825,       71.11653136,     -0.1773982193,       2.071649936,     0.03291622293,      0.1218680224,      -25.48383782,      0.3616241487,     -0.2855768816,     0.03291622293,       2.059526506,      -11.67796353,     0.01036458492,     -0.0201435243,    -0.03183418311,     -0.0204719759,    -0.03359785483,    -0.02080721118,    -0.02329298659,    -0.01804299391,    -0.01957207444,       0.515617396,      0.2209783459,     0.02180994919,      0.2319122092,     -0.0168035049,      0.2688365101,      0.2438277552,      0.2719548592,      0.3135164157,   0.0009953511262,      0.0190637525,    0.004681917168,    -0.01918363425,    0.008648188032,     -0.2496908493,      0.2249238976,      -0.284233804,       0.327711404,   8.485107456e-06,       0.221102451,   0.0006104150964,     -0.2397273207,    0.009965446328,      0.5282280017,     -0.4821292208,      -0.500622053,      0.5844318178,      -4.725735023,      -1.464171666,     -0.1782000741,       -1.53980169,      0.1679605159,      -4.386207177,      -3.985149108,      -4.333992573,      -5.038541026,    -0.07266908636,      0.1692269131,     0.02867572012,     -0.1713630616,     0.06113299328,      -4.028571533,        3.62986623,      -4.620534111,       5.365860083,    -0.01663494886,    -0.03168103134,    -0.03293200001,      -0.032581267,    -0.03267238264,    -0.03484851145,    -0.03602202309,    -0.03225128423,    -0.03595343301,   0.0009953511262,      0.0190637525,    0.004681917168,    -0.01918363425,    0.008648188032,     -0.2496908493,      0.2249238976,      -0.284233804,       0.327711404,      0.5154532007,      0.2196212722,       0.020113987,      0.2305229611,    -0.01853885214,      0.2673791138,       0.242274537,      0.2706378572,      0.3120624291,       49.74800245,      -10.97019283,     -0.6851110052,      -11.32827678,      0.5001362434,      -12.92035285,       -10.4678614,      -15.07260162,      -16.01855831
          0,           0,         355,      -2.506497139,     -0.1620496636,     -0.3422794753,      -0.204816126,       2.989406387,       71.11653136,     -0.1779211737,        2.07126723,     0.04162847935,      0.1219636852,      -25.44954784,      0.4965724073,       -0.28607909,     0.04162847935,       2.059116955,      -11.64148812,     0.01007024626,    -0.02014635886,    -0.03186022425,    -0.02051775842,    -0.03362230466,    -0.02093268646,      -0.023370443,    -0.01806939127,    -0.01947225306,      0.5169329291,      0.2209910341,     0.02181887544,      0.2318745476,     -0.0168261638,       0.266305089,      0.2427736942,      0.2721769816,      0.3152202423,     0.00675620296,      0.0190775761,    0.004712628812,    -0.01921840121,    0.008555261736,     -0.2471283947,      0.2239013948,     -0.2845353614,      0.3295075722,   8.194859458e-06,      0.2210725695,   0.0005962282309,     -0.2396760886,    0.009876510933,      0.5242096052,     -0.4804034074,     -0.5009576888,      0.5872377613,      -4.719315731,      -1.464231046,     -0.1782761983,      -1.539536346,      0.1681485607,      -4.344330892,      -3.967916804,       -4.33731863,      -5.066770749,     0.01236854893,      0.1693161555,     0.02887795854,     -0.1716440402,     0.06051863175,      -3.986273918,       3.613143123,      -4.625258876,       5.395524824,    -0.01699773382,    -0.03168452606,    -0.03295847263,    -0.03262501573,    -0.03269561308,    -0.03484133043,    -0.03604420805,     -0.0322892704,    -0.03594291982,     0.00675620296,      0.0190775761,    0.004712628812,    -0.01921840121,    0.008555261736,     -0.2471283947,      0.2239013948,     -0.2845353614,      0.3295075722,      0.5167515265,      0.2196337946,     0.02012153813,      0.2304829551,    -0.01856275959,       0.264844595,      0.2412178668,      0.2708582936,      0.3137691449,       51.33269989,      -10.96927915,     -0.6848311948,      -11.30116375,      0.5004464736,      -12.72197382,      -10.38806557,      -15.06287498,      -16.18817511
          0,           0,         360,      -2.520597338,     -0.1899060835,     -0.3683710643,     -0.2379634784,       2.973472359,       71.11653136,     -0.1788240926,       2.062866922,     0.05454167296,      0.1261921624,      -25.31682473,      0.6879378755,     -0.2865411333,     0.05454167296,       2.050680904,      -11.53573264,    0.009419527596,    -0.02016547194,    -0.03188759683,    -0.02053559329,    -0.03363374532,    -0.02102627909,     -0.0234227832,    -0.01820548873,    -0.01936666175,      0.5126210826,      0.2208151164,     0.02183635805,      0.2318649782,     -0.0168617035,      0.2645155559,      0.2423877367,      0.2696596365,      0.3160281608,     0.01508181017,     0.01910239816,    0.004563984093,    -0.01925302756,     0.00851733642,     -0.2453174556,      0.2235212351,     -0.2822515127,      0.3305769049,   8.711414792e-06,      0.2208425844,   0.0007126237036,     -0.2396218476,    0.009851967143,      0.5222350218,     -0.4800837697,     -0.4959061795,      0.5881530507,      -4.652389041,      -1.462990048,     -0.1784060544,      -1.539453925,      0.1683982675,      -4.315049908,      -3.961812675,      -4.295161817,      -5.079959527,      0.1259739682,      0.1694925627,     0.02788802488,     -0.1718917399,      0.0602825093,      -3.956718209,       3.607110864,      -4.587008417,       5.412808312,    -0.01742189609,    -0.03169440613,    -0.03298672267,    -0.03264232533,    -0.03270517807,    -0.03484113787,    -0.03607627707,    -0.03229343367,    -0.03587975641,     0.01508181017,     0.01910239816,    0.004563984093,    -0.01925302756,     0.00851733642,     -0.2453174556,      0.2235212351,     -0.2822515127,      0.3305769049,      0.5124115332,      0.2194571177,      0.0201375642,      0.2304724654,    -0.01859884934,      0.2630526161,       0.240829699,      0.2683372757,      0.3145814824,       54.42110312,      -10.95015862,     -0.6847915872,      -11.29088286,      0.5013329124,      -12.58023613,      -10.34837468,      -14.81199657,      -16.31815358
          0,           0,         365,      -2.578361081,     -0.2488499017,     -0.4331257254,     -0.2974139611,       2.915047037,       71.11653136,     -0.1793188666,       2.041297083,     0.06136310776,      0.1306087593,      -25.04405311,      0.8011498514,     -0.2859063512,     0.06136310776,       2.029114732,       -11.3836158,    0.009093674375,    -0.02016711125,    -0.03187284125,     -0.0205223031,    -0.03361114384,    -0.02106960459,     -0.0234518916,    -0.01837681775,    -0.01934082761,      0.4981216281,      0.2205157184,     0.02180849084,      0.2317769989,    -0.01687849022,      0.2631764116,      0.2421179625,      0.2655883015,      0.3150700612,     0.01767806357,     0.01910017775,    0.004472526739,    -0.01925022172,    0.008545124788,     -0.2440287999,      0.2232761386,     -0.2785608033,      0.3301309012,   9.714251388e-06,      0.2205104925,   0.0007696530432,     -0.2394971894,     0.00987962761,      0.5201980088,     -0.4793560913,     -0.4885813082,       0.586675852,      -4.492510942,      -1.460927369,     -0.1782066615,      -1.538843954,      0.1684732671,      -4.293084079,        -3.9574546,      -4.227586888,      -5.063911888,      0.1689258325,      0.1694641769,     0.02728758093,      -0.171851819,     0.06048961745,      -3.935679606,       3.603166835,      -4.525691943,       5.405039176,    -0.01698845992,    -0.03168037392,    -0.03297052886,    -0.03262444887,    -0.03268172901,     -0.0348143186,    -0.03609122669,    -0.03225145069,    -0.03580381462,     0.01767806357,     0.01910017775,    0.004472526739,    -0.01925022172,    0.008545124788,     -0.2440287999,      0.2232761386,     -0.2785608033,      0.3301309012,      0.4979148958,      0.2191580443,     0.02011050743,      0.2303853022,    -0.01861443019,      0.2617130396,      0.2405587711,      0.2642625536,      0.3136260479,       54.77671704,      -10.93442267,     -0.6842342879,      -11.29390779,      0.5021694681,      -12.49080923,      -10.32402702,      -14.45235541,      -16.29041257
          0,           0,         370,      -2.597206453,     -0.2716276148,      -0.449471617,     -0.3176156865,       2.894955938,       71.11653136,     -0.1808016322,       1.999146093,     0.05823682734,      0.1323857618,      -24.47799819,      0.7844539273,     -0.2851810723,     0.05823682734,       1.986943907,      -11.05712415,    0.007907062732,    -0.02016058982,    -0.03185383103,    -0.02050970108,     -0.0335643776,    -0.02113333323,    -0.02353724988,    -0.01856946576,    -0.01938014651,      0.4692998505,      0.2200923702,     0.02174247079,      0.2315201423,     -0.0168690842,      0.2604959245,      0.2404045031,      0.2605099462,      0.3119499699,     0.01158691433,     0.01905603234,    0.004463456278,    -0.01921239568,    0.008559134908,     -0.2415085672,       0.221651105,     -0.2738378201,      0.3274789674,   1.115612808e-05,      0.2200910816,   0.0007660610298,     -0.2392241749,     0.00988389287,      0.5144526808,     -0.4752444796,     -0.4800923611,       0.581741905,      -4.139292686,      -1.458060465,     -0.1777591022,      -1.537085534,      0.1683425914,      -4.248694831,       -3.92911519,      -4.143883633,      -5.012449346,      0.1035227031,      0.1691404905,     0.02725334981,     -0.1715720311,     0.06059536152,      -3.894065147,       3.576326732,      -4.447714441,        5.36096691,    -0.01666503006,    -0.03165170509,    -0.03294808946,    -0.03259842129,    -0.03263551914,    -0.03473767404,    -0.03608679245,     -0.0321780541,    -0.03567978667,     0.01158691433,     0.01905603234,    0.004463456278,    -0.01921239568,    0.008559134908,     -0.2415085672,       0.221651105,     -0.2738378201,      0.3274789674,       0.469070515,      0.2187356175,     0.02004557278,      0.2301294572,     -0.0186025895,      0.2590328907,      0.2388431926,      0.2591810756,      0.3105081748,        59.3519827,      -10.91696087,     -0.6825700421,      -11.28832358,      0.5025889173,      -12.32630564,      -10.21378896,      -14.02894136,      -16.09636799
          0,           0,         375,      -2.604338194,     -0.2791359171,     -0.4539335486,     -0.3251955136,       2.888078016,       71.11653136,     -0.1844752893,       1.924116367,     0.04751416746,      0.1288968289,      -23.45382903,      0.6549862163,     -0.2849229423,     0.04751416746,       1.911824742,      -10.43021195,     0.00503338909,    -0.02020505265,    -0.03190199686,    -0.02054004179,    -0.03353502263,    -0.02133178067,    -0.02374017062,    -0.01874389959,    -0.01951071355,       0.415258664,      0.2196278252,     0.02169825424,      0.2310552293,     -0.0168537944,      0.2552204451,      0.2362213337,      0.2553870431,      0.3065013666,   0.0002840310659,     0.01902008592,    0.004377068221,    -0.01917242197,    0.008483759859,     -0.2363452178,      0.2175527211,     -0.2687951839,       0.322109325,   1.272991349e-05,      0.2196735977,   0.0008565117322,      -0.238760716,    0.009799715544,       0.504064003,     -0.4673750587,     -0.4719403324,      0.5725663782,      -3.450664739,      -1.454935538,     -0.1775072466,      -1.533904867,      0.1681978116,      -4.161673705,      -3.860309964,       -4.06001385,      -4.923016928,    -0.03689165372,      0.1689297539,     0.02668669692,      -0.171312962,     0.06008557935,      -3.808944525,       3.508946255,      -4.364899666,       5.272386738,    -0.01670646826,    -0.03167179458,    -0.03299387517,    -0.03260438875,     -0.0326070046,    -0.03465975225,    -0.03607050492,    -0.03208413684,    -0.03552501691,   0.0002840310659,     0.01902008592,    0.004377068221,    -0.01917242197,    0.008483759859,     -0.2363452178,      0.2175527211,     -0.2687951839,       0.322109325,      0.4149529937,      0.2182693822,     0.01999889603,      0.2296635934,    -0.01858578434,      0.2537542552,       0.234655136,      0.2540560641,      0.3050602053,       82.50080741,       -10.8699457,     -0.6801534817,      -11.24901457,      0.5025729245,      -11.96432914,      -9.950279529,      -13.62507529,      -15.70938786
          0,           0,         380,      -2.417584499,      -0.110435136,     -0.2350899227,     -0.1158249088,       3.073939166,       71.11653136,     -0.1915551134,       1.790567681,     0.03887126228,      0.1226448525,      -21.61653256,      0.5519112456,     -0.2850036655,     0.03887126228,        1.77808855,      -9.347532673,   2.627538375e-05,    -0.02033052869,    -0.03203930265,    -0.02066050974,    -0.03356300039,    -0.02186728004,    -0.02415056609,    -0.01905082751,    -0.01991937364,      0.3194850361,      0.2189714407,     0.02168386463,      0.2301241029,    -0.01686125296,      0.2448344593,       0.227700255,      0.2474950936,      0.2971346815,   -0.008291678328,     0.01900990026,    0.004155562774,    -0.01915454917,    0.008167423513,     -0.2258735835,      0.2090368502,     -0.2607648707,      0.3125862073,   1.198814982e-05,      0.2190512917,     0.00110073058,      -0.237880802,    0.009483107191,      0.4878480032,     -0.4555519685,     -0.4598708972,      0.5584533993,      -2.214604516,      -1.450514673,     -0.1775219253,      -1.527584391,      0.1682895401,      -3.991863966,      -3.721315202,      -3.931511219,      -4.769906212,     -0.1440018788,      0.1689689688,     0.02518857534,     -0.1712792563,     0.05793707814,      -3.637713484,       3.370079054,      -4.233937371,       5.116669559,     -0.0166943155,    -0.03176274615,    -0.03313023969,    -0.03267596021,    -0.03263455366,    -0.03465095724,    -0.03603437915,    -0.03197761141,    -0.03544290252,   -0.008291678328,     0.01900990026,    0.004155562774,    -0.01915454917,    0.008167423513,     -0.2258735835,      0.2090368502,     -0.2607648707,      0.3125862073,      0.3190485682,      0.2176073303,     0.01997734011,      0.2287274383,    -0.01859469692,      0.2433544772,      0.2261242567,      0.2461588669,      0.2956849693,       12159.10067,      -10.77057287,     -0.6767895316,      -11.13835553,      0.5023762109,      -11.19638377,      -9.428360982,       -12.9913041,      -14.91686871
          0,           0,         385,      -2.105518061,      0.1942671811,      0.1717789608,      0.1797777308,       3.385766439,       71.11653136,     -0.1873115256,       1.896143009,     0.06244762162,      0.1279389177,      -22.98620133,      0.8616721707,     -0.2862912793,     0.06244762162,       1.883741284,      -10.12293826,    0.006746540486,    -0.02051725902,     -0.0320903099,    -0.02082256931,     -0.0337067865,    -0.02224696021,    -0.02430995858,    -0.01961096698,    -0.02075325561,      0.4440034784,      0.2171147334,     0.02159048967,      0.2284767747,    -0.01684967209,      0.2415703518,      0.2225497022,      0.2435050702,      0.2941820812,     0.01669227073,     0.01894053736,    0.003871684609,    -0.01908715533,    0.007664323124,     -0.2221178913,      0.2036300998,      -0.256392498,      0.3092462506,   9.328260555e-06,       0.217236151,    0.001394435788,     -0.2363941215,    0.008961494347,      0.4826757341,     -0.4458959832,     -0.4525608244,      0.5525127033,      -3.847657126,      -1.438080589,      -0.176930856,      -1.516692426,      0.1684362002,      -3.942539211,      -3.639574773,       -3.86947177,       -4.72369078,      0.1828533362,      0.1686074476,     0.02328343123,     -0.1709197822,     0.05457023119,      -3.580637801,       3.284654273,      -4.166758484,       5.066019519,    -0.01650005203,    -0.03185204802,    -0.03317629017,    -0.03275158319,    -0.03277874882,    -0.03485928689,     -0.0359239941,    -0.03232816153,    -0.03612111452,     0.01669227073,     0.01894053736,    0.003871684609,    -0.01908715533,    0.007664323124,     -0.2221178913,      0.2036300998,      -0.256392498,      0.3092462506,      0.4437480737,      0.2157433949,      0.0198814236,      0.2270738861,    -0.01859065711,      0.2400749721,      0.2209724206,      0.2421449962,      0.2926927734,       65.81202311,      -10.58205354,     -0.6728040252,      -10.97255441,      0.4998896021,      -10.85857796,      -9.154672205,      -12.41678039,      -14.17522565
          0,           0,         390,      -1.962435956,      0.3024873278,      0.3658388432,      0.3020594819,       3.521002357,       71.11653136,     -0.1821615107,       1.991700127,     0.04522736278,      0.1253252429,      -24.30966603,      0.5803164557,     -0.2861493954,     0.04522736278,       1.979436974,      -10.93370449,    0.009363790423,    -0.02021616726,    -0.03173949111,    -0.02056723806,    -0.03360312026,    -0.02195573232,    -0.02425093404,    -0.01898483675,    -0.02020778133,      0.4941979467,      0.2183497452,     0.02158640147,      0.2291554829,    -0.01669973694,      0.2530043177,      0.2307088685,      0.2576327711,      0.3037643304,    0.008153264142,     0.01889960141,    0.004061070173,    -0.01902945623,    0.007458806861,     -0.2337546217,      0.2115387341,     -0.2701296919,       0.318029656,   8.701666766e-06,      0.2184027505,    0.001221372506,      -0.236935914,    0.008725304099,      0.5004321092,       -0.45730702,     -0.4755551309,      0.5663330697,      -4.449097866,      -1.446671561,     -0.1766331948,      -1.521498194,      0.1672959568,      -4.129755448,      -3.772642264,      -4.100762703,      -4.879900758,     0.04519475252,      0.1680826646,     0.02455711937,     -0.1702989887,     0.05319831298,      -3.770562105,       3.413038714,      -4.391611044,        5.20871703,    -0.01651336444,    -0.03161600442,     -0.0328257382,     -0.0325321227,    -0.03268307165,    -0.03516686565,    -0.03629206822,    -0.03244227612,    -0.03607788398,    0.008153264142,     0.01889960141,    0.004061070173,    -0.01902945623,    0.007458806861,     -0.2337546217,      0.2115387341,     -0.2701296919,       0.318029656,      0.4940107285,       0.216992472,     0.01989570144,      0.2277650272,    -0.01843550196,      0.2515085098,      0.2291234942,      0.2562861047,      0.3022904384,       52.77755314,      -10.80074884,     -0.6801117698,      -11.14177228,      0.4969698292,      -11.52338323,      -9.513401347,      -13.57044965,      -15.03204758
          0,           0,         395,       -1.90584814,      0.3258886909,      0.3993357288,      0.4213045418,       3.575865661,       71.11653136,     -0.1774197863,       2.062535672,      0.0639065701,      0.1261476736,      -25.23210863,      0.9579115898,     -0.2851214153,      0.0639065701,       2.050423605,      -11.62517279,     0.01248485407,    -0.02015204697,     -0.0318519808,    -0.02047482288,    -0.03364169957,    -0.02141417589,    -0.02342832022,    -0.01906564134,    -0.01987595269,      0.5360772802,      0.2208504876,     0.02200560322,      0.2327377221,    -0.01695192187,      0.2601916738,      0.2459665967,      0.2536835906,      0.3079746401,    0.009668691255,       0.019110146,    0.003181507592,    -0.01935413015,    0.008229382741,     -0.2402678514,      0.2267786495,     -0.2660375969,      0.3225977714,   8.511976592e-06,      0.2209347548,     0.00207397174,     -0.2404906921,    0.009589117541,      0.5120165124,     -0.4858078018,     -0.4664172128,      0.5742405118,      -4.960895252,      -1.463316754,     -0.1794999442,      -1.545386165,      0.1689924973,       -4.24547349,      -4.022700995,      -4.034286661,      -4.949541866,      0.1352990599,      0.1694805442,     0.01860012948,     -0.1725134853,     0.05837415087,      -3.875217586,       3.662504985,      -4.322529252,       5.283913044,    -0.01558837307,    -0.03168285074,    -0.03296001305,    -0.03262731409,    -0.03270839975,    -0.03500220856,    -0.03626910957,    -0.03231628584,    -0.03596686068,    0.009668691255,       0.019110146,    0.003181507592,    -0.01935413015,    0.008229382741,     -0.2402678514,      0.2267786495,     -0.2660375969,      0.3225977714,      0.5359960117,      0.2194931431,     0.02030844144,      0.2313471937,    -0.01868936037,      0.2587143588,      0.2444033645,      0.2523381074,      0.3065123446,       42.93820955,      -10.95920866,     -0.6908707928,      -11.36702004,      0.5038961197,      -12.15044067,      -10.49868682,      -13.30579895,      -15.49483664
          0,           0,         399,      -1.884243829,      0.3530097661,      0.4403810101,      0.4350730126,       3.597942298,       71.11653136,     -0.1752514958,        2.09318067,     0.05223720959,       0.127325592,      -25.68431889,      0.8838240414,     -0.2845599317,     0.05223720959,       2.081140084,      -11.94386764,     0.01338147394,    -0.02014702761,    -0.03185099953,    -0.02051204168,    -0.03365481201,    -0.02108248495,    -0.02311572534,    -0.01871889586,    -0.01955098281,      0.5439953258,        0.22121791,     0.02206156819,      0.2324810528,    -0.01696315252,      0.2670118031,      0.2516057577,      0.2590242204,      0.3127461848,    9.69680711e-05,     0.01911569503,    0.003311255701,    -0.01941316262,     0.00775499832,     -0.2470371552,      0.2322594564,      -0.271360816,      0.3275099698,   9.495551947e-06,       0.221264228,    0.001888505198,     -0.2402176237,    0.009155552501,      0.5245434369,     -0.4962660659,     -0.4762336764,      0.5831817399,      -5.046478807,       -1.46583107,     -0.1798891806,      -1.543701966,      0.1691056441,      -4.355952391,      -4.114518186,      -4.120162887,      -5.026890043,     0.09029850671,      0.1695578142,     0.01943899011,     -0.1729479304,     0.05512160764,       -3.98471529,       3.751633075,      -4.407804384,       5.363241652,    -0.01510738047,    -0.03169706767,    -0.03296196211,    -0.03265104885,    -0.03272090645,    -0.03502791018,    -0.03625207397,    -0.03224952253,    -0.03589205951,    9.69680711e-05,     0.01911569503,    0.003311255701,    -0.01941316262,     0.00775499832,     -0.2470371552,      0.2322594564,      -0.271360816,      0.3275099698,      0.5439501314,      0.2198603246,     0.02036438106,      0.2310889283,    -0.01870126188,      0.2655425007,      0.2500511572,      0.2576895654,      0.3112943576,       40.65287039,      -10.98017605,     -0.6926491638,      -11.33388165,       0.504033495,      -12.66510109,      -10.88461444,      -13.83758007,      -15.99644314
